ISO-10303-21;
HEADER;
FILE_DESCRIPTION (( 'STEP AP214' ),
    '1' );
FILE_NAME ('LM61460AANRJRR.STEP',
    '2023-10-13T06:54:54',
    ( '' ),
    ( '' ),
    'SwSTEP 2.0',
    'SolidWorks 2021',
    '' );
FILE_SCHEMA (( 'AUTOMOTIVE_DESIGN' ));
ENDSEC;

DATA;
#1 = AXIS2_PLACEMENT_3D ( 'NONE', #3028, #764, #7253 ) ;
#2 = CARTESIAN_POINT ( 'NONE',  ( 0.000000000000000000, 0.000000000000000000, 0.000000000000000000 ) ) ;
#3 = CLOSED_SHELL ( 'NONE', ( #6589, #1184, #1362, #1642, #6515, #246, #5409, #2664, #4104, #4528, #2202, #465 ) ) ;
#4 = LINE ( 'NONE', #2472, #3986 ) ;
#5 = EDGE_CURVE ( 'NONE', #723, #6391, #3558, .T. ) ;
#6 = VERTEX_POINT ( 'NONE', #92 ) ;
#7 = CARTESIAN_POINT ( 'NONE',  ( 1.949999999999999734, 0.000000000000000000, -1.350000000000000533 ) ) ;
#8 = LINE ( 'NONE', #4757, #5656 ) ;
#9 = LINE ( 'NONE', #3508, #2584 ) ;
#10 = DIRECTION ( 'NONE',  ( 0.000000000000000000, -1.000000000000000000, 0.000000000000000000 ) ) ;
#11 = VERTEX_POINT ( 'NONE', #7171 ) ;
#12 = EDGE_CURVE ( 'NONE', #2800, #3311, #5937, .T. ) ;
#13 = ORIENTED_EDGE ( 'NONE', *, *, #2006, .F. ) ;
#14 = ADVANCED_FACE ( 'NONE', ( #4810 ), #1333, .F. ) ;
#15 = PLANE ( 'NONE',  #2627 ) ;
#16 = LINE ( 'NONE', #590, #2470 ) ;
#17 = VECTOR ( 'NONE', #1807, 1000.000000000000000 ) ;
#18 = CARTESIAN_POINT ( 'NONE',  ( -1.999999999999999556, 0.1000000000000000056, -1.350000000000000089 ) ) ;
#19 = ORIENTED_EDGE ( 'NONE', *, *, #669, .T. ) ;
#20 = EDGE_LOOP ( 'NONE', ( #1608, #3573, #5348, #2284, #1772, #5739 ) ) ;
#21 = EDGE_CURVE ( 'NONE', #2973, #6800, #798, .T. ) ;
#22 = FACE_OUTER_BOUND ( 'NONE', #1958, .T. ) ;
#23 = LINE ( 'NONE', #5352, #4593 ) ;
#24 = PLANE ( 'NONE',  #7614 ) ;
#25 = AXIS2_PLACEMENT_3D ( 'NONE', #3369, #2826, #3291 ) ;
#26 = ORIENTED_EDGE ( 'NONE', *, *, #4041, .F. ) ;
#27 = CARTESIAN_POINT ( 'NONE',  ( -1.000000000000000222, 2.436067977499789983, 1.749999999999998668 ) ) ;
#28 = CARTESIAN_POINT ( 'NONE',  ( 0.000000000000000000, 0.05000000000000000278, 1.699999999999999734 ) ) ;
#29 = LINE ( 'NONE', #5283, #2338 ) ;
#30 = ORIENTED_EDGE ( 'NONE', *, *, #2998, .T. ) ;
#31 = ORIENTED_EDGE ( 'NONE', *, *, #4302, .F. ) ;
#32 = VECTOR ( 'NONE', #3139, 1000.000000000000000 ) ;
#33 = VERTEX_POINT ( 'NONE', #6018 ) ;
#34 = CARTESIAN_POINT ( 'NONE',  ( -1.500000000000000444, 0.09999999999999982514, -0.3750000000000002220 ) ) ;
#35 = EDGE_CURVE ( 'NONE', #402, #6715, #716, .T. ) ;
#36 = ADVANCED_FACE ( 'NONE', ( #7201 ), #119, .F. ) ;
#37 = ORIENTED_EDGE ( 'NONE', *, *, #1556, .T. ) ;
#38 = CARTESIAN_POINT ( 'NONE',  ( -1.949999999999999734, 0.2000000000000000111, 0.3749999999999992228 ) ) ;
#39 = FACE_OUTER_BOUND ( 'NONE', #6607, .T. ) ;
#40 = ORIENTED_EDGE ( 'NONE', *, *, #922, .F. ) ;
#41 = VECTOR ( 'NONE', #6317, 1000.000000000000000 ) ;
#42 = PLANE ( 'NONE',  #5117 ) ;
#43 = VECTOR ( 'NONE', #4946, 1000.000000000000000 ) ;
#44 = ORIENTED_EDGE ( 'NONE', *, *, #106, .F. ) ;
#45 = CARTESIAN_POINT ( 'NONE',  ( -1.250000000000000000, 0.1000000000000000056, -1.699999999999999512 ) ) ;
#46 = DIRECTION ( 'NONE',  ( 0.000000000000000000, 0.000000000000000000, -1.000000000000000000 ) ) ;
#47 = CARTESIAN_POINT ( 'NONE',  ( 1.800000000000000488, 0.09999999999999982514, -1.350000000000000533 ) ) ;
#48 = CARTESIAN_POINT ( 'NONE',  ( 1.399999999999999911, 0.2000000000000000944, -0.9500000000000002887 ) ) ;
#49 = CARTESIAN_POINT ( 'NONE',  ( 0.000000000000000000, 0.1000000000000000056, 0.000000000000000000 ) ) ;
#50 = VERTEX_POINT ( 'NONE', #745 ) ;
#51 = ORIENTED_EDGE ( 'NONE', *, *, #2534, .T. ) ;
#52 = VECTOR ( 'NONE', #3114, 1000.000000000000000 ) ;
#53 = CARTESIAN_POINT ( 'NONE',  ( -1.700000000000001066, 0.000000000000000000, -0.9499999999999998446 ) ) ;
#54 = DIRECTION ( 'NONE',  ( 0.000000000000000000, 0.000000000000000000, 1.000000000000000000 ) ) ;
#55 = LINE ( 'NONE', #1753, #1716 ) ;
#56 = ADVANCED_FACE ( 'NONE', ( #3698 ), #1203, .F. ) ;
#57 = VERTEX_POINT ( 'NONE', #5924 ) ;
#58 = ORIENTED_EDGE ( 'NONE', *, *, #5188, .T. ) ;
#59 = CARTESIAN_POINT ( 'NONE',  ( 1.800000000000000488, 0.1000000000000000056, 1.349999999999999645 ) ) ;
#60 = PLANE ( 'NONE',  #1635 ) ;
#61 = FACE_OUTER_BOUND ( 'NONE', #4538, .T. ) ;
#62 = ORIENTED_EDGE ( 'NONE', *, *, #655, .T. ) ;
#63 = CARTESIAN_POINT ( 'NONE',  ( -0.7500000000000001110, 0.2000000000000000111, 1.250000000000000444 ) ) ;
#64 = CARTESIAN_POINT ( 'NONE',  ( -1.949999999999999734, 0.05000000000000000278, 0.000000000000000000 ) ) ;
#65 = CARTESIAN_POINT ( 'NONE',  ( -0.5000000000000001110, 2.436067977499789983, -1.250000000000001332 ) ) ;
#66 = ORIENTED_EDGE ( 'NONE', *, *, #3952, .F. ) ;
#67 = ORIENTED_EDGE ( 'NONE', *, *, #3514, .T. ) ;
#68 = VERTEX_POINT ( 'NONE', #1283 ) ;
#69 = CARTESIAN_POINT ( 'NONE',  ( 1.800000000000000266, 2.436067977499789983, -1.750000000000000444 ) ) ;
#70 = ORIENTED_EDGE ( 'NONE', *, *, #7611, .T. ) ;
#71 = DIRECTION ( 'NONE',  ( -1.000000000000000000, 0.000000000000000000, -2.168404344971008474E-15 ) ) ;
#72 = PLANE ( 'NONE',  #7409 ) ;
#73 = EDGE_LOOP ( 'NONE', ( #7243, #300, #409, #2052 ) ) ;
#74 =( LENGTH_UNIT ( ) NAMED_UNIT ( * ) SI_UNIT ( .MILLI., .METRE. ) );
#75 = DIRECTION ( 'NONE',  ( -1.000000000000000000, 0.000000000000000000, 0.000000000000000000 ) ) ;
#76 = ORIENTED_EDGE ( 'NONE', *, *, #201, .T. ) ;
#77 = FACE_OUTER_BOUND ( 'NONE', #5833, .T. ) ;
#78 = LINE ( 'NONE', #3585, #1823 ) ;
#79 = AXIS2_PLACEMENT_3D ( 'NONE', #2167, #498, #5725 ) ;
#80 = DIRECTION ( 'NONE',  ( 0.000000000000000000, 0.000000000000000000, 1.000000000000000000 ) ) ;
#81 = CARTESIAN_POINT ( 'NONE',  ( -1.500000000000000222, 0.2000000000000000944, -1.750000000000000444 ) ) ;
#82 = FACE_OUTER_BOUND ( 'NONE', #6378, .T. ) ;
#83 = VERTEX_POINT ( 'NONE', #2435 ) ;
#84 = ORIENTED_EDGE ( 'NONE', *, *, #1876, .T. ) ;
#85 = EDGE_CURVE ( 'NONE', #4509, #6285, #3624, .T. ) ;
#86 = VECTOR ( 'NONE', #5606, 999.9999999999998863 ) ;
#87 = CARTESIAN_POINT ( 'NONE',  ( -1.949999999999999734, 0.04999999999999999584, -0.3750000000000001110 ) ) ;
#88 = DIRECTION ( 'NONE',  ( -0.000000000000000000, 1.000000000000000000, 0.000000000000000000 ) ) ;
#89 = DIRECTION ( 'NONE',  ( 1.000000000000000000, 0.000000000000000000, -0.000000000000000000 ) ) ;
#90 = VECTOR ( 'NONE', #1454, 1000.000000000000000 ) ;
#91 = ORIENTED_EDGE ( 'NONE', *, *, #5554, .T. ) ;
#92 = CARTESIAN_POINT ( 'NONE',  ( -1.000000000000000444, 0.1000000000000000056, -1.750000000000000444 ) ) ;
#93 = EDGE_CURVE ( 'NONE', #2842, #7217, #2551, .T. ) ;
#94 = VECTOR ( 'NONE', #3519, 1000.000000000000000 ) ;
#95 = LINE ( 'NONE', #3599, #522 ) ;
#96 = LINE ( 'NONE', #2491, #1385 ) ;
#97 = LINE ( 'NONE', #7327, #5534 ) ;
#98 = ORIENTED_EDGE ( 'NONE', *, *, #1709, .F. ) ;
#99 = CARTESIAN_POINT ( 'NONE',  ( -0.5000000000000000000, 0.1000000000000000056, 1.749999999999999556 ) ) ;
#100 = DIRECTION ( 'NONE',  ( -1.000000000000000000, 0.000000000000000000, 0.000000000000000000 ) ) ;
#101 = ORIENTED_EDGE ( 'NONE', *, *, #5165, .T. ) ;
#102 = ORIENTED_EDGE ( 'NONE', *, *, #503, .F. ) ;
#103 = ORIENTED_EDGE ( 'NONE', *, *, #4921, .T. ) ;
#104 =( GEOMETRIC_REPRESENTATION_CONTEXT ( 3 ) GLOBAL_UNCERTAINTY_ASSIGNED_CONTEXT ( ( #2036 ) ) GLOBAL_UNIT_ASSIGNED_CONTEXT ( ( #204, #2599, #6666 ) ) REPRESENTATION_CONTEXT ( 'NONE', 'WORKASPACE' ) );
#105 = DIRECTION ( 'NONE',  ( 0.000000000000000000, 1.000000000000000000, -0.000000000000000000 ) ) ;
#106 = EDGE_CURVE ( 'NONE', #777, #2089, #703, .T. ) ;
#107 = EDGE_LOOP ( 'NONE', ( #1730, #1254, #7371, #5325 ) ) ;
#108 = CARTESIAN_POINT ( 'NONE',  ( 1.999999999999999556, 2.436067977499789983, 0.2000000000000000389 ) ) ;
#109 = PLANE ( 'NONE',  #4812 ) ;
#110 = ORIENTED_EDGE ( 'NONE', *, *, #2662, .F. ) ;
#111 = LINE ( 'NONE', #615, #1036 ) ;
#112 = VECTOR ( 'NONE', #1942, 1000.000000000000000 ) ;
#113 = DIRECTION ( 'NONE',  ( 0.000000000000000000, -1.000000000000000000, 0.000000000000000000 ) ) ;
#114 = ORIENTED_EDGE ( 'NONE', *, *, #1876, .F. ) ;
#115 = EDGE_CURVE ( 'NONE', #3881, #4976, #1320, .T. ) ;
#116 = PLANE ( 'NONE',  #6896 ) ;
#117 = VECTOR ( 'NONE', #6124, 1000.000000000000000 ) ;
#118 = CIRCLE ( 'NONE', #4442, 0.1499999999999999667 ) ;
#119 = PLANE ( 'NONE',  #1982 ) ;
#120 = DIRECTION ( 'NONE',  ( 0.000000000000000000, 1.000000000000000000, 0.000000000000000000 ) ) ;
#121 = DIRECTION ( 'NONE',  ( -0.000000000000000000, -1.000000000000000000, -0.000000000000000000 ) ) ;
#122 = VERTEX_POINT ( 'NONE', #2476 ) ;
#123 = AXIS2_PLACEMENT_3D ( 'NONE', #1250, #1750, #5383 ) ;
#124 = DIRECTION ( 'NONE',  ( 0.000000000000000000, 1.000000000000000000, -0.000000000000000000 ) ) ;
#125 = DIRECTION ( 'NONE',  ( 0.000000000000000000, 0.000000000000000000, -1.000000000000000000 ) ) ;
#126 = EDGE_CURVE ( 'NONE', #2702, #2438, #6006, .T. ) ;
#127 = ADVANCED_FACE ( 'NONE', ( #7236 ), #6085, .F. ) ;
#128 = LINE ( 'NONE', #2484, #866 ) ;
#129 = ORIENTED_EDGE ( 'NONE', *, *, #5010, .T. ) ;
#130 = ORIENTED_EDGE ( 'NONE', *, *, #4560, .T. ) ;
#131 = ORIENTED_EDGE ( 'NONE', *, *, #3237, .T. ) ;
#132 = EDGE_CURVE ( 'NONE', #1779, #3006, #3010, .T. ) ;
#133 = DIRECTION ( 'NONE',  ( 0.000000000000000000, 0.000000000000000000, -1.000000000000000000 ) ) ;
#134 = AXIS2_PLACEMENT_3D ( 'NONE', #2846, #3388, #5764 ) ;
#135 = DIRECTION ( 'NONE',  ( 0.000000000000000000, 1.000000000000000000, 0.000000000000000000 ) ) ;
#136 = DIRECTION ( 'NONE',  ( -1.000000000000000000, 0.000000000000000000, 0.000000000000000000 ) ) ;
#137 = ORIENTED_EDGE ( 'NONE', *, *, #2092, .F. ) ;
#138 = CARTESIAN_POINT ( 'NONE',  ( -1.000000000000000222, 2.436067977499789983, 1.250000000000000444 ) ) ;
#139 = DIRECTION ( 'NONE',  ( -1.000000000000000000, 0.000000000000000000, 0.000000000000000000 ) ) ;
#140 = VECTOR ( 'NONE', #6757, 1000.000000000000000 ) ;
#141 = ORIENTED_EDGE ( 'NONE', *, *, #6555, .T. ) ;
#142 = ORIENTED_EDGE ( 'NONE', *, *, #5391, .F. ) ;
#143 = ORIENTED_EDGE ( 'NONE', *, *, #2896, .F. ) ;
#144 = VECTOR ( 'NONE', #1905, 1000.000000000000000 ) ;
#145 = AXIS2_PLACEMENT_3D ( 'NONE', #2529, #5044, #2038 ) ;
#146 = CARTESIAN_POINT ( 'NONE',  ( 0.6500000000000000222, 0.2000000000000000111, -1.750000000000000444 ) ) ;
#147 = EDGE_CURVE ( 'NONE', #2281, #1673, #3045, .T. ) ;
#148 = VERTEX_POINT ( 'NONE', #4211 ) ;
#149 = CARTESIAN_POINT ( 'NONE',  ( 1.949999999999999734, 2.436067977499789983, 1.349999999999999645 ) ) ;
#150 = DIRECTION ( 'NONE',  ( -0.000000000000000000, -0.000000000000000000, -1.000000000000000000 ) ) ;
#151 = ORIENTED_EDGE ( 'NONE', *, *, #5187, .T. ) ;
#152 = ADVANCED_FACE ( 'NONE', ( #6499 ), #3085, .T. ) ;
#153 = DIRECTION ( 'NONE',  ( 0.000000000000000000, 1.000000000000000000, -0.000000000000000000 ) ) ;
#154 = AXIS2_PLACEMENT_3D ( 'NONE', #2271, #2769, #5210 ) ;
#155 = VECTOR ( 'NONE', #4539, 1000.000000000000000 ) ;
#156 = LINE ( 'NONE', #5454, #2518 ) ;
#157 = VERTEX_POINT ( 'NONE', #3128 ) ;
#158 =( LENGTH_UNIT ( ) NAMED_UNIT ( * ) SI_UNIT ( .MILLI., .METRE. ) );
#159 = STYLED_ITEM ( 'NONE', ( #2007 ), #6429 ) ;
#160 = DIRECTION ( 'NONE',  ( -1.000000000000000000, 0.000000000000000000, -0.000000000000000000 ) ) ;
#161 = LINE ( 'NONE', #7270, #6928 ) ;
#162 = CARTESIAN_POINT ( 'NONE',  ( -1.999999999999999556, 0.2000000000000000111, -0.3750000000000001110 ) ) ;
#163 = EDGE_CURVE ( 'NONE', #6063, #2297, #6659, .T. ) ;
#164 = DIRECTION ( 'NONE',  ( 0.000000000000000000, 1.000000000000000000, 0.000000000000000000 ) ) ;
#165 = VERTEX_POINT ( 'NONE', #6621 ) ;
#166 = COLOUR_RGB ( '',0.7921568627450980005, 0.8196078431372548767, 0.9333333333333333481 ) ;
#167 = CARTESIAN_POINT ( 'NONE',  ( -0.7500000000000001110, 0.04999999999999999584, -1.699999999999999512 ) ) ;
#168 = PLANE ( 'NONE',  #3551 ) ;
#169 = DIRECTION ( 'NONE',  ( 0.000000000000000000, 0.000000000000000000, 1.000000000000000000 ) ) ;
#170 = EDGE_LOOP ( 'NONE', ( #5920, #6131, #1084, #479 ) ) ;
#171 = ORIENTED_EDGE ( 'NONE', *, *, #3800, .T. ) ;
#172 = VECTOR ( 'NONE', #6895, 1000.000000000000000 ) ;
#173 = ORIENTED_EDGE ( 'NONE', *, *, #7053, .T. ) ;
#174 = EDGE_CURVE ( 'NONE', #6837, #3499, #5460, .T. ) ;
#175 = DIRECTION ( 'NONE',  ( -1.000000000000000000, -0.000000000000000000, -0.000000000000000000 ) ) ;
#176 = EDGE_CURVE ( 'NONE', #2879, #2084, #161, .T. ) ;
#177 = DIRECTION ( 'NONE',  ( 0.000000000000000000, 0.000000000000000000, 1.000000000000000000 ) ) ;
#178 = CARTESIAN_POINT ( 'NONE',  ( 0.000000000000000000, 0.1000000000000000056, 0.000000000000000000 ) ) ;
#179 = ORIENTED_EDGE ( 'NONE', *, *, #6688, .T. ) ;
#180 = DIRECTION ( 'NONE',  ( 0.000000000000000000, 0.000000000000000000, 1.000000000000000000 ) ) ;
#181 = CARTESIAN_POINT ( 'NONE',  ( 0.2499999999999999445, 0.2000000000000000111, 0.9499999999999995115 ) ) ;
#182 = VERTEX_POINT ( 'NONE', #4878 ) ;
#183 = EDGE_CURVE ( 'NONE', #3478, #4707, #1935, .T. ) ;
#184 = EDGE_LOOP ( 'NONE', ( #4421, #7224, #5003, #7210, #3068, #3254 ) ) ;
#185 = ORIENTED_EDGE ( 'NONE', *, *, #3904, .F. ) ;
#186 = CARTESIAN_POINT ( 'NONE',  ( -1.999999999999999556, 0.2000000000000000111, 0.3749999999999992228 ) ) ;
#187 = DIRECTION ( 'NONE',  ( -0.000000000000000000, -1.000000000000000000, -0.000000000000000000 ) ) ;
#188 = ORIENTED_EDGE ( 'NONE', *, *, #3616, .F. ) ;
#189 = DIRECTION ( 'NONE',  ( -1.000000000000000000, 0.000000000000000000, 0.000000000000000000 ) ) ;
#190 = DIRECTION ( 'NONE',  ( 0.000000000000000000, 0.000000000000000000, 1.000000000000000000 ) ) ;
#191 = ORIENTED_EDGE ( 'NONE', *, *, #6946, .F. ) ;
#192 =( NAMED_UNIT ( * ) PLANE_ANGLE_UNIT ( ) SI_UNIT ( $, .RADIAN. ) );
#193 = CARTESIAN_POINT ( 'NONE',  ( -1.000000000000000222, 0.2000000000000000944, 1.749999999999998668 ) ) ;
#194 = EDGE_LOOP ( 'NONE', ( #1287, #6925, #1156, #2374 ) ) ;
#195 = ADVANCED_FACE ( 'NONE', ( #1979 ), #4758, .F. ) ;
#196 = FILL_AREA_STYLE ('',( #4370 ) ) ;
#197 = PLANE ( 'NONE',  #3659 ) ;
#198 = DIRECTION ( 'NONE',  ( 0.000000000000000000, 0.000000000000000000, 1.000000000000000000 ) ) ;
#199 = LINE ( 'NONE', #3161, #4808 ) ;
#200 = DIRECTION ( 'NONE',  ( -1.000000000000000000, 0.000000000000000000, 0.000000000000000000 ) ) ;
#201 = EDGE_CURVE ( 'NONE', #805, #1381, #2743, .T. ) ;
#202 = ORIENTED_EDGE ( 'NONE', *, *, #2730, .F. ) ;
#203 = DIRECTION ( 'NONE',  ( 0.000000000000000000, 0.000000000000000000, 1.000000000000000000 ) ) ;
#204 =( LENGTH_UNIT ( ) NAMED_UNIT ( * ) SI_UNIT ( .MILLI., .METRE. ) );
#205 = DIRECTION ( 'NONE',  ( -0.000000000000000000, -1.000000000000000000, -0.000000000000000000 ) ) ;
#206 = LINE ( 'NONE', #2562, #6576 ) ;
#207 = VERTEX_POINT ( 'NONE', #313 ) ;
#208 = VECTOR ( 'NONE', #2017, 1000.000000000000000 ) ;
#209 = ORIENTED_EDGE ( 'NONE', *, *, #3758, .T. ) ;
#210 = VERTEX_POINT ( 'NONE', #939 ) ;
#211 = CARTESIAN_POINT ( 'NONE',  ( -1.500000000000000222, 0.05000000000000000278, 0.000000000000000000 ) ) ;
#212 = LINE ( 'NONE', #7326, #1259 ) ;
#213 = VECTOR ( 'NONE', #2452, 1000.000000000000000 ) ;
#214 = ADVANCED_FACE ( 'NONE', ( #3738 ), #6777, .T. ) ;
#215 = PLANE ( 'NONE',  #5155 ) ;
#216 = AXIS2_PLACEMENT_3D ( 'NONE', #4176, #6314, #2745 ) ;
#217 = ORIENTED_EDGE ( 'NONE', *, *, #802, .T. ) ;
#218 = CARTESIAN_POINT ( 'NONE',  ( 1.949999999999999734, 0.05000000000000000278, 0.000000000000000000 ) ) ;
#219 = VECTOR ( 'NONE', #5886, 1000.000000000000000 ) ;
#220 = ORIENTED_EDGE ( 'NONE', *, *, #6304, .T. ) ;
#221 = VERTEX_POINT ( 'NONE', #5583 ) ;
#222 = ORIENTED_EDGE ( 'NONE', *, *, #6826, .T. ) ;
#223 = CARTESIAN_POINT ( 'NONE',  ( 1.949999999999999734, 0.2000000000000000111, 0.9499999999999995115 ) ) ;
#224 = DIRECTION ( 'NONE',  ( -0.000000000000000000, -1.000000000000000000, 0.000000000000000000 ) ) ;
#225 = ORIENTED_EDGE ( 'NONE', *, *, #3452, .F. ) ;
#226 = CARTESIAN_POINT ( 'NONE',  ( 1.949999999999999734, 0.05000000000000000278, 0.9499999999999995115 ) ) ;
#227 = DIRECTION ( 'NONE',  ( 0.000000000000000000, 1.000000000000000000, 0.000000000000000000 ) ) ;
#228 = EDGE_CURVE ( 'NONE', #1025, #4448, #3203, .T. ) ;
#229 = VERTEX_POINT ( 'NONE', #1553 ) ;
#230 = EDGE_CURVE ( 'NONE', #3648, #6802, #2593, .T. ) ;
#231 = DIRECTION ( 'NONE',  ( 0.000000000000000000, 0.000000000000000000, -1.000000000000000000 ) ) ;
#232 = DIRECTION ( 'NONE',  ( 1.000000000000000000, 0.000000000000000000, -1.084202172485505790E-16 ) ) ;
#233 = ORIENTED_EDGE ( 'NONE', *, *, #1097, .F. ) ;
#234 = EDGE_CURVE ( 'NONE', #5512, #4146, #350, .T. ) ;
#235 = LINE ( 'NONE', #5457, #1681 ) ;
#236 = ORIENTED_EDGE ( 'NONE', *, *, #4064, .T. ) ;
#237 = DIRECTION ( 'NONE',  ( 0.000000000000000000, 0.000000000000000000, 1.000000000000000000 ) ) ;
#238 = CARTESIAN_POINT ( 'NONE',  ( 0.000000000000000000, 0.2000000000000000111, 0.000000000000000000 ) ) ;
#239 = FACE_OUTER_BOUND ( 'NONE', #6765, .T. ) ;
#240 =( NAMED_UNIT ( * ) PLANE_ANGLE_UNIT ( ) SI_UNIT ( $, .RADIAN. ) );
#241 = ORIENTED_EDGE ( 'NONE', *, *, #4330, .T. ) ;
#242 = VECTOR ( 'NONE', #712, 1000.000000000000000 ) ;
#243 = DIRECTION ( 'NONE',  ( -0.000000000000000000, 1.000000000000000000, 0.000000000000000000 ) ) ;
#244 = ADVANCED_FACE ( 'NONE', ( #2094 ), #6240, .F. ) ;
#245 = CARTESIAN_POINT ( 'NONE',  ( -1.000000000000000222, 0.2000000000000000944, -1.250000000000001332 ) ) ;
#246 = ADVANCED_FACE ( 'NONE', ( #5109 ), #4993, .F. ) ;
#247 = CARTESIAN_POINT ( 'NONE',  ( 1.800000000000000266, 0.1000000000000000056, -1.699999999999999512 ) ) ;
#248 = ORIENTED_EDGE ( 'NONE', *, *, #2116, .T. ) ;
#249 = EDGE_CURVE ( 'NONE', #4139, #252, #5653, .T. ) ;
#250 = VECTOR ( 'NONE', #1439, 1000.000000000000000 ) ;
#251 = VERTEX_POINT ( 'NONE', #902 ) ;
#252 = VERTEX_POINT ( 'NONE', #279 ) ;
#253 = AXIS2_PLACEMENT_3D ( 'NONE', #4328, #976, #6855 ) ;
#254 = CARTESIAN_POINT ( 'NONE',  ( -1.999999999999999556, 7.315072906367324990, -1.750000000000000444 ) ) ;
#255 = CARTESIAN_POINT ( 'NONE',  ( -1.500000000000000222, 0.2000000000000000944, 1.749999999999999556 ) ) ;
#256 = FACE_OUTER_BOUND ( 'NONE', #5664, .T. ) ;
#257 = ORIENTED_EDGE ( 'NONE', *, *, #5852, .F. ) ;
#258 = CARTESIAN_POINT ( 'NONE',  ( 1.999999999999999556, 0.2000000000000000944, -0.1999999999999999833 ) ) ;
#259 = ORIENTED_EDGE ( 'NONE', *, *, #1709, .T. ) ;
#260 = EDGE_CURVE ( 'NONE', #2615, #1342, #3244, .T. ) ;
#261 = ORIENTED_EDGE ( 'NONE', *, *, #2443, .F. ) ;
#262 = AXIS2_PLACEMENT_3D ( 'NONE', #7261, #892, #6731 ) ;
#263 = EDGE_LOOP ( 'NONE', ( #6035, #3133, #4270, #3041 ) ) ;
#264 = LINE ( 'NONE', #7258, #1285 ) ;
#265 = LINE ( 'NONE', #6609, #3404 ) ;
#266 = VERTEX_POINT ( 'NONE', #4451 ) ;
#267 = CARTESIAN_POINT ( 'NONE',  ( 0.6500000000000000222, 0.2000000000000000111, -0.9500000000000003997 ) ) ;
#268 = CARTESIAN_POINT ( 'NONE',  ( 1.949999999999999734, 0.1000000000000000056, 1.699999999999999734 ) ) ;
#269 = ORIENTED_EDGE ( 'NONE', *, *, #6196, .F. ) ;
#270 = AXIS2_PLACEMENT_3D ( 'NONE', #5561, #5633, #1494 ) ;
#271 = CARTESIAN_POINT ( 'NONE',  ( -0.5000000000000002220, 0.1000000000000000056, 1.699999999999999734 ) ) ;
#272 = DIRECTION ( 'NONE',  ( -1.084202172485505790E-16, 0.000000000000000000, -1.000000000000000000 ) ) ;
#273 = ORIENTED_EDGE ( 'NONE', *, *, #6093, .T. ) ;
#274 = EDGE_CURVE ( 'NONE', #3791, #3971, #2634, .T. ) ;
#275 = EDGE_CURVE ( 'NONE', #7057, #5103, #1516, .T. ) ;
#276 = PRESENTATION_STYLE_ASSIGNMENT (( #2513 ) ) ;
#277 = EDGE_LOOP ( 'NONE', ( #1293, #2943, #248, #1802, #7126, #6613 ) ) ;
#278 = CARTESIAN_POINT ( 'NONE',  ( -1.250000000000000222, 0.05000000000000000278, 1.699999999999999734 ) ) ;
#279 = CARTESIAN_POINT ( 'NONE',  ( -0.5000000000000001110, 0.2000000000000000111, -1.250000000000001332 ) ) ;
#280 = VECTOR ( 'NONE', #4772, 1000.000000000000000 ) ;
#281 = CARTESIAN_POINT ( 'NONE',  ( -1.250000000000000222, 0.2000000000000000944, 1.250000000000000444 ) ) ;
#282 = ORIENTED_EDGE ( 'NONE', *, *, #353, .F. ) ;
#283 = AXIS2_PLACEMENT_3D ( 'NONE', #2639, #7276, #791 ) ;
#284 = CARTESIAN_POINT ( 'NONE',  ( -1.649999999999999467, 1.000000000000000000, -1.550000000000000488 ) ) ;
#285 = PLANE ( 'NONE',  #6782 ) ;
#286 = LINE ( 'NONE', #1365, #2455 ) ;
#287 = CARTESIAN_POINT ( 'NONE',  ( -1.999999999999999556, 0.2000000000000000111, 0.9499999999999990674 ) ) ;
#288 = ORIENTED_EDGE ( 'NONE', *, *, #2827, .T. ) ;
#289 = VECTOR ( 'NONE', #3506, 1000.000000000000000 ) ;
#290 = ORIENTED_EDGE ( 'NONE', *, *, #4862, .T. ) ;
#291 = ORIENTED_EDGE ( 'NONE', *, *, #2211, .F. ) ;
#292 = LINE ( 'NONE', #1950, #32 ) ;
#293 = LINE ( 'NONE', #2110, #4838 ) ;
#294 = EDGE_CURVE ( 'NONE', #251, #6548, #2136, .T. ) ;
#295 = CARTESIAN_POINT ( 'NONE',  ( -1.949999999999999734, 2.436067977499789983, -0.3750000000000001110 ) ) ;
#296 = VERTEX_POINT ( 'NONE', #5617 ) ;
#297 = LINE ( 'NONE', #2076, #7551 ) ;
#298 = VECTOR ( 'NONE', #6763, 1000.000000000000000 ) ;
#299 = EDGE_CURVE ( 'NONE', #3530, #4340, #2668, .T. ) ;
#300 = ORIENTED_EDGE ( 'NONE', *, *, #7458, .F. ) ;
#301 = ORIENTED_EDGE ( 'NONE', *, *, #5188, .F. ) ;
#302 = LINE ( 'NONE', #2081, #52 ) ;
#303 = CARTESIAN_POINT ( 'NONE',  ( 0.2500000000000000000, 0.1000000000000000056, -1.750000000000000444 ) ) ;
#304 = CARTESIAN_POINT ( 'NONE',  ( -1.700000000000001066, 0.04999999999999999584, -0.9499999999999998446 ) ) ;
#305 = ORIENTED_EDGE ( 'NONE', *, *, #6555, .F. ) ;
#306 = LINE ( 'NONE', #4943, #1248 ) ;
#307 = DIRECTION ( 'NONE',  ( -1.000000000000000000, 0.000000000000000000, -8.673617379884035472E-16 ) ) ;
#308 = CARTESIAN_POINT ( 'NONE',  ( -1.850000000000000311, 2.436067977499789983, 1.749999999999999556 ) ) ;
#309 = LINE ( 'NONE', #1434, #797 ) ;
#310 = ORIENTED_EDGE ( 'NONE', *, *, #2738, .T. ) ;
#311 = ORIENTED_EDGE ( 'NONE', *, *, #2189, .T. ) ;
#312 = LINE ( 'NONE', #2020, #2804 ) ;
#313 = CARTESIAN_POINT ( 'NONE',  ( -1.500000000000000222, 0.04999999999999999584, 0.1499999999999999667 ) ) ;
#314 = CARTESIAN_POINT ( 'NONE',  ( -1.250000000000000222, 0.000000000000000000, 1.250000000000000444 ) ) ;
#315 = CARTESIAN_POINT ( 'NONE',  ( -1.649999999999999467, 0.9000000000000000222, -1.550000000000000488 ) ) ;
#316 = CARTESIAN_POINT ( 'NONE',  ( -1.250000000000000222, 0.04999999999999999584, -1.699999999999999512 ) ) ;
#317 = CARTESIAN_POINT ( 'NONE',  ( 0.000000000000000000, 0.1000000000000000056, 0.000000000000000000 ) ) ;
#318 = DIRECTION ( 'NONE',  ( 1.000000000000000000, -0.000000000000000000, 0.000000000000000000 ) ) ;
#319 = VERTEX_POINT ( 'NONE', #7390 ) ;
#320 = EDGE_CURVE ( 'NONE', #6789, #6098, #1475, .T. ) ;
#321 = ORIENTED_EDGE ( 'NONE', *, *, #1764, .T. ) ;
#322 = ORIENTED_EDGE ( 'NONE', *, *, #4830, .T. ) ;
#323 = UNCERTAINTY_MEASURE_WITH_UNIT (LENGTH_MEASURE( 1.000000000000000082E-05 ), #2397, 'distance_accuracy_value', 'NONE');
#324 = CARTESIAN_POINT ( 'NONE',  ( 1.800000000000000488, 0.000000000000000000, -1.350000000000000533 ) ) ;
#325 = EDGE_CURVE ( 'NONE', #2756, #3117, #3779, .T. ) ;
#326 = CARTESIAN_POINT ( 'NONE',  ( -1.649999999999999467, 0.9000000000000000222, -1.400000000000000355 ) ) ;
#327 = DIRECTION ( 'NONE',  ( 0.000000000000000000, -0.000000000000000000, -1.000000000000000000 ) ) ;
#328 = ORIENTED_EDGE ( 'NONE', *, *, #5858, .F. ) ;
#329 = CARTESIAN_POINT ( 'NONE',  ( -0.7500000000000002220, 0.1000000000000000056, -1.750000000000000444 ) ) ;
#330 = VECTOR ( 'NONE', #1743, 1000.000000000000000 ) ;
#331 = ADVANCED_FACE ( 'NONE', ( #2058 ), #1159, .F. ) ;
#332 = ORIENTED_EDGE ( 'NONE', *, *, #3878, .T. ) ;
#333 = VECTOR ( 'NONE', #5168, 1000.000000000000000 ) ;
#334 = CARTESIAN_POINT ( 'NONE',  ( 1.800000000000000488, 0.2000000000000000111, -1.350000000000000533 ) ) ;
#335 = FACE_OUTER_BOUND ( 'NONE', #2427, .T. ) ;
#336 = CARTESIAN_POINT ( 'NONE',  ( 1.949999999999999734, 0.000000000000000000, 0.000000000000000000 ) ) ;
#337 = ORIENTED_EDGE ( 'NONE', *, *, #2514, .F. ) ;
#338 = CARTESIAN_POINT ( 'NONE',  ( -0.7500000000000001110, 2.436067977499789983, 1.749999999999999556 ) ) ;
#339 = LINE ( 'NONE', #6732, #5806 ) ;
#340 = EDGE_CURVE ( 'NONE', #809, #972, #6415, .T. ) ;
#341 = LINE ( 'NONE', #2200, #6242 ) ;
#342 = VECTOR ( 'NONE', #7426, 1000.000000000000000 ) ;
#343 = EDGE_CURVE ( 'NONE', #2033, #5564, #3464, .T. ) ;
#344 = LINE ( 'NONE', #2240, #4622 ) ;
#345 = ORIENTED_EDGE ( 'NONE', *, *, #3290, .F. ) ;
#346 = EDGE_CURVE ( 'NONE', #6321, #157, #2781, .T. ) ;
#347 = PLANE ( 'NONE',  #957 ) ;
#348 = VERTEX_POINT ( 'NONE', #6968 ) ;
#349 = PLANE ( 'NONE',  #7134 ) ;
#350 = LINE ( 'NONE', #1399, #1727 ) ;
#351 = DIRECTION ( 'NONE',  ( 0.000000000000000000, 0.000000000000000000, -1.000000000000000000 ) ) ;
#352 = DIRECTION ( 'NONE',  ( -1.000000000000000000, 0.000000000000000000, 0.000000000000000000 ) ) ;
#353 = EDGE_CURVE ( 'NONE', #4663, #1487, #7503, .T. ) ;
#354 = DIRECTION ( 'NONE',  ( 0.000000000000000000, 1.000000000000000000, 0.000000000000000000 ) ) ;
#355 = LINE ( 'NONE', #4643, #3428 ) ;
#356 = STYLED_ITEM ( 'NONE', ( #4835 ), #3969 ) ;
#357 = DIRECTION ( 'NONE',  ( 0.000000000000000000, -1.000000000000000000, 0.000000000000000000 ) ) ;
#358 = DIRECTION ( 'NONE',  ( 0.000000000000000000, -0.000000000000000000, 1.000000000000000000 ) ) ;
#359 = ORIENTED_EDGE ( 'NONE', *, *, #343, .T. ) ;
#360 = ORIENTED_EDGE ( 'NONE', *, *, #3092, .F. ) ;
#361 = VECTOR ( 'NONE', #7623, 1000.000000000000000 ) ;
#362 = ORIENTED_EDGE ( 'NONE', *, *, #5509, .T. ) ;
#363 = LINE ( 'NONE', #1026, #5336 ) ;
#364 = EDGE_CURVE ( 'NONE', #5081, #728, #3973, .T. ) ;
#365 = EDGE_CURVE ( 'NONE', #7618, #5650, #3501, .T. ) ;
#366 = AXIS2_PLACEMENT_3D ( 'NONE', #426, #4165, #1894 ) ;
#367 = CARTESIAN_POINT ( 'NONE',  ( -1.949999999999999734, 2.436067977499789983, 0.1500000000000000222 ) ) ;
#368 = CARTESIAN_POINT ( 'NONE',  ( -0.7500000000000001110, 2.436067977499789983, -1.699999999999999512 ) ) ;
#369 = EDGE_LOOP ( 'NONE', ( #4897, #1096, #2419, #5343, #3214, #4119 ) ) ;
#370 = CARTESIAN_POINT ( 'NONE',  ( 1.949999999999999734, 0.1000000000000000056, -0.9500000000000003997 ) ) ;
#371 = VECTOR ( 'NONE', #625, 1000.000000000000000 ) ;
#372 = EDGE_CURVE ( 'NONE', #1410, #68, #5182, .T. ) ;
#373 = AXIS2_PLACEMENT_3D ( 'NONE', #4373, #6818, #3160 ) ;
#374 = CARTESIAN_POINT ( 'NONE',  ( 0.000000000000000000, 0.000000000000000000, 0.000000000000000000 ) ) ;
#375 = FILL_AREA_STYLE_COLOUR ( '', #5721 ) ;
#376 = CARTESIAN_POINT ( 'NONE',  ( -0.7500000000000001110, 0.2000000000000000944, 1.250000000000000444 ) ) ;
#377 = EDGE_LOOP ( 'NONE', ( #37, #7293, #762, #7306, #1715, #4010 ) ) ;
#378 = CARTESIAN_POINT ( 'NONE',  ( 2.000000000000000444, 0.1000000000000000056, 1.749999999999999556 ) ) ;
#379 = LINE ( 'NONE', #3923, #2493 ) ;
#380 = LINE ( 'NONE', #4985, #43 ) ;
#381 = ORIENTED_EDGE ( 'NONE', *, *, #1295, .F. ) ;
#382 = CARTESIAN_POINT ( 'NONE',  ( -1.250000000000000222, 0.2000000000000000111, -1.250000000000001332 ) ) ;
#383 = VERTEX_POINT ( 'NONE', #2209 ) ;
#384 = EDGE_CURVE ( 'NONE', #2438, #1374, #4638, .T. ) ;
#385 = DIRECTION ( 'NONE',  ( 1.000000000000000000, 0.000000000000000000, 1.807003620809175371E-16 ) ) ;
#386 = VECTOR ( 'NONE', #6808, 1000.000000000000000 ) ;
#387 = VERTEX_POINT ( 'NONE', #6890 ) ;
#388 = DIRECTION ( 'NONE',  ( -0.000000000000000000, 0.000000000000000000, 1.000000000000000000 ) ) ;
#389 = EDGE_CURVE ( 'NONE', #4851, #846, #6380, .T. ) ;
#390 = EDGE_CURVE ( 'NONE', #6364, #983, #4670, .T. ) ;
#391 = DIRECTION ( 'NONE',  ( 1.000000000000000000, 0.000000000000000000, 0.000000000000000000 ) ) ;
#392 = FACE_OUTER_BOUND ( 'NONE', #4298, .T. ) ;
#393 = CARTESIAN_POINT ( 'NONE',  ( -1.999999999999999556, 0.1000000000000000056, -0.3750000000000001110 ) ) ;
#394 = PLANE ( 'NONE',  #2376 ) ;
#395 = VECTOR ( 'NONE', #7512, 1000.000000000000000 ) ;
#396 = AXIS2_PLACEMENT_3D ( 'NONE', #1062, #518, #6907 ) ;
#397 = EDGE_CURVE ( 'NONE', #5279, #2281, #5256, .T. ) ;
#398 = FACE_OUTER_BOUND ( 'NONE', #3735, .T. ) ;
#399 = DIRECTION ( 'NONE',  ( 0.000000000000000000, 0.000000000000000000, -1.000000000000000000 ) ) ;
#400 = VERTEX_POINT ( 'NONE', #2246 ) ;
#401 = VECTOR ( 'NONE', #3525, 1000.000000000000000 ) ;
#402 = VERTEX_POINT ( 'NONE', #4561 ) ;
#403 = VECTOR ( 'NONE', #7325, 1000.000000000000000 ) ;
#404 = ORIENTED_EDGE ( 'NONE', *, *, #7081, .F. ) ;
#405 = CARTESIAN_POINT ( 'NONE',  ( 1.949999999999999734, 0.1000000000000000056, -1.699999999999999512 ) ) ;
#406 = CARTESIAN_POINT ( 'NONE',  ( -1.000000000000000222, 0.000000000000000000, 1.250000000000000444 ) ) ;
#407 = CARTESIAN_POINT ( 'NONE',  ( 0.000000000000000000, 0.05000000000000000278, 0.000000000000000000 ) ) ;
#408 = DIRECTION ( 'NONE',  ( 1.000000000000000000, 0.000000000000000000, 0.000000000000000000 ) ) ;
#409 = ORIENTED_EDGE ( 'NONE', *, *, #6433, .F. ) ;
#410 = VECTOR ( 'NONE', #3476, 1000.000000000000000 ) ;
#411 = CARTESIAN_POINT ( 'NONE',  ( 2.000000000000000444, 2.436067977499789983, -1.350000000000000533 ) ) ;
#412 = PLANE ( 'NONE',  #3121 ) ;
#413 = DIRECTION ( 'NONE',  ( 0.000000000000000000, 1.000000000000000000, 0.000000000000000000 ) ) ;
#414 = ORIENTED_EDGE ( 'NONE', *, *, #5953, .T. ) ;
#415 = PLANE ( 'NONE',  #3577 ) ;
#416 = LINE ( 'NONE', #7026, #2135 ) ;
#417 = DIRECTION ( 'NONE',  ( 1.000000000000000000, 0.000000000000000000, 0.000000000000000000 ) ) ;
#418 = DIRECTION ( 'NONE',  ( -1.000000000000000000, 0.000000000000000000, -0.000000000000000000 ) ) ;
#419 = ADVANCED_FACE ( 'NONE', ( #1629 ), #3389, .T. ) ;
#420 = VERTEX_POINT ( 'NONE', #7000 ) ;
#421 = VECTOR ( 'NONE', #6079, 1000.000000000000000 ) ;
#422 = EDGE_LOOP ( 'NONE', ( #6738, #6028, #819, #2970 ) ) ;
#423 = DIRECTION ( 'NONE',  ( 1.000000000000000000, 0.000000000000000000, -0.000000000000000000 ) ) ;
#424 = ORIENTED_EDGE ( 'NONE', *, *, #7611, .F. ) ;
#425 = CARTESIAN_POINT ( 'NONE',  ( -1.250000000000000222, 0.2000000000000000111, 1.250000000000000444 ) ) ;
#426 = CARTESIAN_POINT ( 'NONE',  ( 1.399999999999999911, 2.436067977499789983, -1.750000000000000444 ) ) ;
#427 = FILL_AREA_STYLE ('',( #4128 ) ) ;
#428 = CARTESIAN_POINT ( 'NONE',  ( 0.000000000000000000, 0.1000000000000000056, 0.000000000000000000 ) ) ;
#429 = EDGE_CURVE ( 'NONE', #2686, #1832, #5290, .T. ) ;
#430 = DIRECTION ( 'NONE',  ( -0.000000000000000000, 0.000000000000000000, 1.000000000000000000 ) ) ;
#431 = SURFACE_STYLE_USAGE ( .BOTH. , #1521 ) ;
#432 = EDGE_CURVE ( 'NONE', #5026, #3542, #2317, .T. ) ;
#433 = LINE ( 'NONE', #6280, #1599 ) ;
#434 = DIRECTION ( 'NONE',  ( -1.000000000000000000, 0.000000000000000000, 0.000000000000000000 ) ) ;
#435 = ORIENTED_EDGE ( 'NONE', *, *, #4456, .F. ) ;
#436 = ORIENTED_EDGE ( 'NONE', *, *, #2553, .F. ) ;
#437 = VERTEX_POINT ( 'NONE', #2848 ) ;
#438 = FACE_OUTER_BOUND ( 'NONE', #875, .T. ) ;
#439 = LINE ( 'NONE', #367, #1508 ) ;
#440 = DIRECTION ( 'NONE',  ( 1.000000000000000000, 0.000000000000000000, -0.000000000000000000 ) ) ;
#441 = FACE_OUTER_BOUND ( 'NONE', #422, .T. ) ;
#442 = VERTEX_POINT ( 'NONE', #1051 ) ;
#443 = EDGE_CURVE ( 'NONE', #6969, #6285, #6313, .T. ) ;
#444 = PLANE ( 'NONE',  #6027 ) ;
#445 = CARTESIAN_POINT ( 'NONE',  ( 2.000000000000000444, 0.2000000000000000944, -1.350000000000000533 ) ) ;
#446 = VECTOR ( 'NONE', #5910, 1000.000000000000000 ) ;
#447 = DIRECTION ( 'NONE',  ( -0.000000000000000000, -1.000000000000000000, -0.000000000000000000 ) ) ;
#448 = VERTEX_POINT ( 'NONE', #5221 ) ;
#449 = CARTESIAN_POINT ( 'NONE',  ( 1.949999999999999734, 0.1000000000000000056, -1.699999999999999512 ) ) ;
#450 = DIRECTION ( 'NONE',  ( -0.000000000000000000, -1.000000000000000000, -0.000000000000000000 ) ) ;
#451 = PLANE ( 'NONE',  #3814 ) ;
#452 = VECTOR ( 'NONE', #3498, 1000.000000000000000 ) ;
#453 = EDGE_LOOP ( 'NONE', ( #4354, #5551, #3760, #5908, #3136, #282 ) ) ;
#454 = ORIENTED_EDGE ( 'NONE', *, *, #2403, .T. ) ;
#455 = VERTEX_POINT ( 'NONE', #2283 ) ;
#456 = DIRECTION ( 'NONE',  ( -0.000000000000000000, 0.000000000000000000, -1.000000000000000000 ) ) ;
#457 = ADVANCED_FACE ( 'NONE', ( #1698 ), #4048, .F. ) ;
#458 = ADVANCED_FACE ( 'NONE', ( #3650 ), #5327, .T. ) ;
#459 = ORIENTED_EDGE ( 'NONE', *, *, #2955, .F. ) ;
#460 = CARTESIAN_POINT ( 'NONE',  ( 1.800000000000000488, 0.2000000000000000111, 1.349999999999999645 ) ) ;
#461 = AXIS2_PLACEMENT_3D ( 'NONE', #1337, #3715, #1916 ) ;
#462 = DIRECTION ( 'NONE',  ( 0.000000000000000000, 0.000000000000000000, 1.000000000000000000 ) ) ;
#463 = ORIENTED_EDGE ( 'NONE', *, *, #1973, .T. ) ;
#464 = DIRECTION ( 'NONE',  ( 0.000000000000000000, -1.000000000000000000, 0.000000000000000000 ) ) ;
#465 = ADVANCED_FACE ( 'NONE', ( #39 ), #109, .F. ) ;
#466 = DIRECTION ( 'NONE',  ( -1.000000000000000000, 0.000000000000000000, 0.000000000000000000 ) ) ;
#467 = VECTOR ( 'NONE', #1933, 1000.000000000000000 ) ;
#468 = LINE ( 'NONE', #7545, #5344 ) ;
#469 = LINE ( 'NONE', #6974, #600 ) ;
#470 = CARTESIAN_POINT ( 'NONE',  ( 0.2499999999999999445, 0.2000000000000000111, 1.749999999999999556 ) ) ;
#471 = CARTESIAN_POINT ( 'NONE',  ( 2.000000000000000444, 7.315072906367324990, -1.750000000000000444 ) ) ;
#472 = ORIENTED_EDGE ( 'NONE', *, *, #1687, .F. ) ;
#473 = EDGE_LOOP ( 'NONE', ( #2170, #7110, #7468, #4550, #2805, #5257 ) ) ;
#474 = PRESENTATION_LAYER_ASSIGNMENT (  '', '', ( #1470 ) ) ;
#475 = DIRECTION ( 'NONE',  ( 0.000000000000000000, 0.000000000000000000, -1.000000000000000000 ) ) ;
#476 = CARTESIAN_POINT ( 'NONE',  ( -1.500000000000000222, 0.000000000000000000, -0.1500000000000000222 ) ) ;
#477 = DIRECTION ( 'NONE',  ( 1.000000000000000000, 0.000000000000000000, -0.000000000000000000 ) ) ;
#478 = EDGE_CURVE ( 'NONE', #5105, #6940, #2426, .T. ) ;
#479 = ORIENTED_EDGE ( 'NONE', *, *, #4369, .F. ) ;
#480 = VECTOR ( 'NONE', #1174, 1000.000000000000000 ) ;
#481 = DIRECTION ( 'NONE',  ( 0.000000000000000000, -1.000000000000000000, 0.000000000000000000 ) ) ;
#482 = VECTOR ( 'NONE', #5575, 1000.000000000000000 ) ;
#483 = CARTESIAN_POINT ( 'NONE',  ( -1.649999999999999467, 1.000000000000000000, -1.250000000000000444 ) ) ;
#484 = VECTOR ( 'NONE', #3680, 1000.000000000000000 ) ;
#485 = LINE ( 'NONE', #2413, #4907 ) ;
#486 = VERTEX_POINT ( 'NONE', #1852 ) ;
#487 = CARTESIAN_POINT ( 'NONE',  ( -0.5000000000000001110, 2.436067977499789983, -1.750000000000000444 ) ) ;
#488 = ADVANCED_FACE ( 'NONE', ( #3614 ), #3575, .F. ) ;
#489 = CARTESIAN_POINT ( 'NONE',  ( -0.5000000000000001110, 0.000000000000000000, 1.250000000000000444 ) ) ;
#490 = DIRECTION ( 'NONE',  ( 0.000000000000000000, 0.000000000000000000, 1.000000000000000000 ) ) ;
#491 = AXIS2_PLACEMENT_3D ( 'NONE', #1192, #4203, #3078 ) ;
#492 = ADVANCED_FACE ( 'NONE', ( #653 ), #3538, .T. ) ;
#493 = VECTOR ( 'NONE', #5309, 1000.000000000000000 ) ;
#494 = VERTEX_POINT ( 'NONE', #2390 ) ;
#495 = ORIENTED_EDGE ( 'NONE', *, *, #6913, .T. ) ;
#496 = CARTESIAN_POINT ( 'NONE',  ( 0.6500000000000000222, 2.436067977499789983, 1.749999999999999556 ) ) ;
#497 = ORIENTED_EDGE ( 'NONE', *, *, #4254, .T. ) ;
#498 = DIRECTION ( 'NONE',  ( -0.000000000000000000, 0.000000000000000000, -1.000000000000000000 ) ) ;
#499 = VERTEX_POINT ( 'NONE', #1774 ) ;
#500 = FACE_OUTER_BOUND ( 'NONE', #6979, .T. ) ;
#501 = DIRECTION ( 'NONE',  ( 0.000000000000000000, -1.000000000000000000, 0.000000000000000000 ) ) ;
#502 = ORIENTED_EDGE ( 'NONE', *, *, #7633, .T. ) ;
#503 = EDGE_CURVE ( 'NONE', #33, #5677, #4709, .T. ) ;
#504 = EDGE_CURVE ( 'NONE', #1648, #567, #1926, .T. ) ;
#505 = LINE ( 'NONE', #2815, #1161 ) ;
#506 = EDGE_CURVE ( 'NONE', #805, #2106, #7151, .T. ) ;
#507 = VECTOR ( 'NONE', #5955, 1000.000000000000000 ) ;
#508 = DIRECTION ( 'NONE',  ( -1.084202172485505790E-16, 0.000000000000000000, -1.000000000000000000 ) ) ;
#509 = PRESENTATION_STYLE_ASSIGNMENT (( #431 ) ) ;
#510 = LINE ( 'NONE', #5925, #371 ) ;
#511 = CARTESIAN_POINT ( 'NONE',  ( 0.000000000000000000, 0.2000000000000000111, 0.000000000000000000 ) ) ;
#512 = VERTEX_POINT ( 'NONE', #4826 ) ;
#513 = VECTOR ( 'NONE', #3640, 1000.000000000000000 ) ;
#514 = ORIENTED_EDGE ( 'NONE', *, *, #3898, .F. ) ;
#515 = EDGE_CURVE ( 'NONE', #3853, #6768, #7644, .T. ) ;
#516 = VECTOR ( 'NONE', #3754, 1000.000000000000000 ) ;
#517 = DIRECTION ( 'NONE',  ( 0.000000000000000000, -1.000000000000000000, 0.000000000000000000 ) ) ;
#518 = DIRECTION ( 'NONE',  ( 0.000000000000000000, 0.000000000000000000, 1.000000000000000000 ) ) ;
#519 = FACE_OUTER_BOUND ( 'NONE', #5497, .T. ) ;
#520 = ORIENTED_EDGE ( 'NONE', *, *, #696, .F. ) ;
#521 = VECTOR ( 'NONE', #1390, 1000.000000000000000 ) ;
#522 = VECTOR ( 'NONE', #2450, 1000.000000000000000 ) ;
#523 = ADVANCED_FACE ( 'NONE', ( #5914 ), #691, .T. ) ;
#524 = CARTESIAN_POINT ( 'NONE',  ( 0.000000000000000000, 0.1000000000000000056, 0.000000000000000000 ) ) ;
#525 = VECTOR ( 'NONE', #5313, 1000.000000000000000 ) ;
#526 = LINE ( 'NONE', #5713, #6212 ) ;
#527 = DIRECTION ( 'NONE',  ( -0.000000000000000000, 0.000000000000000000, -1.000000000000000000 ) ) ;
#528 = ORIENTED_EDGE ( 'NONE', *, *, #4970, .T. ) ;
#529 = DIRECTION ( 'NONE',  ( 0.000000000000000000, -0.000000000000000000, 1.000000000000000000 ) ) ;
#530 = CARTESIAN_POINT ( 'NONE',  ( -1.850000000000000311, 0.2000000000000000111, 1.749999999999999556 ) ) ;
#531 = ADVANCED_FACE ( 'NONE', ( #1808 ), #1311, .T. ) ;
#532 = LINE ( 'NONE', #5247, #4061 ) ;
#533 = VECTOR ( 'NONE', #3845, 1000.000000000000000 ) ;
#534 = VERTEX_POINT ( 'NONE', #4751 ) ;
#535 = VERTEX_POINT ( 'NONE', #5366 ) ;
#536 = VERTEX_POINT ( 'NONE', #735 ) ;
#537 = LINE ( 'NONE', #2881, #452 ) ;
#538 = EDGE_LOOP ( 'NONE', ( #143, #3619, #130, #7323 ) ) ;
#539 = CARTESIAN_POINT ( 'NONE',  ( -1.500000000000000222, 0.2000000000000000111, 0.9499999999999990674 ) ) ;
#540 = CARTESIAN_POINT ( 'NONE',  ( -1.250000000000000222, 2.436067977499789983, 1.250000000000000444 ) ) ;
#541 = ORIENTED_EDGE ( 'NONE', *, *, #1751, .T. ) ;
#542 = MECHANICAL_DESIGN_GEOMETRIC_PRESENTATION_REPRESENTATION (  '', ( #4237 ), #1535 ) ;
#543 = DIRECTION ( 'NONE',  ( 0.000000000000000000, -1.000000000000000000, 0.000000000000000000 ) ) ;
#544 = DIRECTION ( 'NONE',  ( -1.000000000000000000, 0.000000000000000000, 0.000000000000000000 ) ) ;
#545 =( NAMED_UNIT ( * ) PLANE_ANGLE_UNIT ( ) SI_UNIT ( $, .RADIAN. ) );
#546 = SURFACE_STYLE_USAGE ( .BOTH. , #699 ) ;
#547 = DIRECTION ( 'NONE',  ( 0.000000000000000000, 1.000000000000000000, 0.000000000000000000 ) ) ;
#548 = DIRECTION ( 'NONE',  ( 1.000000000000000000, -0.000000000000000000, 0.000000000000000000 ) ) ;
#549 = ORIENTED_EDGE ( 'NONE', *, *, #3355, .T. ) ;
#550 = ORIENTED_EDGE ( 'NONE', *, *, #5852, .T. ) ;
#551 = LINE ( 'NONE', #2294, #1757 ) ;
#552 = CARTESIAN_POINT ( 'NONE',  ( -1.700000000000001066, 0.1000000000000000056, -0.9499999999999998446 ) ) ;
#553 = ADVANCED_FACE ( 'NONE', ( #7229 ), #72, .F. ) ;
#554 = CARTESIAN_POINT ( 'NONE',  ( 1.999999999999999556, 0.2000000000000000111, 0.2000000000000000389 ) ) ;
#555 = VERTEX_POINT ( 'NONE', #2958 ) ;
#556 = EDGE_CURVE ( 'NONE', #536, #7571, #3691, .T. ) ;
#557 = CARTESIAN_POINT ( 'NONE',  ( 0.000000000000000000, 0.000000000000000000, 1.699999999999999734 ) ) ;
#558 = PLANE ( 'NONE',  #2488 ) ;
#559 = LINE ( 'NONE', #597, #3285 ) ;
#560 = ORIENTED_EDGE ( 'NONE', *, *, #3429, .F. ) ;
#561 = LINE ( 'NONE', #1180, #6203 ) ;
#562 = CARTESIAN_POINT ( 'NONE',  ( 1.949999999999999734, 0.1000000000000000056, -0.1999999999999998723 ) ) ;
#563 = DIRECTION ( 'NONE',  ( 1.000000000000000000, 0.000000000000000000, 0.000000000000000000 ) ) ;
#564 = EDGE_CURVE ( 'NONE', #5957, #1581, #3119, .T. ) ;
#565 = VERTEX_POINT ( 'NONE', #2011 ) ;
#566 = EDGE_LOOP ( 'NONE', ( #4635, #4948, #1624, #3997 ) ) ;
#567 = VERTEX_POINT ( 'NONE', #3232 ) ;
#568 = LINE ( 'NONE', #5287, #1071 ) ;
#569 = ORIENTED_EDGE ( 'NONE', *, *, #4541, .T. ) ;
#570 = CARTESIAN_POINT ( 'NONE',  ( 0.000000000000000000, 0.2000000000000000111, 0.000000000000000000 ) ) ;
#571 = ADVANCED_FACE ( 'NONE', ( #4983 ), #815, .T. ) ;
#572 = DIRECTION ( 'NONE',  ( 0.000000000000000000, 0.000000000000000000, -1.000000000000000000 ) ) ;
#573 = VERTEX_POINT ( 'NONE', #855 ) ;
#574 = EDGE_CURVE ( 'NONE', #1374, #2813, #4364, .T. ) ;
#575 = VECTOR ( 'NONE', #2739, 1000.000000000000000 ) ;
#576 = EDGE_CURVE ( 'NONE', #7339, #7370, #2544, .T. ) ;
#577 = DIRECTION ( 'NONE',  ( 0.000000000000000000, 1.000000000000000000, 0.000000000000000000 ) ) ;
#578 = ORIENTED_EDGE ( 'NONE', *, *, #390, .F. ) ;
#579 = AXIS2_PLACEMENT_3D ( 'NONE', #1796, #6438, #4034 ) ;
#580 = CARTESIAN_POINT ( 'NONE',  ( -1.500000000000000222, 0.2000000000000000944, 0.1499999999999999667 ) ) ;
#581 = VECTOR ( 'NONE', #867, 1000.000000000000000 ) ;
#582 = LINE ( 'NONE', #4172, #1207 ) ;
#583 = DIRECTION ( 'NONE',  ( 0.000000000000000000, 0.000000000000000000, 1.000000000000000000 ) ) ;
#584 = CARTESIAN_POINT ( 'NONE',  ( -1.999999999999999556, 0.2000000000000000111, -0.9499999999999998446 ) ) ;
#585 = ORIENTED_EDGE ( 'NONE', *, *, #2307, .F. ) ;
#586 = VECTOR ( 'NONE', #3275, 1000.000000000000000 ) ;
#587 = ADVANCED_FACE ( 'NONE', ( #5058 ), #5609, .F. ) ;
#588 = ORIENTED_EDGE ( 'NONE', *, *, #5442, .F. ) ;
#589 = CARTESIAN_POINT ( 'NONE',  ( -1.500000000000000222, 0.1000000000000000056, 1.699999999999999734 ) ) ;
#590 = CARTESIAN_POINT ( 'NONE',  ( -1.500000000000000222, 0.2000000000000000111, 0.1499999999999999667 ) ) ;
#591 = DIRECTION ( 'NONE',  ( 0.000000000000000000, 0.000000000000000000, 1.000000000000000000 ) ) ;
#592 = ORIENTED_EDGE ( 'NONE', *, *, #1432, .F. ) ;
#593 = EDGE_CURVE ( 'NONE', #4068, #442, #339, .T. ) ;
#594 = ADVANCED_FACE ( 'NONE', ( #3730 ), #2581, .F. ) ;
#595 = DIRECTION ( 'NONE',  ( 0.000000000000000000, -1.000000000000000000, 0.000000000000000000 ) ) ;
#596 = PLANE ( 'NONE',  #2850 ) ;
#597 = CARTESIAN_POINT ( 'NONE',  ( 0.6500000000000000222, 0.05000000000000000278, 0.000000000000000000 ) ) ;
#598 = ORIENTED_EDGE ( 'NONE', *, *, #576, .T. ) ;
#599 = FACE_OUTER_BOUND ( 'NONE', #107, .T. ) ;
#600 = VECTOR ( 'NONE', #1670, 1000.000000000000000 ) ;
#601 = CARTESIAN_POINT ( 'NONE',  ( 0.000000000000000000, 0.2000000000000000111, 0.000000000000000000 ) ) ;
#602 = EDGE_CURVE ( 'NONE', #3671, #3311, #7262, .T. ) ;
#603 = CARTESIAN_POINT ( 'NONE',  ( -1.949999999999999734, 0.1000000000000000056, -1.699999999999999512 ) ) ;
#604 = EDGE_LOOP ( 'NONE', ( #5560, #4127, #6761, #2993 ) ) ;
#605 = ORIENTED_EDGE ( 'NONE', *, *, #5853, .T. ) ;
#606 = VECTOR ( 'NONE', #6395, 1000.000000000000000 ) ;
#607 = ORIENTED_EDGE ( 'NONE', *, *, #2565, .F. ) ;
#608 = CARTESIAN_POINT ( 'NONE',  ( -0.2000000000000005662, 2.436067977499789983, -0.2000000000000000111 ) ) ;
#609 = VECTOR ( 'NONE', #2172, 1000.000000000000000 ) ;
#610 = ORIENTED_EDGE ( 'NONE', *, *, #4262, .F. ) ;
#611 = LINE ( 'NONE', #108, #1868 ) ;
#612 = CARTESIAN_POINT ( 'NONE',  ( -1.500000000000000444, 0.2000000000000000111, -0.6750000000000000444 ) ) ;
#613 = VERTEX_POINT ( 'NONE', #7300 ) ;
#614 = VECTOR ( 'NONE', #547, 1000.000000000000000 ) ;
#615 = CARTESIAN_POINT ( 'NONE',  ( 1.399999999999999911, 2.436067977499789983, -1.750000000000000444 ) ) ;
#616 = VECTOR ( 'NONE', #7120, 1000.000000000000000 ) ;
#617 = CARTESIAN_POINT ( 'NONE',  ( -0.5000000000000001110, 0.2000000000000000111, 1.250000000000000444 ) ) ;
#618 = EDGE_LOOP ( 'NONE', ( #6032, #878, #549, #1803 ) ) ;
#619 = ADVANCED_FACE ( 'NONE', ( #6767 ), #3270, .T. ) ;
#620 = LINE ( 'NONE', #5227, #1277 ) ;
#621 = FACE_OUTER_BOUND ( 'NONE', #2479, .T. ) ;
#622 = ADVANCED_FACE ( 'NONE', ( #3849 ), #3811, .F. ) ;
#623 = LINE ( 'NONE', #4133, #5400 ) ;
#624 = DIRECTION ( 'NONE',  ( 0.000000000000000000, -1.000000000000000000, 0.000000000000000000 ) ) ;
#625 = DIRECTION ( 'NONE',  ( 0.000000000000000000, 0.000000000000000000, 1.000000000000000000 ) ) ;
#626 = FACE_OUTER_BOUND ( 'NONE', #184, .T. ) ;
#627 = ORIENTED_EDGE ( 'NONE', *, *, #2457, .T. ) ;
#628 = ORIENTED_EDGE ( 'NONE', *, *, #3455, .T. ) ;
#629 = VECTOR ( 'NONE', #4201, 1000.000000000000000 ) ;
#630 = EDGE_CURVE ( 'NONE', #4365, #2091, #4902, .T. ) ;
#631 = LINE ( 'NONE', #2977, #4720 ) ;
#632 = CARTESIAN_POINT ( 'NONE',  ( -0.2000000000000005107, 0.2000000000000000111, 0.2000000000000000389 ) ) ;
#633 = VECTOR ( 'NONE', #5407, 1000.000000000000000 ) ;
#634 = DIRECTION ( 'NONE',  ( -1.000000000000000000, 0.000000000000000000, 0.000000000000000000 ) ) ;
#635 = ORIENTED_EDGE ( 'NONE', *, *, #7029, .T. ) ;
#636 = DIRECTION ( 'NONE',  ( -1.000000000000000000, 0.000000000000000000, 0.000000000000000000 ) ) ;
#637 = LINE ( 'NONE', #6517, #3048 ) ;
#638 = DIRECTION ( 'NONE',  ( 1.000000000000000000, 0.000000000000000000, -0.000000000000000000 ) ) ;
#639 = DIRECTION ( 'NONE',  ( 0.000000000000000000, -0.000000000000000000, 1.000000000000000000 ) ) ;
#640 = VECTOR ( 'NONE', #5195, 1000.000000000000000 ) ;
#641 = VECTOR ( 'NONE', #2332, 1000.000000000000000 ) ;
#642 = ORIENTED_EDGE ( 'NONE', *, *, #2771, .F. ) ;
#643 = CARTESIAN_POINT ( 'NONE',  ( 1.399999999999999911, 0.2000000000000000111, 0.9499999999999995115 ) ) ;
#644 = DIRECTION ( 'NONE',  ( 1.000000000000000000, 0.000000000000000000, -0.000000000000000000 ) ) ;
#645 = DIRECTION ( 'NONE',  ( -0.000000000000000000, 0.000000000000000000, 1.000000000000000000 ) ) ;
#646 = VERTEX_POINT ( 'NONE', #893 ) ;
#647 = VERTEX_POINT ( 'NONE', #3887 ) ;
#648 = VECTOR ( 'NONE', #5041, 1000.000000000000000 ) ;
#649 = ORIENTED_EDGE ( 'NONE', *, *, #5744, .F. ) ;
#650 = CARTESIAN_POINT ( 'NONE',  ( -1.250000000000000222, 0.2000000000000000111, -1.749999999999999778 ) ) ;
#651 = ORIENTED_EDGE ( 'NONE', *, *, #2042, .T. ) ;
#652 = PLANE ( 'NONE',  #4579 ) ;
#653 = FACE_OUTER_BOUND ( 'NONE', #2350, .T. ) ;
#654 = ORIENTED_EDGE ( 'NONE', *, *, #2997, .F. ) ;
#655 = EDGE_CURVE ( 'NONE', #400, #7238, #6692, .T. ) ;
#656 = PRESENTATION_LAYER_ASSIGNMENT (  '', '', ( #6342 ) ) ;
#657 = DIRECTION ( 'NONE',  ( 5.421010862427523156E-16, 0.000000000000000000, -1.000000000000000000 ) ) ;
#658 = DIRECTION ( 'NONE',  ( 0.000000000000000000, -1.000000000000000000, 0.000000000000000000 ) ) ;
#659 = ORIENTED_EDGE ( 'NONE', *, *, #7148, .T. ) ;
#660 = LINE ( 'NONE', #1742, #2018 ) ;
#661 = FILL_AREA_STYLE_COLOUR ( '', #5790 ) ;
#662 = VECTOR ( 'NONE', #1969, 1000.000000000000000 ) ;
#663 = DIRECTION ( 'NONE',  ( 0.000000000000000000, -1.000000000000000000, 0.000000000000000000 ) ) ;
#664 = DIRECTION ( 'NONE',  ( -0.000000000000000000, 0.000000000000000000, -1.000000000000000000 ) ) ;
#665 = CARTESIAN_POINT ( 'NONE',  ( -1.949999999999999734, 0.1000000000000000056, -1.699999999999999512 ) ) ;
#666 = VECTOR ( 'NONE', #7044, 1000.000000000000000 ) ;
#667 = CARTESIAN_POINT ( 'NONE',  ( -1.999999999999999556, 2.436067977499789983, -0.1499999999999999667 ) ) ;
#668 = VERTEX_POINT ( 'NONE', #1544 ) ;
#669 = EDGE_CURVE ( 'NONE', #4769, #2386, #7379, .T. ) ;
#670 = ORIENTED_EDGE ( 'NONE', *, *, #1332, .T. ) ;
#671 = VECTOR ( 'NONE', #5795, 1000.000000000000000 ) ;
#672 = LINE ( 'NONE', #2368, #5223 ) ;
#673 = CARTESIAN_POINT ( 'NONE',  ( -1.949999999999999734, 0.1000000000000000056, 1.699999999999999734 ) ) ;
#674 = DIRECTION ( 'NONE',  ( -0.000000000000000000, -1.000000000000000000, -0.000000000000000000 ) ) ;
#675 = ORIENTED_EDGE ( 'NONE', *, *, #4728, .F. ) ;
#676 = ORIENTED_EDGE ( 'NONE', *, *, #1145, .F. ) ;
#677 = CARTESIAN_POINT ( 'NONE',  ( 1.800000000000000266, 0.2000000000000000111, -1.750000000000000444 ) ) ;
#678 = DIRECTION ( 'NONE',  ( -0.000000000000000000, 0.000000000000000000, -1.000000000000000000 ) ) ;
#679 = CARTESIAN_POINT ( 'NONE',  ( -1.250000000000000222, 0.2000000000000000111, 1.250000000000000444 ) ) ;
#680 = VERTEX_POINT ( 'NONE', #6809 ) ;
#681 = CARTESIAN_POINT ( 'NONE',  ( 0.000000000000000000, 0.000000000000000000, 0.000000000000000000 ) ) ;
#682 = LINE ( 'NONE', #7631, #3843 ) ;
#683 = CARTESIAN_POINT ( 'NONE',  ( 0.000000000000000000, 0.05000000000000000278, 1.349999999999999645 ) ) ;
#684 = ORIENTED_EDGE ( 'NONE', *, *, #6743, .T. ) ;
#685 = ADVANCED_FACE ( 'NONE', ( #6231 ), #931, .F. ) ;
#686 = VERTEX_POINT ( 'NONE', #966 ) ;
#687 = ORIENTED_EDGE ( 'NONE', *, *, #6985, .F. ) ;
#688 = DIRECTION ( 'NONE',  ( -0.000000000000000000, -1.000000000000000000, -0.000000000000000000 ) ) ;
#689 = ORIENTED_EDGE ( 'NONE', *, *, #2730, .T. ) ;
#690 = CARTESIAN_POINT ( 'NONE',  ( -0.5000000000000001110, 0.2000000000000000111, -1.699999999999999512 ) ) ;
#691 = PLANE ( 'NONE',  #6546 ) ;
#692 = ORIENTED_EDGE ( 'NONE', *, *, #6528, .T. ) ;
#693 = LINE ( 'NONE', #5494, #4809 ) ;
#694 = CARTESIAN_POINT ( 'NONE',  ( 2.000000000000000444, 0.1000000000000000056, -1.750000000000000444 ) ) ;
#695 = ORIENTED_EDGE ( 'NONE', *, *, #5359, .T. ) ;
#696 = EDGE_CURVE ( 'NONE', #6351, #348, #5492, .T. ) ;
#697 = EDGE_CURVE ( 'NONE', #1059, #1779, #2306, .T. ) ;
#698 = DIRECTION ( 'NONE',  ( 1.000000000000000000, -0.000000000000000000, 0.000000000000000000 ) ) ;
#699 = SURFACE_SIDE_STYLE ('',( #7198 ) ) ;
#700 = CLOSED_SHELL ( 'NONE', ( #7088, #2774, #6753, #6912, #1100, #4950, #492, #1738, #5589, #5935, #6349, #5142, #6125, #4014, #7040, #6775, #905, #1964, #1522, #5329, #3873, #2847, #2114, #1733, #152, #7549, #3157, #2700, #5141, #1297, #7284, #531, #5500, #523, #4012, #458, #706, #1022, #619, #4741, #1008, #6283, #4380, #4805, #3240, #214, #6157, #4297, #7304, #941, #6288, #2298, #7080, #1756, #1787, #5063, #6644, #4875, #1151, #1643, #3407, #5881, #984, #6721, #4949, #3381, #1707, #3867, #1549, #1815, #3305, #5994, #2425, #3074, #6655, #7180, #2747, #4935, #7550, #331, #6236, #2370, #6412, #7411, #6630, #729, #1264, #2555, #6873, #587, #4733, #3050, #5868, #1800, #5380, #6624, #3421, #5482, #244, #14, #2100, #6678, #4335, #5422, #2677, #6857, #1076, #7049, #4674, #2541, #1169, #5748, #6111, #2589 ) ) ;
#701 = DIRECTION ( 'NONE',  ( 0.000000000000000000, 0.000000000000000000, -1.000000000000000000 ) ) ;
#702 = VECTOR ( 'NONE', #3584, 1000.000000000000000 ) ;
#703 = LINE ( 'NONE', #2967, #3943 ) ;
#704 = DIRECTION ( 'NONE',  ( 1.000000000000000000, 0.000000000000000000, -1.084202172485505790E-16 ) ) ;
#705 = CARTESIAN_POINT ( 'NONE',  ( -1.500000000000000444, 0.1000000000000000056, -0.3750000000000002220 ) ) ;
#706 = ADVANCED_FACE ( 'NONE', ( #1615 ), #6879, .F. ) ;
#707 = ORIENTED_EDGE ( 'NONE', *, *, #1906, .F. ) ;
#708 = VECTOR ( 'NONE', #1499, 1000.000000000000000 ) ;
#709 = PRESENTATION_LAYER_ASSIGNMENT (  '', '', ( #5030 ) ) ;
#710 = DIRECTION ( 'NONE',  ( -0.000000000000000000, 0.000000000000000000, 1.000000000000000000 ) ) ;
#711 = CARTESIAN_POINT ( 'NONE',  ( -0.5000000000000000000, 0.1000000000000000056, 1.749999999999999556 ) ) ;
#712 = DIRECTION ( 'NONE',  ( -0.000000000000000000, 1.000000000000000000, 0.000000000000000000 ) ) ;
#713 = VECTOR ( 'NONE', #3402, 1000.000000000000000 ) ;
#714 = ORIENTED_EDGE ( 'NONE', *, *, #3492, .T. ) ;
#715 = ORIENTED_EDGE ( 'NONE', *, *, #4880, .F. ) ;
#716 = LINE ( 'NONE', #3138, #3206 ) ;
#717 = EDGE_CURVE ( 'NONE', #1410, #5439, #7529, .T. ) ;
#718 = VECTOR ( 'NONE', #5436, 1000.000000000000000 ) ;
#719 = CARTESIAN_POINT ( 'NONE',  ( 0.6500000000000000222, 0.000000000000000000, -1.699999999999999512 ) ) ;
#720 = CARTESIAN_POINT ( 'NONE',  ( -1.999999999999999556, 0.1000000000000000056, 0.1499999999999999667 ) ) ;
#721 = EDGE_CURVE ( 'NONE', #4146, #4097, #379, .T. ) ;
#722 = FACE_OUTER_BOUND ( 'NONE', #5883, .T. ) ;
#723 = VERTEX_POINT ( 'NONE', #7566 ) ;
#724 = PLANE ( 'NONE',  #1130 ) ;
#725 = LINE ( 'NONE', #5945, #2226 ) ;
#726 = ORIENTED_EDGE ( 'NONE', *, *, #734, .F. ) ;
#727 = VERTEX_POINT ( 'NONE', #6403 ) ;
#728 = VERTEX_POINT ( 'NONE', #3961 ) ;
#729 = ADVANCED_FACE ( 'NONE', ( #6957 ), #3302, .F. ) ;
#730 = VECTOR ( 'NONE', #1558, 1000.000000000000000 ) ;
#731 = DIRECTION ( 'NONE',  ( 0.000000000000000000, 0.000000000000000000, -1.000000000000000000 ) ) ;
#732 = ORIENTED_EDGE ( 'NONE', *, *, #6046, .F. ) ;
#733 = LINE ( 'NONE', #149, #1497 ) ;
#734 = EDGE_CURVE ( 'NONE', #2459, #3644, #1040, .T. ) ;
#735 = CARTESIAN_POINT ( 'NONE',  ( 1.800000000000000266, 0.2000000000000000111, 1.749999999999999556 ) ) ;
#736 = VERTEX_POINT ( 'NONE', #1002 ) ;
#737 = DIRECTION ( 'NONE',  ( 1.000000000000000000, -0.000000000000000000, 0.000000000000000000 ) ) ;
#738 = VECTOR ( 'NONE', #1523, 1000.000000000000000 ) ;
#739 = LINE ( 'NONE', #4248, #421 ) ;
#740 = ORIENTED_EDGE ( 'NONE', *, *, #593, .F. ) ;
#741 = VECTOR ( 'NONE', #307, 1000.000000000000000 ) ;
#742 = DIRECTION ( 'NONE',  ( 1.000000000000000000, 0.000000000000000000, 2.168404344971012566E-16 ) ) ;
#743 = CARTESIAN_POINT ( 'NONE',  ( 0.2499999999999999445, 2.436067977499789983, -0.9500000000000003997 ) ) ;
#744 = VECTOR ( 'NONE', #5399, 1000.000000000000000 ) ;
#745 = CARTESIAN_POINT ( 'NONE',  ( -1.949999999999999734, 0.000000000000000000, -0.1499999999999999667 ) ) ;
#746 = CARTESIAN_POINT ( 'NONE',  ( -1.949999999999999734, 0.05000000000000000278, 0.000000000000000000 ) ) ;
#747 = DIRECTION ( 'NONE',  ( -1.000000000000000000, 0.000000000000000000, 2.168404344971012566E-16 ) ) ;
#748 = EDGE_CURVE ( 'NONE', #7213, #2347, #4074, .T. ) ;
#749 = VECTOR ( 'NONE', #1736, 1000.000000000000000 ) ;
#750 = ORIENTED_EDGE ( 'NONE', *, *, #4616, .T. ) ;
#751 = EDGE_CURVE ( 'NONE', #3340, #7335, #1577, .T. ) ;
#752 = CARTESIAN_POINT ( 'NONE',  ( -1.500000000000000444, 2.436067977499789983, 0.3749999999999993339 ) ) ;
#753 = LINE ( 'NONE', #1909, #7166 ) ;
#754 = CARTESIAN_POINT ( 'NONE',  ( -1.500000000000000444, 0.2000000000000000111, -0.3750000000000002220 ) ) ;
#755 = ORIENTED_EDGE ( 'NONE', *, *, #5089, .F. ) ;
#756 = ORIENTED_EDGE ( 'NONE', *, *, #2519, .T. ) ;
#757 = ORIENTED_EDGE ( 'NONE', *, *, #1663, .T. ) ;
#758 = DIRECTION ( 'NONE',  ( 1.000000000000000000, 0.000000000000000000, -0.000000000000000000 ) ) ;
#759 = CIRCLE ( 'NONE', #5079, 0.1499999999999999667 ) ;
#760 = CARTESIAN_POINT ( 'NONE',  ( -1.500000000000000444, 2.436067977499789983, -0.3750000000000002220 ) ) ;
#761 = PLANE ( 'NONE',  #3782 ) ;
#762 = ORIENTED_EDGE ( 'NONE', *, *, #669, .F. ) ;
#763 = CARTESIAN_POINT ( 'NONE',  ( -1.250000000000000000, 0.1000000000000000056, 1.699999999999999734 ) ) ;
#764 = DIRECTION ( 'NONE',  ( 0.000000000000000000, 1.000000000000000000, 0.000000000000000000 ) ) ;
#765 = EDGE_CURVE ( 'NONE', #5448, #4177, #2198, .T. ) ;
#766 = ORIENTED_EDGE ( 'NONE', *, *, #4241, .F. ) ;
#767 = ORIENTED_EDGE ( 'NONE', *, *, #5971, .T. ) ;
#768 = ORIENTED_EDGE ( 'NONE', *, *, #2077, .T. ) ;
#769 = CARTESIAN_POINT ( 'NONE',  ( -1.500000000000000222, 0.2000000000000000111, -0.1500000000000000222 ) ) ;
#770 = VECTOR ( 'NONE', #3027, 1000.000000000000000 ) ;
#771 = VECTOR ( 'NONE', #6834, 1000.000000000000000 ) ;
#772 = LINE ( 'NONE', #2578, #6511 ) ;
#773 = EDGE_CURVE ( 'NONE', #7294, #1431, #3413, .T. ) ;
#774 = ORIENTED_EDGE ( 'NONE', *, *, #2169, .F. ) ;
#775 = LINE ( 'NONE', #4479, #6936 ) ;
#776 = DIRECTION ( 'NONE',  ( 0.000000000000000000, 0.000000000000000000, 1.000000000000000000 ) ) ;
#777 = VERTEX_POINT ( 'NONE', #3453 ) ;
#778 = DIRECTION ( 'NONE',  ( -1.000000000000000000, 0.000000000000000000, -0.000000000000000000 ) ) ;
#779 = VECTOR ( 'NONE', #6991, 1000.000000000000000 ) ;
#780 = AXIS2_PLACEMENT_3D ( 'NONE', #7588, #2444, #1209 ) ;
#781 = CARTESIAN_POINT ( 'NONE',  ( -1.500000000000000222, 0.1000000000000000056, 0.1499999999999999667 ) ) ;
#782 = ORIENTED_EDGE ( 'NONE', *, *, #4862, .F. ) ;
#783 = CARTESIAN_POINT ( 'NONE',  ( -1.500000000000000222, 0.04999999999999999584, -1.149999999999999911 ) ) ;
#784 = AXIS2_PLACEMENT_3D ( 'NONE', #4717, #6464, #1859 ) ;
#785 = CARTESIAN_POINT ( 'NONE',  ( -1.500000000000000222, 0.2000000000000000111, -0.1500000000000000222 ) ) ;
#786 = CARTESIAN_POINT ( 'NONE',  ( 1.949999999999999734, 0.1000000000000000056, -1.699999999999999512 ) ) ;
#787 = FACE_OUTER_BOUND ( 'NONE', #2936, .T. ) ;
#788 = FILL_AREA_STYLE_COLOUR ( '', #6513 ) ;
#789 = VERTEX_POINT ( 'NONE', #7457 ) ;
#790 = VECTOR ( 'NONE', #7617, 1000.000000000000000 ) ;
#791 = DIRECTION ( 'NONE',  ( 0.000000000000000000, 0.000000000000000000, 1.000000000000000000 ) ) ;
#792 = FILL_AREA_STYLE ('',( #4883 ) ) ;
#793 = AXIS2_PLACEMENT_3D ( 'NONE', #7343, #2696, #895 ) ;
#794 = DIRECTION ( 'NONE',  ( 0.000000000000000000, 1.000000000000000000, 0.000000000000000000 ) ) ;
#795 = EDGE_LOOP ( 'NONE', ( #3174, #4196, #914, #7514, #5328, #257 ) ) ;
#796 = EDGE_LOOP ( 'NONE', ( #40, #6381, #4832, #3458, #5455, #4204 ) ) ;
#797 = VECTOR ( 'NONE', #3734, 1000.000000000000000 ) ;
#798 = LINE ( 'NONE', #2489, #5310 ) ;
#799 = UNCERTAINTY_MEASURE_WITH_UNIT (LENGTH_MEASURE( 1.000000000000000082E-05 ), #2204, 'distance_accuracy_value', 'NONE');
#800 = CARTESIAN_POINT ( 'NONE',  ( 0.6500000000000000222, 0.2000000000000000111, -0.9500000000000003997 ) ) ;
#801 = EDGE_CURVE ( 'NONE', #6208, #1665, #1655, .T. ) ;
#802 = EDGE_CURVE ( 'NONE', #3477, #4097, #5098, .T. ) ;
#803 = DIRECTION ( 'NONE',  ( -0.000000000000000000, 0.000000000000000000, 1.000000000000000000 ) ) ;
#804 = PLANE ( 'NONE',  #461 ) ;
#805 = VERTEX_POINT ( 'NONE', #5246 ) ;
#806 = CARTESIAN_POINT ( 'NONE',  ( -1.949999999999999734, 0.000000000000000000, 0.9499999999999990674 ) ) ;
#807 = EDGE_CURVE ( 'NONE', #7108, #1190, #4629, .T. ) ;
#808 = VERTEX_POINT ( 'NONE', #4037 ) ;
#809 = VERTEX_POINT ( 'NONE', #4552 ) ;
#810 = VERTEX_POINT ( 'NONE', #2161 ) ;
#811 = DIRECTION ( 'NONE',  ( 0.000000000000000000, 0.000000000000000000, -1.000000000000000000 ) ) ;
#812 = PLANE ( 'NONE',  #2429 ) ;
#813 = VERTEX_POINT ( 'NONE', #3999 ) ;
#814 = FACE_OUTER_BOUND ( 'NONE', #4263, .T. ) ;
#815 = PLANE ( 'NONE',  #1717 ) ;
#816 = ORIENTED_EDGE ( 'NONE', *, *, #5544, .F. ) ;
#817 = FACE_OUTER_BOUND ( 'NONE', #369, .T. ) ;
#818 = CARTESIAN_POINT ( 'NONE',  ( -1.000000000000000222, 0.2000000000000000111, 1.250000000000000444 ) ) ;
#819 = ORIENTED_EDGE ( 'NONE', *, *, #1265, .T. ) ;
#820 = EDGE_CURVE ( 'NONE', #7182, #4170, #416, .T. ) ;
#821 = DIRECTION ( 'NONE',  ( -0.000000000000000000, -0.000000000000000000, -1.000000000000000000 ) ) ;
#822 = EDGE_CURVE ( 'NONE', #1312, #3569, #5679, .T. ) ;
#823 = DIRECTION ( 'NONE',  ( 0.000000000000000000, 1.000000000000000000, 0.000000000000000000 ) ) ;
#824 = EDGE_CURVE ( 'NONE', #6029, #7257, #5791, .T. ) ;
#825 = DIRECTION ( 'NONE',  ( 1.000000000000000000, 0.000000000000000000, -0.000000000000000000 ) ) ;
#826 = PLANE ( 'NONE',  #1477 ) ;
#827 = DIRECTION ( 'NONE',  ( 1.000000000000000000, 0.000000000000000000, 0.000000000000000000 ) ) ;
#828 = ORIENTED_EDGE ( 'NONE', *, *, #1981, .T. ) ;
#829 = CARTESIAN_POINT ( 'NONE',  ( 0.2500000000000000000, 0.1000000000000000056, 1.699999999999999734 ) ) ;
#830 = DIRECTION ( 'NONE',  ( 0.000000000000000000, 0.000000000000000000, -1.000000000000000000 ) ) ;
#831 = CARTESIAN_POINT ( 'NONE',  ( 0.6500000000000000222, 0.04999999999999999584, 1.699999999999999734 ) ) ;
#832 = EDGE_CURVE ( 'NONE', #899, #1883, #6130, .T. ) ;
#833 = ORIENTED_EDGE ( 'NONE', *, *, #5732, .F. ) ;
#834 = VECTOR ( 'NONE', #1660, 1000.000000000000000 ) ;
#835 = ORIENTED_EDGE ( 'NONE', *, *, #4662, .T. ) ;
#836 = ORIENTED_EDGE ( 'NONE', *, *, #299, .F. ) ;
#837 = LINE ( 'NONE', #4888, #3234 ) ;
#838 = CARTESIAN_POINT ( 'NONE',  ( -1.949999999999999734, 0.1000000000000000056, 0.3749999999999992228 ) ) ;
#839 = VECTOR ( 'NONE', #4816, 1000.000000000000000 ) ;
#840 = CARTESIAN_POINT ( 'NONE',  ( -1.949999999999999734, 0.1000000000000000056, 0.9499999999999992895 ) ) ;
#841 = ORIENTED_EDGE ( 'NONE', *, *, #3643, .T. ) ;
#842 = DIRECTION ( 'NONE',  ( 0.000000000000000000, 0.000000000000000000, -1.000000000000000000 ) ) ;
#843 = EDGE_CURVE ( 'NONE', #6525, #5230, #1409, .T. ) ;
#844 = EDGE_CURVE ( 'NONE', #296, #2043, #1765, .T. ) ;
#845 = AXIS2_PLACEMENT_3D ( 'NONE', #7485, #954, #5007 ) ;
#846 = VERTEX_POINT ( 'NONE', #1149 ) ;
#847 = ADVANCED_FACE ( 'NONE', ( #2416 ), #6522, .F. ) ;
#848 = ORIENTED_EDGE ( 'NONE', *, *, #6785, .F. ) ;
#849 = EDGE_LOOP ( 'NONE', ( #463, #3721, #3580, #1255, #1193, #5078 ) ) ;
#850 = DIRECTION ( 'NONE',  ( 1.000000000000000000, 0.000000000000000000, 0.000000000000000000 ) ) ;
#851 = CARTESIAN_POINT ( 'NONE',  ( -1.999999999999999556, 2.436067977499789983, 0.6749999999999991562 ) ) ;
#852 = CARTESIAN_POINT ( 'NONE',  ( 1.949999999999999734, 0.1000000000000000056, -1.699999999999999512 ) ) ;
#853 = VERTEX_POINT ( 'NONE', #7280 ) ;
#854 = DIRECTION ( 'NONE',  ( 0.000000000000000000, 0.000000000000000000, 1.000000000000000000 ) ) ;
#855 = CARTESIAN_POINT ( 'NONE',  ( 0.6500000000000000222, 0.1000000000000000056, -1.750000000000000444 ) ) ;
#856 = EDGE_LOOP ( 'NONE', ( #1208, #3933, #6256, #5411 ) ) ;
#857 = DIRECTION ( 'NONE',  ( -1.000000000000000000, 0.000000000000000000, -0.000000000000000000 ) ) ;
#858 = CARTESIAN_POINT ( 'NONE',  ( 0.000000000000000000, -0.000000000000000000, -1.699999999999999512 ) ) ;
#859 = VECTOR ( 'NONE', #6627, 1000.000000000000000 ) ;
#860 = VERTEX_POINT ( 'NONE', #1181 ) ;
#861 = DIRECTION ( 'NONE',  ( -1.000000000000000000, 0.000000000000000000, -0.000000000000000000 ) ) ;
#862 = ORIENTED_EDGE ( 'NONE', *, *, #7475, .F. ) ;
#863 = LINE ( 'NONE', #3201, #4164 ) ;
#864 = DIRECTION ( 'NONE',  ( 1.000000000000000000, -0.000000000000000000, 0.000000000000000000 ) ) ;
#865 = DIRECTION ( 'NONE',  ( -1.000000000000000000, 0.000000000000000000, 0.000000000000000000 ) ) ;
#866 = VECTOR ( 'NONE', #4848, 1000.000000000000000 ) ;
#867 = DIRECTION ( 'NONE',  ( 1.000000000000000000, -0.000000000000000000, -0.000000000000000000 ) ) ;
#868 = EDGE_CURVE ( 'NONE', #207, #4938, #2602, .T. ) ;
#869 = AXIS2_PLACEMENT_3D ( 'NONE', #947, #3281, #4532 ) ;
#870 = VECTOR ( 'NONE', #2471, 1000.000000000000000 ) ;
#871 = CARTESIAN_POINT ( 'NONE',  ( 1.800000000000000488, 2.436067977499789983, -1.350000000000000533 ) ) ;
#872 = AXIS2_PLACEMENT_3D ( 'NONE', #4009, #5801, #7608 ) ;
#873 = DIRECTION ( 'NONE',  ( 0.000000000000000000, -0.000000000000000000, 1.000000000000000000 ) ) ;
#874 = PLANE ( 'NONE',  #1384 ) ;
#875 = EDGE_LOOP ( 'NONE', ( #6723, #5222, #2035, #5951 ) ) ;
#876 = AXIS2_PLACEMENT_3D ( 'NONE', #5542, #120, #4839 ) ;
#877 = VERTEX_POINT ( 'NONE', #831 ) ;
#878 = ORIENTED_EDGE ( 'NONE', *, *, #126, .T. ) ;
#879 = UNCERTAINTY_MEASURE_WITH_UNIT (LENGTH_MEASURE( 1.000000000000000082E-05 ), #3622, 'distance_accuracy_value', 'NONE');
#880 = DIRECTION ( 'NONE',  ( 0.000000000000000000, 0.000000000000000000, -1.000000000000000000 ) ) ;
#881 = DIRECTION ( 'NONE',  ( -0.000000000000000000, -1.000000000000000000, -0.000000000000000000 ) ) ;
#882 = CARTESIAN_POINT ( 'NONE',  ( -0.7500000000000001110, 0.09999999999999982514, -1.250000000000001332 ) ) ;
#883 = ORIENTED_EDGE ( 'NONE', *, *, #7125, .T. ) ;
#884 = LINE ( 'NONE', #6064, #1626 ) ;
#885 = ORIENTED_EDGE ( 'NONE', *, *, #5005, .T. ) ;
#886 = VERTEX_POINT ( 'NONE', #4698 ) ;
#887 = VECTOR ( 'NONE', #5097, 1000.000000000000000 ) ;
#888 = CARTESIAN_POINT ( 'NONE',  ( -1.999999999999999556, 0.2000000000000000111, -0.1499999999999999667 ) ) ;
#889 = LINE ( 'NONE', #6842, #2501 ) ;
#890 = FACE_OUTER_BOUND ( 'NONE', #5844, .T. ) ;
#891 = EDGE_LOOP ( 'NONE', ( #7079, #4545, #3367, #5635, #649, #3450 ) ) ;
#892 = DIRECTION ( 'NONE',  ( 0.000000000000000000, 1.000000000000000000, 0.000000000000000000 ) ) ;
#893 = CARTESIAN_POINT ( 'NONE',  ( 1.800000000000000488, 0.2000000000000000944, -1.350000000000000533 ) ) ;
#894 = VECTOR ( 'NONE', #2496, 1000.000000000000000 ) ;
#895 = DIRECTION ( 'NONE',  ( 1.000000000000000000, 0.000000000000000000, 1.232047923278982353E-17 ) ) ;
#896 = CARTESIAN_POINT ( 'NONE',  ( -1.999999999999999556, 0.2000000000000000944, 0.9499999999999990674 ) ) ;
#897 = ORIENTED_EDGE ( 'NONE', *, *, #176, .F. ) ;
#898 = EDGE_CURVE ( 'NONE', #3892, #1639, #7320, .T. ) ;
#899 = VERTEX_POINT ( 'NONE', #4742 ) ;
#900 = FACE_OUTER_BOUND ( 'NONE', #1167, .T. ) ;
#901 = VECTOR ( 'NONE', #5944, 1000.000000000000000 ) ;
#902 = CARTESIAN_POINT ( 'NONE',  ( -1.649999999999999467, 0.9000000000000000222, -1.250000000000000444 ) ) ;
#903 = VECTOR ( 'NONE', #4689, 1000.000000000000000 ) ;
#904 = DIRECTION ( 'NONE',  ( 0.000000000000000000, 1.000000000000000000, 0.000000000000000000 ) ) ;
#905 = ADVANCED_FACE ( 'NONE', ( #5281 ), #3747, .T. ) ;
#906 = VECTOR ( 'NONE', #2109, 1000.000000000000000 ) ;
#907 = DIRECTION ( 'NONE',  ( -0.000000000000000000, 0.000000000000000000, 1.000000000000000000 ) ) ;
#908 = CARTESIAN_POINT ( 'NONE',  ( 0.000000000000000000, 0.05000000000000000278, 0.6749999999999991562 ) ) ;
#909 = CARTESIAN_POINT ( 'NONE',  ( 1.399999999999999911, 0.2000000000000000111, 0.9499999999999995115 ) ) ;
#910 = EDGE_CURVE ( 'NONE', #499, #1648, #1222, .T. ) ;
#911 = CARTESIAN_POINT ( 'NONE',  ( 0.2499999999999999445, 0.2000000000000000944, 1.749999999999999556 ) ) ;
#912 = ORIENTED_EDGE ( 'NONE', *, *, #2384, .F. ) ;
#913 = VECTOR ( 'NONE', #7197, 1000.000000000000000 ) ;
#914 = ORIENTED_EDGE ( 'NONE', *, *, #5686, .T. ) ;
#915 = ORIENTED_EDGE ( 'NONE', *, *, #3518, .T. ) ;
#916 = DIRECTION ( 'NONE',  ( 0.000000000000000000, 0.000000000000000000, 1.000000000000000000 ) ) ;
#917 = CARTESIAN_POINT ( 'NONE',  ( -0.7500000000000001110, 0.000000000000000000, -1.250000000000001332 ) ) ;
#918 = DIRECTION ( 'NONE',  ( 0.000000000000000000, -1.000000000000000000, 0.000000000000000000 ) ) ;
#919 = ORIENTED_EDGE ( 'NONE', *, *, #5733, .T. ) ;
#920 = CARTESIAN_POINT ( 'NONE',  ( -1.250000000000000222, 0.2000000000000000944, 1.250000000000000444 ) ) ;
#921 = AXIS2_PLACEMENT_3D ( 'NONE', #7430, #3317, #5655 ) ;
#922 = EDGE_CURVE ( 'NONE', #555, #1639, #7104, .T. ) ;
#923 = ORIENTED_EDGE ( 'NONE', *, *, #1694, .F. ) ;
#924 = ORIENTED_EDGE ( 'NONE', *, *, #2464, .T. ) ;
#925 = LINE ( 'NONE', #1960, #6577 ) ;
#926 = COLOUR_RGB ( '',0.7921568627450980005, 0.8196078431372548767, 0.9333333333333333481 ) ;
#927 = FILL_AREA_STYLE ('',( #6227 ) ) ;
#928 = DIRECTION ( 'NONE',  ( 0.000000000000000000, 1.000000000000000000, -0.000000000000000000 ) ) ;
#929 = VERTEX_POINT ( 'NONE', #562 ) ;
#930 = CARTESIAN_POINT ( 'NONE',  ( -1.949999999999999734, 0.1000000000000000056, -0.9499999999999998446 ) ) ;
#931 = PLANE ( 'NONE',  #1139 ) ;
#932 = PLANE ( 'NONE',  #793 ) ;
#933 = EDGE_CURVE ( 'NONE', #3589, #686, #6482, .T. ) ;
#934 = LINE ( 'NONE', #1547, #2034 ) ;
#935 = ORIENTED_EDGE ( 'NONE', *, *, #1369, .T. ) ;
#936 = CARTESIAN_POINT ( 'NONE',  ( -1.999999999999999556, 0.1000000000000000056, 1.749999999999999556 ) ) ;
#937 = ORIENTED_EDGE ( 'NONE', *, *, #946, .T. ) ;
#938 = DIRECTION ( 'NONE',  ( 0.000000000000000000, -1.000000000000000000, 0.000000000000000000 ) ) ;
#939 = CARTESIAN_POINT ( 'NONE',  ( -1.850000000000000311, 0.000000000000000000, -1.699999999999999512 ) ) ;
#940 = FILL_AREA_STYLE_COLOUR ( '', #3287 ) ;
#941 = ADVANCED_FACE ( 'NONE', ( #4922 ), #3491, .T. ) ;
#942 = EDGE_CURVE ( 'NONE', #2495, #3790, #682, .T. ) ;
#943 = DIRECTION ( 'NONE',  ( 0.000000000000000000, -1.000000000000000000, 0.000000000000000000 ) ) ;
#944 = DIRECTION ( 'NONE',  ( 0.000000000000000000, 0.000000000000000000, 1.000000000000000000 ) ) ;
#945 = DIRECTION ( 'NONE',  ( 0.000000000000000000, 1.000000000000000000, 0.000000000000000000 ) ) ;
#946 = EDGE_CURVE ( 'NONE', #6009, #348, #2945, .T. ) ;
#947 = CARTESIAN_POINT ( 'NONE',  ( 0.000000000000000000, 0.2000000000000000111, 0.000000000000000000 ) ) ;
#948 = DIRECTION ( 'NONE',  ( 1.000000000000000000, -0.000000000000000000, 0.000000000000000000 ) ) ;
#949 = EDGE_LOOP ( 'NONE', ( #740, #1170, #2867, #6434, #4612, #3517 ) ) ;
#950 = VERTEX_POINT ( 'NONE', #5398 ) ;
#951 = ORIENTED_EDGE ( 'NONE', *, *, #2116, .F. ) ;
#952 = CARTESIAN_POINT ( 'NONE',  ( 1.999999999999999556, 0.2000000000000000944, 0.9499999999999995115 ) ) ;
#953 = CARTESIAN_POINT ( 'NONE',  ( -1.500000000000000444, 0.000000000000000000, 0.6749999999999991562 ) ) ;
#954 = DIRECTION ( 'NONE',  ( -8.673617379884035472E-16, 0.000000000000000000, -1.000000000000000000 ) ) ;
#955 = ORIENTED_EDGE ( 'NONE', *, *, #5498, .F. ) ;
#956 = DIRECTION ( 'NONE',  ( 0.000000000000000000, -0.000000000000000000, 1.000000000000000000 ) ) ;
#957 = AXIS2_PLACEMENT_3D ( 'NONE', #5762, #4522, #456 ) ;
#958 = EDGE_LOOP ( 'NONE', ( #828, #1600, #2538, #5139 ) ) ;
#959 = EDGE_CURVE ( 'NONE', #810, #2386, #206, .T. ) ;
#960 = VECTOR ( 'NONE', #7414, 1000.000000000000000 ) ;
#961 = DIRECTION ( 'NONE',  ( -0.000000000000000000, 0.000000000000000000, -1.000000000000000000 ) ) ;
#962 = SURFACE_SIDE_STYLE ('',( #6261 ) ) ;
#963 = CARTESIAN_POINT ( 'NONE',  ( -1.649999999999999467, 0.4757359312880715119, -1.250000000000000444 ) ) ;
#964 = ORIENTED_EDGE ( 'NONE', *, *, #260, .T. ) ;
#965 = DIRECTION ( 'NONE',  ( 1.000000000000000000, 0.000000000000000000, 0.000000000000000000 ) ) ;
#966 = CARTESIAN_POINT ( 'NONE',  ( -1.500000000000000000, 0.1000000000000000056, -1.750000000000000444 ) ) ;
#967 = CARTESIAN_POINT ( 'NONE',  ( 1.800000000000000266, 0.2000000000000000111, -1.750000000000000444 ) ) ;
#968 = VECTOR ( 'NONE', #991, 1000.000000000000000 ) ;
#969 = ORIENTED_EDGE ( 'NONE', *, *, #343, .F. ) ;
#970 = DIRECTION ( 'NONE',  ( -0.000000000000000000, -1.000000000000000000, -0.000000000000000000 ) ) ;
#971 = EDGE_CURVE ( 'NONE', #4791, #7182, #4337, .T. ) ;
#972 = VERTEX_POINT ( 'NONE', #5550 ) ;
#973 = DIRECTION ( 'NONE',  ( -1.000000000000000000, 0.000000000000000000, 0.000000000000000000 ) ) ;
#974 = ORIENTED_EDGE ( 'NONE', *, *, #174, .T. ) ;
#975 = DIRECTION ( 'NONE',  ( 1.000000000000000000, 0.000000000000000000, 0.000000000000000000 ) ) ;
#976 = DIRECTION ( 'NONE',  ( 0.000000000000000000, 0.000000000000000000, -1.000000000000000000 ) ) ;
#977 = PLANE ( 'NONE',  #7504 ) ;
#978 = FACE_OUTER_BOUND ( 'NONE', #1435, .T. ) ;
#979 = CARTESIAN_POINT ( 'NONE',  ( 1.800000000000000266, 0.2000000000000000944, 1.749999999999999556 ) ) ;
#980 = CARTESIAN_POINT ( 'NONE',  ( 1.999999999999999556, 0.2000000000000000111, -0.1999999999999999833 ) ) ;
#981 = PLANE ( 'NONE',  #869 ) ;
#982 = DIRECTION ( 'NONE',  ( 0.000000000000000000, 1.000000000000000000, 0.000000000000000000 ) ) ;
#983 = VERTEX_POINT ( 'NONE', #247 ) ;
#984 = ADVANCED_FACE ( 'NONE', ( #4382 ), #5905, .F. ) ;
#985 = VERTEX_POINT ( 'NONE', #3210 ) ;
#986 = VECTOR ( 'NONE', #3169, 1000.000000000000000 ) ;
#987 = ORIENTED_EDGE ( 'NONE', *, *, #2092, .T. ) ;
#988 = CARTESIAN_POINT ( 'NONE',  ( 0.000000000000000000, 0.000000000000000000, 0.000000000000000000 ) ) ;
#989 = VECTOR ( 'NONE', #2507, 1000.000000000000000 ) ;
#990 = LINE ( 'NONE', #2864, #4713 ) ;
#991 = DIRECTION ( 'NONE',  ( -0.000000000000000000, 0.000000000000000000, 1.000000000000000000 ) ) ;
#992 = ADVANCED_FACE ( 'NONE', ( #5153 ), #2180, .F. ) ;
#993 = FACE_OUTER_BOUND ( 'NONE', #6016, .T. ) ;
#994 = VECTOR ( 'NONE', #6683, 1000.000000000000000 ) ;
#995 = EDGE_LOOP ( 'NONE', ( #7401, #1080, #7149, #4384, #3002, #5385 ) ) ;
#996 = CLOSED_SHELL ( 'NONE', ( #1863, #6633, #3992, #4853, #2280, #6069, #4705, #5546 ) ) ;
#997 = DIRECTION ( 'NONE',  ( -0.000000000000000000, 0.000000000000000000, 1.000000000000000000 ) ) ;
#998 = DIRECTION ( 'NONE',  ( 0.000000000000000000, -1.000000000000000000, 0.000000000000000000 ) ) ;
#999 = LINE ( 'NONE', #3299, #2678 ) ;
#1000 = ORIENTED_EDGE ( 'NONE', *, *, #2169, .T. ) ;
#1001 = CARTESIAN_POINT ( 'NONE',  ( 0.2499999999999997780, 0.1000000000000000056, 1.749999999999999556 ) ) ;
#1002 = CARTESIAN_POINT ( 'NONE',  ( -1.500000000000000222, 0.000000000000000000, -1.149999999999999911 ) ) ;
#1003 = DIRECTION ( 'NONE',  ( -1.000000000000000000, 0.000000000000000000, 0.000000000000000000 ) ) ;
#1004 = ADVANCED_FACE ( 'NONE', ( #3324 ), #2146, .F. ) ;
#1005 = CARTESIAN_POINT ( 'NONE',  ( 1.949999999999999734, 0.1000000000000000056, 1.699999999999999734 ) ) ;
#1006 = ORIENTED_EDGE ( 'NONE', *, *, #1186, .F. ) ;
#1007 = VERTEX_POINT ( 'NONE', #5590 ) ;
#1008 = ADVANCED_FACE ( 'NONE', ( #1594 ), #2753, .T. ) ;
#1009 = CARTESIAN_POINT ( 'NONE',  ( -0.7500000000000001110, 0.05000000000000000278, 1.699999999999999734 ) ) ;
#1010 = VECTOR ( 'NONE', #6033, 1000.000000000000000 ) ;
#1011 = VERTEX_POINT ( 'NONE', #7477 ) ;
#1012 = CARTESIAN_POINT ( 'NONE',  ( -1.999999999999999556, 0.1000000000000000056, -0.9499999999999998446 ) ) ;
#1013 = CARTESIAN_POINT ( 'NONE',  ( 1.399999999999999911, 0.05000000000000000278, 0.000000000000000000 ) ) ;
#1014 = DIRECTION ( 'NONE',  ( 0.000000000000000000, -1.000000000000000000, 0.000000000000000000 ) ) ;
#1015 = PLANE ( 'NONE',  #5613 ) ;
#1016 = LINE ( 'NONE', #4567, #5973 ) ;
#1017 = CARTESIAN_POINT ( 'NONE',  ( -0.7500000000000001110, 0.2000000000000000111, 1.749999999999999556 ) ) ;
#1018 = VECTOR ( 'NONE', #4066, 1000.000000000000000 ) ;
#1019 = CARTESIAN_POINT ( 'NONE',  ( -1.500000000000000222, 0.2000000000000000111, 1.749999999999999556 ) ) ;
#1020 = CARTESIAN_POINT ( 'NONE',  ( -1.850000000000000311, 0.2000000000000000111, -1.750000000000000444 ) ) ;
#1021 = ORIENTED_EDGE ( 'NONE', *, *, #5089, .T. ) ;
#1022 = ADVANCED_FACE ( 'NONE', ( #3787 ), #6281, .T. ) ;
#1023 = ORIENTED_EDGE ( 'NONE', *, *, #5669, .F. ) ;
#1024 = VECTOR ( 'NONE', #4423, 1000.000000000000000 ) ;
#1025 = VERTEX_POINT ( 'NONE', #4501 ) ;
#1026 = CARTESIAN_POINT ( 'NONE',  ( -1.999999999999999556, 0.1000000000000000056, 0.9499999999999990674 ) ) ;
#1027 = CARTESIAN_POINT ( 'NONE',  ( -1.250000000000000222, 2.436067977499789983, 1.749999999999998890 ) ) ;
#1028 = PLANE ( 'NONE',  #5275 ) ;
#1029 = COLOUR_RGB ( '',1.000000000000000000, 1.000000000000000000, 1.000000000000000000 ) ;
#1030 = CARTESIAN_POINT ( 'NONE',  ( -1.500000000000000222, 0.05000000000000000278, 0.000000000000000000 ) ) ;
#1031 = EDGE_LOOP ( 'NONE', ( #2590, #3748, #2795, #1983, #7144, #4558, #3857, #1706, #6606, #5992, #6942, #4761, #305, #2910, #1047, #3570, #5950, #2131, #2806, #816, #5927, #5566, #222, #66, #2699, #6494, #1403, #1785, #6904, #6832, #3832, #4271, #3230, #2421, #2244, #5761, #6126, #3548, #7211, #4886, #3555, #6625, #6461, #6112, #4504, #7328, #5202, #1088, #2536, #5166, #2241, #4754, #7301 ) ) ;
#1032 = ADVANCED_FACE ( 'NONE', ( #1446 ), #2103, .F. ) ;
#1033 = EDGE_CURVE ( 'NONE', #3589, #7455, #6863, .T. ) ;
#1034 = CARTESIAN_POINT ( 'NONE',  ( -1.949999999999999734, 0.1000000000000000056, -1.699999999999999512 ) ) ;
#1035 = LINE ( 'NONE', #445, #2735 ) ;
#1036 = VECTOR ( 'NONE', #7153, 1000.000000000000000 ) ;
#1037 = CARTESIAN_POINT ( 'NONE',  ( -1.500000000000000444, 0.2000000000000000111, 0.3749999999999993339 ) ) ;
#1038 = ORIENTED_EDGE ( 'NONE', *, *, #5989, .T. ) ;
#1039 = CARTESIAN_POINT ( 'NONE',  ( 1.949999999999999734, 0.05000000000000000278, 1.349999999999999645 ) ) ;
#1040 = LINE ( 'NONE', #3342, #779 ) ;
#1041 = ADVANCED_FACE ( 'NONE', ( #5697 ), #1524, .T. ) ;
#1042 = CARTESIAN_POINT ( 'NONE',  ( -1.500000000000000222, 0.2000000000000000111, 0.1499999999999999667 ) ) ;
#1043 = EDGE_LOOP ( 'NONE', ( #4927, #7399, #7527, #7045 ) ) ;
#1044 = ORIENTED_EDGE ( 'NONE', *, *, #2722, .T. ) ;
#1045 = LINE ( 'NONE', #5023, #1046 ) ;
#1046 = VECTOR ( 'NONE', #6884, 1000.000000000000000 ) ;
#1047 = ORIENTED_EDGE ( 'NONE', *, *, #6013, .T. ) ;
#1048 = CARTESIAN_POINT ( 'NONE',  ( 1.949999999999999734, 0.1000000000000000056, 1.699999999999999734 ) ) ;
#1049 = ORIENTED_EDGE ( 'NONE', *, *, #3222, .F. ) ;
#1050 = CARTESIAN_POINT ( 'NONE',  ( 0.000000000000000000, 0.05000000000000000278, 0.000000000000000000 ) ) ;
#1051 = CARTESIAN_POINT ( 'NONE',  ( -1.250000000000000222, 0.1000000000000000056, -1.699999999999999512 ) ) ;
#1052 = ORIENTED_EDGE ( 'NONE', *, *, #1946, .T. ) ;
#1053 = FACE_OUTER_BOUND ( 'NONE', #4749, .T. ) ;
#1054 = ADVANCED_FACE ( 'NONE', ( #6828 ), #3868, .T. ) ;
#1055 = DIRECTION ( 'NONE',  ( 1.000000000000000000, 0.000000000000000000, 1.807003620809175125E-16 ) ) ;
#1056 = CARTESIAN_POINT ( 'NONE',  ( 1.399999999999999911, 0.2000000000000000111, 1.699999999999999734 ) ) ;
#1057 = DIRECTION ( 'NONE',  ( 0.000000000000000000, 1.000000000000000000, -0.000000000000000000 ) ) ;
#1058 = DIRECTION ( 'NONE',  ( -1.000000000000000000, -0.000000000000000000, -0.000000000000000000 ) ) ;
#1059 = VERTEX_POINT ( 'NONE', #5738 ) ;
#1060 = VERTEX_POINT ( 'NONE', #2064 ) ;
#1061 = LINE ( 'NONE', #3328, #5466 ) ;
#1062 = CARTESIAN_POINT ( 'NONE',  ( 1.949999999999999734, 0.1000000000000000056, -1.699999999999999512 ) ) ;
#1063 = EDGE_CURVE ( 'NONE', #57, #5758, #4999, .T. ) ;
#1064 = CARTESIAN_POINT ( 'NONE',  ( -1.000000000000000222, 0.05000000000000000278, 0.000000000000000000 ) ) ;
#1065 = FACE_OUTER_BOUND ( 'NONE', #6308, .T. ) ;
#1066 = ORIENTED_EDGE ( 'NONE', *, *, #7189, .T. ) ;
#1067 = EDGE_CURVE ( 'NONE', #11, #6409, #4419, .T. ) ;
#1068 = LINE ( 'NONE', #4032, #5777 ) ;
#1069 = CLOSED_SHELL ( 'NONE', ( #2685, #5639, #7640, #6192, #1874, #1054, #6915, #7209 ) ) ;
#1070 = DIRECTION ( 'NONE',  ( -1.000000000000000000, 0.000000000000000000, 0.000000000000000000 ) ) ;
#1071 = VECTOR ( 'NONE', #1228, 1000.000000000000000 ) ;
#1072 = DIRECTION ( 'NONE',  ( 0.000000000000000000, 0.000000000000000000, -1.000000000000000000 ) ) ;
#1073 = ORIENTED_EDGE ( 'NONE', *, *, #1943, .F. ) ;
#1074 = DIRECTION ( 'NONE',  ( 0.000000000000000000, 0.000000000000000000, 1.000000000000000000 ) ) ;
#1075 = DIRECTION ( 'NONE',  ( 1.000000000000000000, 0.000000000000000000, 0.000000000000000000 ) ) ;
#1076 = ADVANCED_FACE ( 'NONE', ( #6168 ), #874, .F. ) ;
#1077 = EDGE_CURVE ( 'NONE', #5873, #3756, #3282, .T. ) ;
#1078 = CARTESIAN_POINT ( 'NONE',  ( 1.800000000000000266, 0.2000000000000000111, -1.750000000000000444 ) ) ;
#1079 = AXIS2_PLACEMENT_3D ( 'NONE', #3647, #6031, #2195 ) ;
#1080 = ORIENTED_EDGE ( 'NONE', *, *, #4137, .T. ) ;
#1081 = EDGE_LOOP ( 'NONE', ( #1119, #2982, #70, #1792, #4918, #4368 ) ) ;
#1082 = ORIENTED_EDGE ( 'NONE', *, *, #299, .T. ) ;
#1083 = LINE ( 'NONE', #5649, #5524 ) ;
#1084 = ORIENTED_EDGE ( 'NONE', *, *, #2174, .F. ) ;
#1085 = CARTESIAN_POINT ( 'NONE',  ( -1.949999999999999734, 0.000000000000000000, -0.6750000000000000444 ) ) ;
#1086 = AXIS2_PLACEMENT_3D ( 'NONE', #2530, #4346, #6718 ) ;
#1087 = DIRECTION ( 'NONE',  ( 1.000000000000000000, 0.000000000000000000, 0.000000000000000000 ) ) ;
#1088 = ORIENTED_EDGE ( 'NONE', *, *, #868, .T. ) ;
#1089 = SURFACE_STYLE_USAGE ( .BOTH. , #4711 ) ;
#1090 = LINE ( 'NONE', #3976, #7212 ) ;
#1091 = VECTOR ( 'NONE', #997, 1000.000000000000000 ) ;
#1092 = PLANE ( 'NONE',  #2985 ) ;
#1093 = PRESENTATION_STYLE_ASSIGNMENT (( #5772 ) ) ;
#1094 = LINE ( 'NONE', #2855, #1845 ) ;
#1095 = CARTESIAN_POINT ( 'NONE',  ( -1.850000000000000311, 0.2000000000000000111, -1.750000000000000444 ) ) ;
#1096 = ORIENTED_EDGE ( 'NONE', *, *, #2440, .F. ) ;
#1097 = EDGE_CURVE ( 'NONE', #2219, #6321, #5661, .T. ) ;
#1098 = ORIENTED_EDGE ( 'NONE', *, *, #2365, .T. ) ;
#1099 = PLANE ( 'NONE',  #4223 ) ;
#1100 = ADVANCED_FACE ( 'NONE', ( #1560 ), #4096, .F. ) ;
#1101 = CARTESIAN_POINT ( 'NONE',  ( 1.949999999999999734, 0.1000000000000000056, -1.699999999999999512 ) ) ;
#1102 = CARTESIAN_POINT ( 'NONE',  ( -1.500000000000000222, 2.436067977499789983, 1.749999999999999556 ) ) ;
#1103 = ORIENTED_EDGE ( 'NONE', *, *, #4356, .F. ) ;
#1104 = VECTOR ( 'NONE', #4620, 1000.000000000000000 ) ;
#1105 = DIRECTION ( 'NONE',  ( 0.000000000000000000, -0.000000000000000000, 1.000000000000000000 ) ) ;
#1106 = VECTOR ( 'NONE', #1263, 1000.000000000000000 ) ;
#1107 = PLANE ( 'NONE',  #4779 ) ;
#1108 = ORIENTED_EDGE ( 'NONE', *, *, #3643, .F. ) ;
#1109 = LINE ( 'NONE', #7598, #887 ) ;
#1110 = DIRECTION ( 'NONE',  ( 0.000000000000000000, 0.000000000000000000, 1.000000000000000000 ) ) ;
#1111 = CARTESIAN_POINT ( 'NONE',  ( -0.2000000000000005662, 0.2000000000000000111, -0.2000000000000000111 ) ) ;
#1112 = ORIENTED_EDGE ( 'NONE', *, *, #384, .F. ) ;
#1113 = ORIENTED_EDGE ( 'NONE', *, *, #3329, .T. ) ;
#1114 = VERTEX_POINT ( 'NONE', #5340 ) ;
#1115 = CARTESIAN_POINT ( 'NONE',  ( -0.5000000000000001110, 0.2000000000000000111, 1.749999999999999556 ) ) ;
#1116 = VERTEX_POINT ( 'NONE', #1205 ) ;
#1117 = DIRECTION ( 'NONE',  ( 0.000000000000000000, 0.000000000000000000, -1.000000000000000000 ) ) ;
#1118 = CARTESIAN_POINT ( 'NONE',  ( 1.949999999999999734, 0.1000000000000000056, -1.699999999999999512 ) ) ;
#1119 = ORIENTED_EDGE ( 'NONE', *, *, #5475, .F. ) ;
#1120 = DIRECTION ( 'NONE',  ( 0.000000000000000000, -0.000000000000000000, -1.000000000000000000 ) ) ;
#1121 = DIRECTION ( 'NONE',  ( 1.000000000000000000, -0.000000000000000000, -0.000000000000000000 ) ) ;
#1122 = EDGE_CURVE ( 'NONE', #1673, #6029, #6388, .T. ) ;
#1123 = VECTOR ( 'NONE', #6691, 1000.000000000000000 ) ;
#1124 = LINE ( 'NONE', #5297, #2262 ) ;
#1125 = DIRECTION ( 'NONE',  ( -1.000000000000000000, 0.000000000000000000, 0.000000000000000000 ) ) ;
#1126 = CARTESIAN_POINT ( 'NONE',  ( -1.700000000000001066, 0.000000000000000000, -0.9499999999999998446 ) ) ;
#1127 = ORIENTED_EDGE ( 'NONE', *, *, #4603, .F. ) ;
#1128 = PRODUCT ( 'LM61460AANRJRR', 'LM61460AANRJRR', '', ( #2276 ) ) ;
#1129 = EDGE_CURVE ( 'NONE', #3477, #3200, #6425, .T. ) ;
#1130 = AXIS2_PLACEMENT_3D ( 'NONE', #138, #2454, #1148 ) ;
#1131 = VERTEX_POINT ( 'NONE', #1126 ) ;
#1132 = VECTOR ( 'NONE', #4213, 1000.000000000000000 ) ;
#1133 = VECTOR ( 'NONE', #5703, 1000.000000000000000 ) ;
#1134 = CARTESIAN_POINT ( 'NONE',  ( 1.800000000000000266, 0.1000000000000000056, -1.750000000000000444 ) ) ;
#1135 = CARTESIAN_POINT ( 'NONE',  ( -0.2000000000000005662, 0.2000000000000000111, -0.2000000000000000111 ) ) ;
#1136 = EDGE_CURVE ( 'NONE', #5615, #6905, #3981, .T. ) ;
#1137 = CARTESIAN_POINT ( 'NONE',  ( -1.500000000000000222, 0.2000000000000000111, -0.1500000000000000222 ) ) ;
#1138 = ORIENTED_EDGE ( 'NONE', *, *, #2212, .F. ) ;
#1139 = AXIS2_PLACEMENT_3D ( 'NONE', #2123, #4480, #6846 ) ;
#1140 = VECTOR ( 'NONE', #5308, 1000.000000000000000 ) ;
#1141 = EDGE_CURVE ( 'NONE', #6645, #6681, #7010, .T. ) ;
#1142 = DIRECTION ( 'NONE',  ( 0.000000000000000000, 1.000000000000000000, 0.000000000000000000 ) ) ;
#1143 = VECTOR ( 'NONE', #5426, 1000.000000000000000 ) ;
#1144 = CARTESIAN_POINT ( 'NONE',  ( -1.850000000000000311, 0.2000000000000000111, -1.350000000000000089 ) ) ;
#1145 = EDGE_CURVE ( 'NONE', #3812, #4696, #5812, .T. ) ;
#1146 = LINE ( 'NONE', #3487, #1198 ) ;
#1147 = ORIENTED_EDGE ( 'NONE', *, *, #6797, .T. ) ;
#1148 = DIRECTION ( 'NONE',  ( 0.000000000000000000, 0.000000000000000000, 1.000000000000000000 ) ) ;
#1149 = CARTESIAN_POINT ( 'NONE',  ( 2.000000000000000444, 0.1000000000000000056, -1.750000000000000444 ) ) ;
#1150 = PLANE ( 'NONE',  #4684 ) ;
#1151 = ADVANCED_FACE ( 'NONE', ( #7585 ), #2290, .T. ) ;
#1152 = EDGE_LOOP ( 'NONE', ( #4867, #4160, #5909, #4413, #4353, #1341 ) ) ;
#1153 = ORIENTED_EDGE ( 'NONE', *, *, #5710, .T. ) ;
#1154 = ORIENTED_EDGE ( 'NONE', *, *, #3861, .F. ) ;
#1155 = CARTESIAN_POINT ( 'NONE',  ( 1.949999999999999734, 0.1000000000000000056, -1.699999999999999512 ) ) ;
#1156 = ORIENTED_EDGE ( 'NONE', *, *, #1369, .F. ) ;
#1157 = LINE ( 'NONE', #5690, #4333 ) ;
#1158 = EDGE_CURVE ( 'NONE', #3797, #1212, #7086, .T. ) ;
#1159 = PLANE ( 'NONE',  #3938 ) ;
#1160 = ORIENTED_EDGE ( 'NONE', *, *, #5659, .F. ) ;
#1161 = VECTOR ( 'NONE', #2249, 1000.000000000000000 ) ;
#1162 = CARTESIAN_POINT ( 'NONE',  ( -0.7500000000000001110, 0.2000000000000000111, 1.250000000000000444 ) ) ;
#1163 = ORIENTED_EDGE ( 'NONE', *, *, #4430, .T. ) ;
#1164 = CARTESIAN_POINT ( 'NONE',  ( -1.500000000000000222, 0.2000000000000000111, 1.699999999999999734 ) ) ;
#1165 = CARTESIAN_POINT ( 'NONE',  ( 0.2499999999999999445, 0.2000000000000000111, 1.749999999999999556 ) ) ;
#1166 = LINE ( 'NONE', #3509, #7082 ) ;
#1167 = EDGE_LOOP ( 'NONE', ( #4788, #290, #4436, #1449 ) ) ;
#1168 = EDGE_CURVE ( 'NONE', #2720, #846, #1705, .T. ) ;
#1169 = ADVANCED_FACE ( 'NONE', ( #2892 ), #3435, .F. ) ;
#1170 = ORIENTED_EDGE ( 'NONE', *, *, #5522, .F. ) ;
#1171 = CARTESIAN_POINT ( 'NONE',  ( 0.2499999999999999445, 2.436067977499789983, 0.9499999999999995115 ) ) ;
#1172 = LINE ( 'NONE', #3091, #5930 ) ;
#1173 = EDGE_CURVE ( 'NONE', #7455, #7362, #6357, .T. ) ;
#1174 = DIRECTION ( 'NONE',  ( -1.000000000000000000, 0.000000000000000000, -0.000000000000000000 ) ) ;
#1175 = ORIENTED_EDGE ( 'NONE', *, *, #4662, .F. ) ;
#1176 = CARTESIAN_POINT ( 'NONE',  ( -1.649999999999999467, 0.4757359312880715119, -1.550000000000000488 ) ) ;
#1177 = PLANE ( 'NONE',  #3839 ) ;
#1178 = CARTESIAN_POINT ( 'NONE',  ( -1.949999999999999734, 0.1000000000000000056, -0.3750000000000001110 ) ) ;
#1179 = EDGE_LOOP ( 'NONE', ( #6567, #2950, #3959, #642, #2019, #5607 ) ) ;
#1180 = CARTESIAN_POINT ( 'NONE',  ( -1.700000000000001066, 0.2000000000000000944, -0.9499999999999998446 ) ) ;
#1181 = CARTESIAN_POINT ( 'NONE',  ( 2.000000000000000444, 0.2000000000000000111, 1.349999999999999645 ) ) ;
#1182 = EDGE_CURVE ( 'NONE', #1674, #1312, #5263, .T. ) ;
#1183 = CARTESIAN_POINT ( 'NONE',  ( -1.500000000000000444, 0.2000000000000000111, -0.6750000000000000444 ) ) ;
#1184 = ADVANCED_FACE ( 'NONE', ( #626 ), #2326, .F. ) ;
#1185 = ORIENTED_EDGE ( 'NONE', *, *, #6580, .F. ) ;
#1186 = EDGE_CURVE ( 'NONE', #1059, #613, #6467, .T. ) ;
#1187 = ORIENTED_EDGE ( 'NONE', *, *, #6066, .F. ) ;
#1188 = ORIENTED_EDGE ( 'NONE', *, *, #2077, .F. ) ;
#1189 = LINE ( 'NONE', #7071, #4149 ) ;
#1190 = VERTEX_POINT ( 'NONE', #4018 ) ;
#1191 = PLANE ( 'NONE',  #5452 ) ;
#1192 = CARTESIAN_POINT ( 'NONE',  ( -1.500000000000000444, 2.436067977499789983, 0.6749999999999991562 ) ) ;
#1193 = ORIENTED_EDGE ( 'NONE', *, *, #4830, .F. ) ;
#1194 = VECTOR ( 'NONE', #3970, 1000.000000000000000 ) ;
#1195 = EDGE_CURVE ( 'NONE', #157, #1561, #1166, .T. ) ;
#1196 = CARTESIAN_POINT ( 'NONE',  ( 1.800000000000000266, 0.2000000000000000111, 1.699999999999999734 ) ) ;
#1197 = EDGE_LOOP ( 'NONE', ( #3397, #5954, #689, #3571 ) ) ;
#1198 = VECTOR ( 'NONE', #2942, 1000.000000000000000 ) ;
#1199 = FILL_AREA_STYLE_COLOUR ( '', #1029 ) ;
#1200 = SURFACE_STYLE_USAGE ( .BOTH. , #4092 ) ;
#1201 = AXIS2_PLACEMENT_3D ( 'NONE', #1589, #1014, #4412 ) ;
#1202 = LINE ( 'NONE', #7159, #2441 ) ;
#1203 = PLANE ( 'NONE',  #5064 ) ;
#1204 = FACE_OUTER_BOUND ( 'NONE', #5726, .T. ) ;
#1205 = CARTESIAN_POINT ( 'NONE',  ( -1.999999999999999556, 0.1000000000000000056, 0.1499999999999999667 ) ) ;
#1206 = EDGE_LOOP ( 'NONE', ( #4653, #2340, #2353, #7405, #5413, #4821 ) ) ;
#1207 = VECTOR ( 'NONE', #7084, 1000.000000000000000 ) ;
#1208 = ORIENTED_EDGE ( 'NONE', *, *, #5265, .F. ) ;
#1209 = DIRECTION ( 'NONE',  ( 0.000000000000000000, -0.000000000000000000, 1.000000000000000000 ) ) ;
#1210 = CARTESIAN_POINT ( 'NONE',  ( -1.000000000000000222, 0.1000000000000000056, 1.699999999999999734 ) ) ;
#1211 = LINE ( 'NONE', #7017, #1839 ) ;
#1212 = VERTEX_POINT ( 'NONE', #4135 ) ;
#1213 = ORIENTED_EDGE ( 'NONE', *, *, #294, .F. ) ;
#1214 = LINE ( 'NONE', #2939, #3851 ) ;
#1215 = EDGE_CURVE ( 'NONE', #6654, #7223, #6501, .T. ) ;
#1216 = DIRECTION ( 'NONE',  ( 0.000000000000000000, 0.000000000000000000, 1.000000000000000000 ) ) ;
#1217 = DIRECTION ( 'NONE',  ( -1.000000000000000000, 0.000000000000000000, -1.232047923278982353E-17 ) ) ;
#1218 =( GEOMETRIC_REPRESENTATION_CONTEXT ( 3 ) GLOBAL_UNCERTAINTY_ASSIGNED_CONTEXT ( ( #7286 ) ) GLOBAL_UNIT_ASSIGNED_CONTEXT ( ( #2920, #5846, #5185 ) ) REPRESENTATION_CONTEXT ( 'NONE', 'WORKASPACE' ) );
#1219 = ORIENTED_EDGE ( 'NONE', *, *, #5067, .T. ) ;
#1220 = DIRECTION ( 'NONE',  ( -1.000000000000000000, 0.000000000000000000, -0.000000000000000000 ) ) ;
#1221 = VECTOR ( 'NONE', #4053, 1000.000000000000000 ) ;
#1222 = LINE ( 'NONE', #2030, #4719 ) ;
#1223 = CARTESIAN_POINT ( 'NONE',  ( -1.999999999999999556, 0.1000000000000000056, -0.6750000000000000444 ) ) ;
#1224 = ORIENTED_EDGE ( 'NONE', *, *, #3246, .F. ) ;
#1225 = VERTEX_POINT ( 'NONE', #3396 ) ;
#1226 = AXIS2_PLACEMENT_3D ( 'NONE', #7546, #3395, #2216 ) ;
#1227 = ORIENTED_EDGE ( 'NONE', *, *, #1828, .T. ) ;
#1228 = DIRECTION ( 'NONE',  ( 0.000000000000000000, 0.000000000000000000, 1.000000000000000000 ) ) ;
#1229 = AXIS2_PLACEMENT_3D ( 'NONE', #612, #776, #6034 ) ;
#1230 = ORIENTED_EDGE ( 'NONE', *, *, #844, .F. ) ;
#1231 = CARTESIAN_POINT ( 'NONE',  ( -1.949999999999999734, 0.1000000000000000056, 0.9499999999999992895 ) ) ;
#1232 = EDGE_CURVE ( 'NONE', #4663, #555, #5774, .T. ) ;
#1233 = CARTESIAN_POINT ( 'NONE',  ( -1.949999999999999734, 0.1000000000000000056, -1.699999999999999512 ) ) ;
#1234 = ORIENTED_EDGE ( 'NONE', *, *, #3246, .T. ) ;
#1235 = VECTOR ( 'NONE', #1862, 1000.000000000000000 ) ;
#1236 = LINE ( 'NONE', #3578, #6796 ) ;
#1237 = CLOSED_SHELL ( 'NONE', ( #3657, #5258, #3773, #195, #4910, #419, #5974, #847 ) ) ;
#1238 = DIRECTION ( 'NONE',  ( -0.000000000000000000, 0.000000000000000000, -1.000000000000000000 ) ) ;
#1239 = ORIENTED_EDGE ( 'NONE', *, *, #274, .T. ) ;
#1240 = DIRECTION ( 'NONE',  ( -0.000000000000000000, -1.000000000000000000, -0.000000000000000000 ) ) ;
#1241 = SURFACE_STYLE_USAGE ( .BOTH. , #4171 ) ;
#1242 = DIRECTION ( 'NONE',  ( 0.000000000000000000, -0.000000000000000000, -1.000000000000000000 ) ) ;
#1243 = DIRECTION ( 'NONE',  ( -1.000000000000000000, 0.000000000000000000, 0.000000000000000000 ) ) ;
#1244 = CARTESIAN_POINT ( 'NONE',  ( -1.000000000000000222, 0.2000000000000000111, 1.250000000000000444 ) ) ;
#1245 = CARTESIAN_POINT ( 'NONE',  ( 0.000000000000000000, 0.05000000000000000278, -1.250000000000001332 ) ) ;
#1246 = ORIENTED_EDGE ( 'NONE', *, *, #2838, .F. ) ;
#1247 = EDGE_LOOP ( 'NONE', ( #1563, #6002, #3829, #2860 ) ) ;
#1248 = VECTOR ( 'NONE', #1966, 1000.000000000000000 ) ;
#1249 = DIRECTION ( 'NONE',  ( 0.000000000000000000, 0.000000000000000000, 1.000000000000000000 ) ) ;
#1250 = CARTESIAN_POINT ( 'NONE',  ( -0.7500000000000001110, 2.436067977499789983, -1.250000000000001332 ) ) ;
#1251 = VECTOR ( 'NONE', #4818, 999.9999999999998863 ) ;
#1252 = FACE_OUTER_BOUND ( 'NONE', #6416, .T. ) ;
#1253 = ADVANCED_FACE ( 'NONE', ( #82 ), #5378, .T. ) ;
#1254 = ORIENTED_EDGE ( 'NONE', *, *, #3952, .T. ) ;
#1255 = ORIENTED_EDGE ( 'NONE', *, *, #5520, .T. ) ;
#1256 = DIRECTION ( 'NONE',  ( 0.000000000000000000, 0.000000000000000000, 1.000000000000000000 ) ) ;
#1257 = CARTESIAN_POINT ( 'NONE',  ( -1.949999999999999734, 0.1000000000000000056, -1.699999999999999512 ) ) ;
#1258 = CARTESIAN_POINT ( 'NONE',  ( 1.800000000000000266, 0.05000000000000000278, -1.699999999999999512 ) ) ;
#1259 = VECTOR ( 'NONE', #2609, 1000.000000000000000 ) ;
#1260 = ORIENTED_EDGE ( 'NONE', *, *, #2168, .F. ) ;
#1261 = DIRECTION ( 'NONE',  ( -1.000000000000000000, 0.000000000000000000, 0.000000000000000000 ) ) ;
#1262 = CARTESIAN_POINT ( 'NONE',  ( -1.500000000000000222, 0.2000000000000000111, -1.750000000000000444 ) ) ;
#1263 = DIRECTION ( 'NONE',  ( -5.421010862427523156E-16, 0.000000000000000000, -1.000000000000000000 ) ) ;
#1264 = ADVANCED_FACE ( 'NONE', ( #2437 ), #6704, .F. ) ;
#1265 = EDGE_CURVE ( 'NONE', #7213, #4732, #4841, .T. ) ;
#1266 = EDGE_LOOP ( 'NONE', ( #7333, #833, #2264, #2314 ) ) ;
#1267 = EDGE_LOOP ( 'NONE', ( #5532, #6602, #4158, #5592 ) ) ;
#1268 = VECTOR ( 'NONE', #1256, 1000.000000000000000 ) ;
#1269 = SHAPE_DEFINITION_REPRESENTATION ( #5890, #4352 ) ;
#1270 = ORIENTED_EDGE ( 'NONE', *, *, #3198, .T. ) ;
#1271 = CARTESIAN_POINT ( 'NONE',  ( 1.399999999999999911, 0.2000000000000000111, -0.9500000000000002887 ) ) ;
#1272 = EDGE_CURVE ( 'NONE', #3608, #535, #1401, .T. ) ;
#1273 = ORIENTED_EDGE ( 'NONE', *, *, #7318, .F. ) ;
#1274 = LINE ( 'NONE', #690, #2604 ) ;
#1275 = CARTESIAN_POINT ( 'NONE',  ( -1.000000000000000222, 0.000000000000000000, 1.250000000000000444 ) ) ;
#1276 = ORIENTED_EDGE ( 'NONE', *, *, #5075, .F. ) ;
#1277 = VECTOR ( 'NONE', #2287, 1000.000000000000000 ) ;
#1278 = CARTESIAN_POINT ( 'NONE',  ( 1.800000000000000488, 0.2000000000000000111, 1.349999999999999645 ) ) ;
#1279 = LINE ( 'NONE', #3040, #5349 ) ;
#1280 = ORIENTED_EDGE ( 'NONE', *, *, #1732, .F. ) ;
#1281 = PRESENTATION_STYLE_ASSIGNMENT (( #546 ) ) ;
#1282 = CARTESIAN_POINT ( 'NONE',  ( -1.999999999999999556, 0.1000000000000000056, -1.750000000000000444 ) ) ;
#1283 = CARTESIAN_POINT ( 'NONE',  ( -1.850000000000000311, 0.1000000000000000056, 1.749999999999999556 ) ) ;
#1284 = DIRECTION ( 'NONE',  ( -0.000000000000000000, 0.000000000000000000, 1.000000000000000000 ) ) ;
#1285 = VECTOR ( 'NONE', #1461, 1000.000000000000000 ) ;
#1286 = CARTESIAN_POINT ( 'NONE',  ( -1.500000000000000444, 0.2000000000000000111, -0.3750000000000002220 ) ) ;
#1287 = ORIENTED_EDGE ( 'NONE', *, *, #6798, .F. ) ;
#1288 = ORIENTED_EDGE ( 'NONE', *, *, #1997, .T. ) ;
#1289 = EDGE_CURVE ( 'NONE', #1561, #6645, #4253, .T. ) ;
#1290 = DIRECTION ( 'NONE',  ( 0.000000000000000000, -1.000000000000000000, 0.000000000000000000 ) ) ;
#1291 = CARTESIAN_POINT ( 'NONE',  ( -1.999999999999999556, 0.1000000000000000056, -1.750000000000000444 ) ) ;
#1292 = CARTESIAN_POINT ( 'NONE',  ( 2.000000000000000444, 1.000000000000000000, -1.750000000000000444 ) ) ;
#1293 = ORIENTED_EDGE ( 'NONE', *, *, #6509, .T. ) ;
#1294 = ORIENTED_EDGE ( 'NONE', *, *, #5756, .F. ) ;
#1295 = EDGE_CURVE ( 'NONE', #4976, #6715, #7203, .T. ) ;
#1296 = CARTESIAN_POINT ( 'NONE',  ( -1.949999999999999734, 0.1000000000000000056, -1.699999999999999512 ) ) ;
#1297 = ADVANCED_FACE ( 'NONE', ( #7273 ), #3012, .T. ) ;
#1298 = DIRECTION ( 'NONE',  ( 0.000000000000000000, -1.000000000000000000, 0.000000000000000000 ) ) ;
#1299 = LINE ( 'NONE', #3561, #4471 ) ;
#1300 = LINE ( 'NONE', #2039, #7502 ) ;
#1301 = ORIENTED_EDGE ( 'NONE', *, *, #655, .F. ) ;
#1302 = LINE ( 'NONE', #27, #3834 ) ;
#1303 = CARTESIAN_POINT ( 'NONE',  ( 0.6500000000000000222, 0.2000000000000000111, -1.750000000000000444 ) ) ;
#1304 = EDGE_LOOP ( 'NONE', ( #1230, #2777, #1306, #4800 ) ) ;
#1305 = ORIENTED_EDGE ( 'NONE', *, *, #6508, .T. ) ;
#1306 = ORIENTED_EDGE ( 'NONE', *, *, #1136, .T. ) ;
#1307 = PLANE ( 'NONE',  #1079 ) ;
#1308 = EDGE_CURVE ( 'NONE', #512, #6684, #3588, .T. ) ;
#1309 = ORIENTED_EDGE ( 'NONE', *, *, #2916, .F. ) ;
#1310 = CARTESIAN_POINT ( 'NONE',  ( 1.399999999999999911, 0.09999999999999982514, -0.9500000000000002887 ) ) ;
#1311 = PLANE ( 'NONE',  #1229 ) ;
#1312 = VERTEX_POINT ( 'NONE', #2478 ) ;
#1313 = DIRECTION ( 'NONE',  ( 0.000000000000000000, 0.000000000000000000, 1.000000000000000000 ) ) ;
#1314 = DIRECTION ( 'NONE',  ( -1.000000000000000000, 0.000000000000000000, 0.000000000000000000 ) ) ;
#1315 = ORIENTED_EDGE ( 'NONE', *, *, #1122, .F. ) ;
#1316 = DIRECTION ( 'NONE',  ( 0.000000000000000000, -0.000000000000000000, -1.000000000000000000 ) ) ;
#1317 = EDGE_CURVE ( 'NONE', #886, #6807, #1322, .T. ) ;
#1318 = CARTESIAN_POINT ( 'NONE',  ( -1.999999999999999556, 0.2000000000000000111, 0.1500000000000000222 ) ) ;
#1319 = VECTOR ( 'NONE', #3774, 1000.000000000000000 ) ;
#1320 = LINE ( 'NONE', #1902, #5687 ) ;
#1321 = FACE_OUTER_BOUND ( 'NONE', #2767, .T. ) ;
#1322 = LINE ( 'NONE', #4292, #144 ) ;
#1323 = EDGE_LOOP ( 'NONE', ( #1073, #6448, #4900, #3495 ) ) ;
#1324 = AXIS2_PLACEMENT_3D ( 'NONE', #3808, #3115, #4940 ) ;
#1325 = DIRECTION ( 'NONE',  ( 1.000000000000000000, 0.000000000000000000, -0.000000000000000000 ) ) ;
#1326 = LINE ( 'NONE', #3513, #6803 ) ;
#1327 = DIRECTION ( 'NONE',  ( 0.000000000000000000, 0.000000000000000000, -1.000000000000000000 ) ) ;
#1328 = EDGE_CURVE ( 'NONE', #6574, #5286, #7163, .T. ) ;
#1329 = AXIS2_PLACEMENT_3D ( 'NONE', #2111, #3914, #327 ) ;
#1330 = EDGE_LOOP ( 'NONE', ( #3532, #7601, #261, #1276 ) ) ;
#1331 = ORIENTED_EDGE ( 'NONE', *, *, #1033, .F. ) ;
#1332 = EDGE_CURVE ( 'NONE', #448, #6427, #4760, .T. ) ;
#1333 = PLANE ( 'NONE',  #6552 ) ;
#1334 = MANIFOLD_SOLID_BREP ( 'Cut-Extrude2[4]', #1237 ) ;
#1335 = CARTESIAN_POINT ( 'NONE',  ( -1.999999999999999556, 2.436067977499789983, -0.9499999999999998446 ) ) ;
#1336 = DIRECTION ( 'NONE',  ( 1.000000000000000000, 0.000000000000000000, 0.000000000000000000 ) ) ;
#1337 = CARTESIAN_POINT ( 'NONE',  ( 0.6500000000000000222, 0.2000000000000000111, 0.9499999999999995115 ) ) ;
#1338 = VERTEX_POINT ( 'NONE', #3162 ) ;
#1339 = CARTESIAN_POINT ( 'NONE',  ( 1.949999999999999734, 0.1000000000000000056, -1.699999999999999512 ) ) ;
#1340 = CARTESIAN_POINT ( 'NONE',  ( 1.800000000000000488, 0.000000000000000000, -1.350000000000000533 ) ) ;
#1341 = ORIENTED_EDGE ( 'NONE', *, *, #1272, .T. ) ;
#1342 = VERTEX_POINT ( 'NONE', #5543 ) ;
#1343 = ORIENTED_EDGE ( 'NONE', *, *, #6118, .F. ) ;
#1344 = STYLED_ITEM ( 'NONE', ( #4295 ), #3854 ) ;
#1345 = CARTESIAN_POINT ( 'NONE',  ( -1.700000000000001066, 0.2000000000000000944, -0.9499999999999998446 ) ) ;
#1346 = ORIENTED_EDGE ( 'NONE', *, *, #3752, .T. ) ;
#1347 = LINE ( 'NONE', #338, #6559 ) ;
#1348 = DIRECTION ( 'NONE',  ( 0.000000000000000000, 1.000000000000000000, 0.000000000000000000 ) ) ;
#1349 = ORIENTED_EDGE ( 'NONE', *, *, #7480, .T. ) ;
#1350 = PLANE ( 'NONE',  #1650 ) ;
#1351 = VECTOR ( 'NONE', #1647, 1000.000000000000000 ) ;
#1352 = FACE_OUTER_BOUND ( 'NONE', #7367, .T. ) ;
#1353 = VERTEX_POINT ( 'NONE', #7122 ) ;
#1354 = CARTESIAN_POINT ( 'NONE',  ( -1.000000000000000222, 2.436067977499789983, -1.250000000000001332 ) ) ;
#1355 = PLANE ( 'NONE',  #5898 ) ;
#1356 = VECTOR ( 'NONE', #1125, 1000.000000000000000 ) ;
#1357 = DIRECTION ( 'NONE',  ( 0.000000000000000000, 0.000000000000000000, -1.000000000000000000 ) ) ;
#1358 = CARTESIAN_POINT ( 'NONE',  ( -1.999999999999999556, 0.1000000000000000056, 1.749999999999999556 ) ) ;
#1359 =( NAMED_UNIT ( * ) SI_UNIT ( $, .STERADIAN. ) SOLID_ANGLE_UNIT ( ) );
#1360 = AXIS2_PLACEMENT_3D ( 'NONE', #5417, #6542, #6041 ) ;
#1361 = ORIENTED_EDGE ( 'NONE', *, *, #1182, .T. ) ;
#1362 = ADVANCED_FACE ( 'NONE', ( #1821 ), #6623, .F. ) ;
#1363 = DIRECTION ( 'NONE',  ( 0.000000000000000000, 0.000000000000000000, -1.000000000000000000 ) ) ;
#1364 = EDGE_CURVE ( 'NONE', #1421, #5362, #6164, .T. ) ;
#1365 = CARTESIAN_POINT ( 'NONE',  ( 0.2499999999999999445, 2.436067977499789983, 1.699999999999999734 ) ) ;
#1366 = ORIENTED_EDGE ( 'NONE', *, *, #5253, .F. ) ;
#1367 = ORIENTED_EDGE ( 'NONE', *, *, #7005, .T. ) ;
#1368 = ORIENTED_EDGE ( 'NONE', *, *, #5050, .T. ) ;
#1369 = EDGE_CURVE ( 'NONE', #4775, #808, #3897, .T. ) ;
#1370 = LINE ( 'NONE', #800, #1393 ) ;
#1371 = VECTOR ( 'NONE', #965, 1000.000000000000000 ) ;
#1372 = CARTESIAN_POINT ( 'NONE',  ( -1.000000000000000222, 0.2000000000000000111, -1.699999999999999512 ) ) ;
#1373 = DIRECTION ( 'NONE',  ( -0.000000000000000000, 0.000000000000000000, -1.000000000000000000 ) ) ;
#1374 = VERTEX_POINT ( 'NONE', #314 ) ;
#1375 = LINE ( 'NONE', #5600, #1506 ) ;
#1376 = CARTESIAN_POINT ( 'NONE',  ( 1.800000000000000266, 0.04999999999999999584, 1.699999999999999734 ) ) ;
#1377 = EDGE_CURVE ( 'NONE', #7335, #1762, #5110, .T. ) ;
#1378 = ORIENTED_EDGE ( 'NONE', *, *, #3753, .T. ) ;
#1379 = EDGE_LOOP ( 'NONE', ( #4978, #2688, #1528, #4312, #7537, #6142 ) ) ;
#1380 = ADVANCED_FACE ( 'NONE', ( #2138 ), #4376, .F. ) ;
#1381 = VERTEX_POINT ( 'NONE', #6742 ) ;
#1382 = CARTESIAN_POINT ( 'NONE',  ( -1.850000000000000311, 0.2000000000000000111, -1.350000000000000089 ) ) ;
#1383 = EDGE_CURVE ( 'NONE', #950, #6286, #5071, .T. ) ;
#1384 = AXIS2_PLACEMENT_3D ( 'NONE', #3250, #1483, #3828 ) ;
#1385 = VECTOR ( 'NONE', #4856, 1000.000000000000000 ) ;
#1386 = CARTESIAN_POINT ( 'NONE',  ( -1.250000000000000222, 0.2000000000000000111, -1.250000000000001332 ) ) ;
#1387 = MANIFOLD_SOLID_BREP ( 'Cut-Extrude2[3]', #2669 ) ;
#1388 = VERTEX_POINT ( 'NONE', #4995 ) ;
#1389 = CARTESIAN_POINT ( 'NONE',  ( -1.649999999999999467, 0.9000000000000000222, -1.400000000000000355 ) ) ;
#1390 = DIRECTION ( 'NONE',  ( -0.000000000000000000, -1.000000000000000000, -0.000000000000000000 ) ) ;
#1391 = ORIENTED_EDGE ( 'NONE', *, *, #4619, .F. ) ;
#1392 = CARTESIAN_POINT ( 'NONE',  ( -1.500000000000000222, 0.000000000000000000, -1.149999999999999911 ) ) ;
#1393 = VECTOR ( 'NONE', #3216, 1000.000000000000000 ) ;
#1394 = DIRECTION ( 'NONE',  ( 0.000000000000000000, 0.000000000000000000, 1.000000000000000000 ) ) ;
#1395 = ORIENTED_EDGE ( 'NONE', *, *, #3963, .F. ) ;
#1396 = ADVANCED_FACE ( 'NONE', ( #392 ), #977, .F. ) ;
#1397 =( GEOMETRIC_REPRESENTATION_CONTEXT ( 3 ) GLOBAL_UNCERTAINTY_ASSIGNED_CONTEXT ( ( #5040 ) ) GLOBAL_UNIT_ASSIGNED_CONTEXT ( ( #6727, #5568, #2619 ) ) REPRESENTATION_CONTEXT ( 'NONE', 'WORKASPACE' ) );
#1398 = CARTESIAN_POINT ( 'NONE',  ( -1.700000000000001066, 0.2000000000000000944, -0.9499999999999998446 ) ) ;
#1399 = CARTESIAN_POINT ( 'NONE',  ( 0.000000000000000000, -0.000000000000000000, -1.699999999999999512 ) ) ;
#1400 = CARTESIAN_POINT ( 'NONE',  ( 0.2499999999999999445, 0.04999999999999999584, 0.9499999999999995115 ) ) ;
#1401 = LINE ( 'NONE', #5420, #4729 ) ;
#1402 = EDGE_CURVE ( 'NONE', #983, #5936, #5654, .T. ) ;
#1403 = ORIENTED_EDGE ( 'NONE', *, *, #3676, .F. ) ;
#1404 = DIRECTION ( 'NONE',  ( -0.7071067811865487940, 0.000000000000000000, 0.7071067811865463515 ) ) ;
#1405 = CARTESIAN_POINT ( 'NONE',  ( 2.000000000000000444, 0.1000000000000000056, -0.1999999999999998723 ) ) ;
#1406 = EDGE_CURVE ( 'NONE', #7191, #4468, #2059, .T. ) ;
#1407 = EDGE_CURVE ( 'NONE', #5911, #6351, #3315, .T. ) ;
#1408 = PLANE ( 'NONE',  #4677 ) ;
#1409 = LINE ( 'NONE', #28, #6210 ) ;
#1410 = VERTEX_POINT ( 'NONE', #2706 ) ;
#1411 = ADVANCED_FACE ( 'NONE', ( #2173 ), #4526, .T. ) ;
#1412 = ORIENTED_EDGE ( 'NONE', *, *, #1596, .F. ) ;
#1413 = VECTOR ( 'NONE', #7543, 1000.000000000000000 ) ;
#1414 = VERTEX_POINT ( 'NONE', #2595 ) ;
#1415 = UNCERTAINTY_MEASURE_WITH_UNIT (LENGTH_MEASURE( 1.000000000000000082E-05 ), #6745, 'distance_accuracy_value', 'NONE');
#1416 = DIRECTION ( 'NONE',  ( 0.000000000000000000, -1.000000000000000000, 0.000000000000000000 ) ) ;
#1417 = DIRECTION ( 'NONE',  ( 0.000000000000000000, 1.000000000000000000, 0.000000000000000000 ) ) ;
#1418 = DIRECTION ( 'NONE',  ( -1.000000000000000000, 0.000000000000000000, -1.232047923278982199E-17 ) ) ;
#1419 = EDGE_LOOP ( 'NONE', ( #3511, #2256, #301, #675, #3411, #2239 ) ) ;
#1420 = DIRECTION ( 'NONE',  ( 1.000000000000000000, -0.000000000000000000, -0.000000000000000000 ) ) ;
#1421 = VERTEX_POINT ( 'NONE', #4957 ) ;
#1422 = ORIENTED_EDGE ( 'NONE', *, *, #1974, .F. ) ;
#1423 = ORIENTED_EDGE ( 'NONE', *, *, #4499, .F. ) ;
#1424 = CARTESIAN_POINT ( 'NONE',  ( -1.000000000000000222, 0.2000000000000000944, -1.250000000000001332 ) ) ;
#1425 = CARTESIAN_POINT ( 'NONE',  ( 0.000000000000000000, 0.1000000000000000056, 0.000000000000000000 ) ) ;
#1426 = LINE ( 'NONE', #852, #7006 ) ;
#1427 = MANIFOLD_SOLID_BREP ( 'Cut-Extrude2[10]', #5021 ) ;
#1428 = ORIENTED_EDGE ( 'NONE', *, *, #21, .T. ) ;
#1429 = LINE ( 'NONE', #2580, #7424 ) ;
#1430 = DIRECTION ( 'NONE',  ( -1.000000000000000000, 0.000000000000000000, -1.807003620809175125E-16 ) ) ;
#1431 = VERTEX_POINT ( 'NONE', #7042 ) ;
#1432 = EDGE_CURVE ( 'NONE', #6489, #1011, #7312, .T. ) ;
#1433 = CARTESIAN_POINT ( 'NONE',  ( 0.2499999999999999445, 0.2000000000000000944, 0.9499999999999995115 ) ) ;
#1434 = CARTESIAN_POINT ( 'NONE',  ( 1.999999999999999556, 0.2000000000000000111, 0.9499999999999995115 ) ) ;
#1435 = EDGE_LOOP ( 'NONE', ( #6169, #101, #4822, #6983 ) ) ;
#1436 = ORIENTED_EDGE ( 'NONE', *, *, #1900, .F. ) ;
#1437 = DIRECTION ( 'NONE',  ( 1.000000000000000000, -0.000000000000000000, -0.000000000000000000 ) ) ;
#1438 = CARTESIAN_POINT ( 'NONE',  ( -1.500000000000000222, 0.09999999999999982514, -1.149999999999999911 ) ) ;
#1439 = DIRECTION ( 'NONE',  ( 1.355252715606880296E-16, 0.000000000000000000, 1.000000000000000000 ) ) ;
#1440 = SURFACE_STYLE_USAGE ( .BOTH. , #6202 ) ;
#1441 = MANIFOLD_SOLID_BREP ( 'Cut-Extrude2[6]', #996 ) ;
#1442 = PRESENTATION_LAYER_ASSIGNMENT (  '', '', ( #7369 ) ) ;
#1443 = LINE ( 'NONE', #4960, #1143 ) ;
#1444 = SURFACE_STYLE_USAGE ( .BOTH. , #6128 ) ;
#1445 = CARTESIAN_POINT ( 'NONE',  ( 1.999999999999999556, 0.000000000000000000, 0.9499999999999995115 ) ) ;
#1446 = FACE_OUTER_BOUND ( 'NONE', #5614, .T. ) ;
#1447 = ORIENTED_EDGE ( 'NONE', *, *, #201, .F. ) ;
#1448 = VECTOR ( 'NONE', #2378, 1000.000000000000000 ) ;
#1449 = ORIENTED_EDGE ( 'NONE', *, *, #3899, .F. ) ;
#1450 = EDGE_LOOP ( 'NONE', ( #4385, #3483, #5996, #7570, #2564, #6172 ) ) ;
#1451 = DIRECTION ( 'NONE',  ( -1.000000000000000000, -0.000000000000000000, -0.000000000000000000 ) ) ;
#1452 = CARTESIAN_POINT ( 'NONE',  ( 1.399999999999999911, 0.1000000000000000056, -1.699999999999999512 ) ) ;
#1453 = VECTOR ( 'NONE', #1217, 1000.000000000000000 ) ;
#1454 = DIRECTION ( 'NONE',  ( -0.000000000000000000, 0.000000000000000000, 1.000000000000000000 ) ) ;
#1455 = EDGE_LOOP ( 'NONE', ( #7462, #6487, #1740, #2149 ) ) ;
#1456 = CARTESIAN_POINT ( 'NONE',  ( -1.949999999999999734, 0.05000000000000000278, 0.6749999999999991562 ) ) ;
#1457 = VECTOR ( 'NONE', #975, 1000.000000000000000 ) ;
#1458 = ORIENTED_EDGE ( 'NONE', *, *, #3515, .F. ) ;
#1459 = EDGE_CURVE ( 'NONE', #6733, #3539, #5146, .T. ) ;
#1460 = ORIENTED_EDGE ( 'NONE', *, *, #6209, .F. ) ;
#1461 = DIRECTION ( 'NONE',  ( 0.000000000000000000, -1.000000000000000000, 0.000000000000000000 ) ) ;
#1462 = LINE ( 'NONE', #5053, #1896 ) ;
#1463 = FACE_OUTER_BOUND ( 'NONE', #5295, .T. ) ;
#1464 = EDGE_LOOP ( 'NONE', ( #5574, #4852, #3220, #2652 ) ) ;
#1465 = DIRECTION ( 'NONE',  ( -1.000000000000000000, 0.000000000000000000, 0.000000000000000000 ) ) ;
#1466 = DIRECTION ( 'NONE',  ( 0.000000000000000000, 0.000000000000000000, 1.000000000000000000 ) ) ;
#1467 = VERTEX_POINT ( 'NONE', #6458 ) ;
#1468 = DIRECTION ( 'NONE',  ( 1.000000000000000000, 0.000000000000000000, 0.000000000000000000 ) ) ;
#1469 = DIRECTION ( 'NONE',  ( 1.000000000000000000, -0.000000000000000000, 0.000000000000000000 ) ) ;
#1470 = STYLED_ITEM ( 'NONE', ( #5548 ), #3865 ) ;
#1471 = ORIENTED_EDGE ( 'NONE', *, *, #3889, .F. ) ;
#1472 = EDGE_CURVE ( 'NONE', #5840, #7087, #2319, .T. ) ;
#1473 = VERTEX_POINT ( 'NONE', #2285 ) ;
#1474 = CARTESIAN_POINT ( 'NONE',  ( 0.6500000000000000222, 0.2000000000000000111, 1.749999999999999556 ) ) ;
#1475 = LINE ( 'NONE', #1438, #5059 ) ;
#1476 = AXIS2_PLACEMENT_3D ( 'NONE', #4417, #2029, #1986 ) ;
#1477 = AXIS2_PLACEMENT_3D ( 'NONE', #5418, #1980, #2517 ) ;
#1478 = LINE ( 'NONE', #3783, #4484 ) ;
#1479 = LINE ( 'NONE', #3825, #7395 ) ;
#1480 = ADVANCED_FACE ( 'NONE', ( #7505 ), #5804, .T. ) ;
#1481 = AXIS2_PLACEMENT_3D ( 'NONE', #3190, #7417, #4438 ) ;
#1482 = FACE_OUTER_BOUND ( 'NONE', #3615, .T. ) ;
#1483 = DIRECTION ( 'NONE',  ( 0.000000000000000000, 1.000000000000000000, 0.000000000000000000 ) ) ;
#1484 = VERTEX_POINT ( 'NONE', #3466 ) ;
#1485 = VECTOR ( 'NONE', #6011, 1000.000000000000000 ) ;
#1486 = ORIENTED_EDGE ( 'NONE', *, *, #807, .T. ) ;
#1487 = VERTEX_POINT ( 'NONE', #1666 ) ;
#1488 = UNCERTAINTY_MEASURE_WITH_UNIT (LENGTH_MEASURE( 1.000000000000000082E-05 ), #3781, 'distance_accuracy_value', 'NONE');
#1489 = PLANE ( 'NONE',  #7199 ) ;
#1490 = CARTESIAN_POINT ( 'NONE',  ( -0.7500000000000000000, 0.1000000000000000056, 1.699999999999999734 ) ) ;
#1491 = EDGE_CURVE ( 'NONE', #442, #3881, #5224, .T. ) ;
#1492 = CARTESIAN_POINT ( 'NONE',  ( -0.2000000000000005662, 0.2000000000000000944, -0.2000000000000000111 ) ) ;
#1493 = ORIENTED_EDGE ( 'NONE', *, *, #3362, .F. ) ;
#1494 = DIRECTION ( 'NONE',  ( -0.000000000000000000, 0.000000000000000000, -1.000000000000000000 ) ) ;
#1495 = ORIENTED_EDGE ( 'NONE', *, *, #801, .F. ) ;
#1496 = ORIENTED_EDGE ( 'NONE', *, *, #3880, .F. ) ;
#1497 = VECTOR ( 'NONE', #7228, 1000.000000000000000 ) ;
#1498 = CARTESIAN_POINT ( 'NONE',  ( -1.500000000000000222, 0.000000000000000000, -0.1500000000000000222 ) ) ;
#1499 = DIRECTION ( 'NONE',  ( -1.000000000000000000, -0.000000000000000000, -1.232047923278982199E-17 ) ) ;
#1500 = MANIFOLD_SOLID_BREP ( 'Cut-Extrude2[13]', #4021 ) ;
#1501 = ORIENTED_EDGE ( 'NONE', *, *, #1946, .F. ) ;
#1502 = CARTESIAN_POINT ( 'NONE',  ( -1.000000000000000222, 0.05000000000000000278, -1.699999999999999512 ) ) ;
#1503 = DIRECTION ( 'NONE',  ( -1.000000000000000000, 0.000000000000000000, 0.000000000000000000 ) ) ;
#1504 = ADVANCED_FACE ( 'NONE', ( #7231 ), #2248, .F. ) ;
#1505 = EDGE_CURVE ( 'NONE', #6848, #57, #6078, .T. ) ;
#1506 = VECTOR ( 'NONE', #842, 1000.000000000000000 ) ;
#1507 = LINE ( 'NONE', #2125, #5111 ) ;
#1508 = VECTOR ( 'NONE', #1565, 1000.000000000000000 ) ;
#1509 = DIRECTION ( 'NONE',  ( -0.000000000000000000, -1.000000000000000000, -0.000000000000000000 ) ) ;
#1510 = ORIENTED_EDGE ( 'NONE', *, *, #5808, .T. ) ;
#1511 = EDGE_CURVE ( 'NONE', #2994, #2645, #111, .T. ) ;
#1512 = DIRECTION ( 'NONE',  ( 0.000000000000000000, 0.000000000000000000, 1.000000000000000000 ) ) ;
#1513 = EDGE_LOOP ( 'NONE', ( #3765, #7295, #592, #1219 ) ) ;
#1514 = DIRECTION ( 'NONE',  ( 0.000000000000000000, -1.000000000000000000, 0.000000000000000000 ) ) ;
#1515 = VECTOR ( 'NONE', #5831, 1000.000000000000000 ) ;
#1516 = LINE ( 'NONE', #7427, #2938 ) ;
#1517 = AXIS2_PLACEMENT_3D ( 'NONE', #1914, #2568, #5629 ) ;
#1518 = DIRECTION ( 'NONE',  ( 1.000000000000000000, 0.000000000000000000, 2.168404344971012566E-16 ) ) ;
#1519 = MECHANICAL_DESIGN_GEOMETRIC_PRESENTATION_REPRESENTATION (  '', ( #6342 ), #6591 ) ;
#1520 = DIRECTION ( 'NONE',  ( 0.000000000000000000, 1.000000000000000000, 0.000000000000000000 ) ) ;
#1521 = SURFACE_SIDE_STYLE ('',( #6823 ) ) ;
#1522 = ADVANCED_FACE ( 'NONE', ( #2428 ), #4281, .T. ) ;
#1523 = DIRECTION ( 'NONE',  ( 0.000000000000000000, -1.000000000000000000, 0.000000000000000000 ) ) ;
#1524 = PLANE ( 'NONE',  #4339 ) ;
#1525 = ORIENTED_EDGE ( 'NONE', *, *, #748, .T. ) ;
#1526 = AXIS2_PLACEMENT_3D ( 'NONE', #2323, #4091, #5261 ) ;
#1527 = EDGE_CURVE ( 'NONE', #6837, #1338, #4167, .T. ) ;
#1528 = ORIENTED_EDGE ( 'NONE', *, *, #832, .T. ) ;
#1529 = ORIENTED_EDGE ( 'NONE', *, *, #5710, .F. ) ;
#1530 = DIRECTION ( 'NONE',  ( 0.000000000000000000, -0.000000000000000000, 1.000000000000000000 ) ) ;
#1531 = CARTESIAN_POINT ( 'NONE',  ( -1.999999999999999556, 0.2000000000000000111, -1.350000000000000089 ) ) ;
#1532 = DIRECTION ( 'NONE',  ( 0.000000000000000000, 1.000000000000000000, 0.000000000000000000 ) ) ;
#1533 = ORIENTED_EDGE ( 'NONE', *, *, #3803, .T. ) ;
#1534 = CARTESIAN_POINT ( 'NONE',  ( 2.000000000000000444, 0.1000000000000000056, 1.349999999999999645 ) ) ;
#1535 =( GEOMETRIC_REPRESENTATION_CONTEXT ( 3 ) GLOBAL_UNCERTAINTY_ASSIGNED_CONTEXT ( ( #4343 ) ) GLOBAL_UNIT_ASSIGNED_CONTEXT ( ( #74, #192, #7192 ) ) REPRESENTATION_CONTEXT ( 'NONE', 'WORKASPACE' ) );
#1536 = AXIS2_PLACEMENT_3D ( 'NONE', #7078, #5847, #3005 ) ;
#1537 = EDGE_CURVE ( 'NONE', #535, #950, #1856, .T. ) ;
#1538 = ORIENTED_EDGE ( 'NONE', *, *, #7385, .F. ) ;
#1539 = LINE ( 'NONE', #186, #3489 ) ;
#1540 = CARTESIAN_POINT ( 'NONE',  ( -1.000000000000000222, 0.2000000000000000111, -1.749999999999999556 ) ) ;
#1541 = CARTESIAN_POINT ( 'NONE',  ( -1.949999999999999734, 0.1000000000000000056, 0.6749999999999991562 ) ) ;
#1542 = EDGE_LOOP ( 'NONE', ( #1575, #2372, #2348, #1112 ) ) ;
#1543 = LINE ( 'NONE', #3886, #5200 ) ;
#1544 = CARTESIAN_POINT ( 'NONE',  ( -1.999999999999999556, 0.2000000000000000111, -0.6750000000000000444 ) ) ;
#1545 = DIRECTION ( 'NONE',  ( 0.000000000000000000, -0.000000000000000000, 1.000000000000000000 ) ) ;
#1546 = ORIENTED_EDGE ( 'NONE', *, *, #3193, .F. ) ;
#1547 = CARTESIAN_POINT ( 'NONE',  ( -1.500000000000000444, 0.2000000000000000944, -0.6750000000000000444 ) ) ;
#1548 = ORIENTED_EDGE ( 'NONE', *, *, #2974, .F. ) ;
#1549 = ADVANCED_FACE ( 'NONE', ( #2510 ), #1350, .T. ) ;
#1550 = DIRECTION ( 'NONE',  ( 1.000000000000000000, 0.000000000000000000, 0.000000000000000000 ) ) ;
#1551 = VERTEX_POINT ( 'NONE', #3693 ) ;
#1552 = CARTESIAN_POINT ( 'NONE',  ( 1.949999999999999734, 0.1000000000000000056, 0.2000000000000000944 ) ) ;
#1553 = CARTESIAN_POINT ( 'NONE',  ( -1.500000000000000444, 0.2000000000000000944, 0.6749999999999991562 ) ) ;
#1554 =( NAMED_UNIT ( * ) SI_UNIT ( $, .STERADIAN. ) SOLID_ANGLE_UNIT ( ) );
#1555 = DIRECTION ( 'NONE',  ( 1.000000000000000000, 0.000000000000000000, -0.000000000000000000 ) ) ;
#1556 = EDGE_CURVE ( 'NONE', #3223, #810, #693, .T. ) ;
#1557 = DIRECTION ( 'NONE',  ( 1.000000000000000000, -0.000000000000000000, -0.000000000000000000 ) ) ;
#1558 = DIRECTION ( 'NONE',  ( -0.000000000000000000, 0.000000000000000000, 1.000000000000000000 ) ) ;
#1559 = LINE ( 'NONE', #5737, #1970 ) ;
#1560 = FACE_OUTER_BOUND ( 'NONE', #2912, .T. ) ;
#1561 = VERTEX_POINT ( 'NONE', #4906 ) ;
#1562 = ORIENTED_EDGE ( 'NONE', *, *, #7268, .T. ) ;
#1563 = ORIENTED_EDGE ( 'NONE', *, *, #910, .T. ) ;
#1564 = DIRECTION ( 'NONE',  ( -1.000000000000000000, 0.000000000000000000, -0.000000000000000000 ) ) ;
#1565 = DIRECTION ( 'NONE',  ( 0.000000000000000000, -1.000000000000000000, 0.000000000000000000 ) ) ;
#1566 = EDGE_CURVE ( 'NONE', #536, #5026, #5916, .T. ) ;
#1567 = LINE ( 'NONE', #6329, #3042 ) ;
#1568 = CARTESIAN_POINT ( 'NONE',  ( 0.000000000000000000, 0.2000000000000000111, 0.000000000000000000 ) ) ;
#1569 = AXIS2_PLACEMENT_3D ( 'NONE', #5885, #5415, #4756 ) ;
#1570 = EDGE_CURVE ( 'NONE', #929, #3644, #4323, .T. ) ;
#1571 = VECTOR ( 'NONE', #6764, 1000.000000000000000 ) ;
#1572 = DIRECTION ( 'NONE',  ( 0.000000000000000000, 1.000000000000000000, 0.000000000000000000 ) ) ;
#1573 = LINE ( 'NONE', #6294, #6950 ) ;
#1574 = CARTESIAN_POINT ( 'NONE',  ( 1.800000000000000266, 0.2000000000000000111, -1.699999999999999512 ) ) ;
#1575 = ORIENTED_EDGE ( 'NONE', *, *, #126, .F. ) ;
#1576 = CARTESIAN_POINT ( 'NONE',  ( 0.2499999999999999445, 0.2000000000000000111, 1.749999999999999556 ) ) ;
#1577 = LINE ( 'NONE', #2874, #5092 ) ;
#1578 = CARTESIAN_POINT ( 'NONE',  ( -1.949999999999999734, 0.1000000000000000056, 0.6749999999999991562 ) ) ;
#1579 = FACE_OUTER_BOUND ( 'NONE', #6579, .T. ) ;
#1580 = AXIS2_PLACEMENT_3D ( 'NONE', #3009, #2434, #4794 ) ;
#1581 = VERTEX_POINT ( 'NONE', #5330 ) ;
#1582 = PLANE ( 'NONE',  #6603 ) ;
#1583 = EDGE_LOOP ( 'NONE', ( #7184, #4799, #2402, #5689, #4505, #2068 ) ) ;
#1584 = CARTESIAN_POINT ( 'NONE',  ( -1.999999999999999556, 0.2000000000000000944, -1.350000000000000089 ) ) ;
#1585 = ORIENTED_EDGE ( 'NONE', *, *, #3993, .T. ) ;
#1586 = LINE ( 'NONE', #2208, #5819 ) ;
#1587 = EDGE_CURVE ( 'NONE', #2611, #7057, #1236, .T. ) ;
#1588 = CARTESIAN_POINT ( 'NONE',  ( 1.800000000000000488, 0.2000000000000000111, 1.349999999999999645 ) ) ;
#1589 = CARTESIAN_POINT ( 'NONE',  ( 0.000000000000000000, 0.000000000000000000, 0.000000000000000000 ) ) ;
#1590 = DIRECTION ( 'NONE',  ( 0.000000000000000000, 0.000000000000000000, 1.000000000000000000 ) ) ;
#1591 = LINE ( 'NONE', #2214, #3112 ) ;
#1592 = MECHANICAL_DESIGN_GEOMETRIC_PRESENTATION_REPRESENTATION (  '', ( #4797 ), #4428 ) ;
#1593 = LINE ( 'NONE', #6319, #7400 ) ;
#1594 = FACE_OUTER_BOUND ( 'NONE', #6961, .T. ) ;
#1595 = ORIENTED_EDGE ( 'NONE', *, *, #5388, .T. ) ;
#1596 = EDGE_CURVE ( 'NONE', #5026, #860, #6575, .T. ) ;
#1597 = EDGE_CURVE ( 'NONE', #2525, #4585, #118, .T. ) ;
#1598 = EDGE_LOOP ( 'NONE', ( #7415, #3742, #2321, #1246, #6786, #1294 ) ) ;
#1599 = VECTOR ( 'NONE', #5035, 1000.000000000000000 ) ;
#1600 = ORIENTED_EDGE ( 'NONE', *, *, #4770, .T. ) ;
#1601 = CARTESIAN_POINT ( 'NONE',  ( -1.324999999999997513, 0.05000000000000000278, -1.325000000000002176 ) ) ;
#1602 = EDGE_CURVE ( 'NONE', #3612, #2882, #3652, .T. ) ;
#1603 = VECTOR ( 'NONE', #5728, 1000.000000000000000 ) ;
#1604 = DIRECTION ( 'NONE',  ( -1.000000000000000000, -0.000000000000000000, -0.000000000000000000 ) ) ;
#1605 = CARTESIAN_POINT ( 'NONE',  ( -1.500000000000000222, 0.04999999999999999584, -0.1500000000000000222 ) ) ;
#1606 = DIRECTION ( 'NONE',  ( 1.000000000000000000, 0.000000000000000000, -0.000000000000000000 ) ) ;
#1607 = CIRCLE ( 'NONE', #1, 0.1499999999999999667 ) ;
#1608 = ORIENTED_EDGE ( 'NONE', *, *, #1364, .T. ) ;
#1609 = AXIS2_PLACEMENT_3D ( 'NONE', #4914, #4837, #664 ) ;
#1610 = DIRECTION ( 'NONE',  ( -0.000000000000000000, -1.000000000000000000, -0.000000000000000000 ) ) ;
#1611 = FACE_OUTER_BOUND ( 'NONE', #4485, .T. ) ;
#1612 = LINE ( 'NONE', #336, #960 ) ;
#1613 = EDGE_LOOP ( 'NONE', ( #3633, #4299, #4592, #1867, #4157, #692 ) ) ;
#1614 = LINE ( 'NONE', #4036, #2963 ) ;
#1615 = FACE_OUTER_BOUND ( 'NONE', #4391, .T. ) ;
#1616 = ADVANCED_FACE ( 'NONE', ( #3080 ), #5453, .F. ) ;
#1617 = FACE_OUTER_BOUND ( 'NONE', #1247, .T. ) ;
#1618 = ADVANCED_FACE ( 'NONE', ( #6810 ), #3233, .T. ) ;
#1619 = VECTOR ( 'NONE', #7528, 1000.000000000000000 ) ;
#1620 = EDGE_CURVE ( 'NONE', #2566, #6097, #2625, .T. ) ;
#1621 = ORIENTED_EDGE ( 'NONE', *, *, #3422, .T. ) ;
#1622 = EDGE_CURVE ( 'NONE', #668, #3274, #6734, .T. ) ;
#1623 = LINE ( 'NONE', #2130, #671 ) ;
#1624 = ORIENTED_EDGE ( 'NONE', *, *, #922, .T. ) ;
#1625 = CARTESIAN_POINT ( 'NONE',  ( 0.2500000000000000000, 0.000000000000000000, -1.699999999999999512 ) ) ;
#1626 = VECTOR ( 'NONE', #1999, 1000.000000000000000 ) ;
#1627 = VERTEX_POINT ( 'NONE', #1433 ) ;
#1628 = DIRECTION ( 'NONE',  ( 0.000000000000000000, 0.000000000000000000, -1.000000000000000000 ) ) ;
#1629 = FACE_OUTER_BOUND ( 'NONE', #1267, .T. ) ;
#1630 = ORIENTED_EDGE ( 'NONE', *, *, #2345, .F. ) ;
#1631 = LINE ( 'NONE', #6353, #1413 ) ;
#1632 = EDGE_CURVE ( 'NONE', #7370, #5636, #2053, .T. ) ;
#1633 = CARTESIAN_POINT ( 'NONE',  ( 0.6500000000000000222, 2.436067977499789983, 0.9499999999999995115 ) ) ;
#1634 = VECTOR ( 'NONE', #6044, 1000.000000000000000 ) ;
#1635 = AXIS2_PLACEMENT_3D ( 'NONE', #760, #4814, #3520 ) ;
#1636 = DIRECTION ( 'NONE',  ( -1.000000000000000000, 0.000000000000000000, 0.000000000000000000 ) ) ;
#1637 = CARTESIAN_POINT ( 'NONE',  ( -1.999999999999999556, 0.1000000000000000056, 1.749999999999999556 ) ) ;
#1638 = ORIENTED_EDGE ( 'NONE', *, *, #1067, .F. ) ;
#1639 = VERTEX_POINT ( 'NONE', #5681 ) ;
#1640 = VECTOR ( 'NONE', #5004, 1000.000000000000000 ) ;
#1641 = FACE_OUTER_BOUND ( 'NONE', #6617, .T. ) ;
#1642 = ADVANCED_FACE ( 'NONE', ( #4483 ), #4366, .F. ) ;
#1643 = ADVANCED_FACE ( 'NONE', ( #817 ), #932, .T. ) ;
#1644 = CARTESIAN_POINT ( 'NONE',  ( 1.999999999999999556, 2.436067977499789983, -0.9500000000000003997 ) ) ;
#1645 = DIRECTION ( 'NONE',  ( -0.000000000000000000, -1.000000000000000000, -0.000000000000000000 ) ) ;
#1646 = VECTOR ( 'NONE', #243, 1000.000000000000000 ) ;
#1647 = DIRECTION ( 'NONE',  ( 0.000000000000000000, 1.000000000000000000, 0.000000000000000000 ) ) ;
#1648 = VERTEX_POINT ( 'NONE', #6266 ) ;
#1649 = LINE ( 'NONE', #7560, #1697 ) ;
#1650 = AXIS2_PLACEMENT_3D ( 'NONE', #6535, #778, #3123 ) ;
#1651 = DIRECTION ( 'NONE',  ( -1.000000000000000000, 0.000000000000000000, 0.000000000000000000 ) ) ;
#1652 = ORIENTED_EDGE ( 'NONE', *, *, #2104, .F. ) ;
#1653 = VECTOR ( 'NONE', #232, 1000.000000000000000 ) ;
#1654 = DIRECTION ( 'NONE',  ( -0.000000000000000000, -0.000000000000000000, -1.000000000000000000 ) ) ;
#1655 = LINE ( 'NONE', #5754, #6090 ) ;
#1656 = DIRECTION ( 'NONE',  ( 1.000000000000000000, -0.000000000000000000, -1.084202172485505790E-16 ) ) ;
#1657 = ORIENTED_EDGE ( 'NONE', *, *, #3484, .F. ) ;
#1658 = ORIENTED_EDGE ( 'NONE', *, *, #5032, .T. ) ;
#1659 = ORIENTED_EDGE ( 'NONE', *, *, #4233, .F. ) ;
#1660 = DIRECTION ( 'NONE',  ( 0.000000000000000000, 1.000000000000000000, 0.000000000000000000 ) ) ;
#1661 = ORIENTED_EDGE ( 'NONE', *, *, #4637, .T. ) ;
#1662 = PLANE ( 'NONE',  #7174 ) ;
#1663 = EDGE_CURVE ( 'NONE', #4121, #383, #1507, .T. ) ;
#1664 = DIRECTION ( 'NONE',  ( 0.000000000000000000, -1.000000000000000000, 0.000000000000000000 ) ) ;
#1665 = VERTEX_POINT ( 'NONE', #6847 ) ;
#1666 = CARTESIAN_POINT ( 'NONE',  ( -1.000000000000000222, 0.05000000000000000278, 1.699999999999999734 ) ) ;
#1667 = EDGE_CURVE ( 'NONE', #6409, #4791, #380, .T. ) ;
#1668 = CARTESIAN_POINT ( 'NONE',  ( -1.250000000000000222, 0.000000000000000000, 1.250000000000000444 ) ) ;
#1669 = PLANE ( 'NONE',  #4355 ) ;
#1670 = DIRECTION ( 'NONE',  ( 0.000000000000000000, -1.000000000000000000, 0.000000000000000000 ) ) ;
#1671 = LINE ( 'NONE', #4644, #1356 ) ;
#1672 = DIRECTION ( 'NONE',  ( 0.000000000000000000, 0.000000000000000000, -1.000000000000000000 ) ) ;
#1673 = VERTEX_POINT ( 'NONE', #271 ) ;
#1674 = VERTEX_POINT ( 'NONE', #3194 ) ;
#1675 = DIRECTION ( 'NONE',  ( -1.000000000000000000, 0.000000000000000000, -0.000000000000000000 ) ) ;
#1676 = DIRECTION ( 'NONE',  ( 0.000000000000000000, -1.000000000000000000, 0.000000000000000000 ) ) ;
#1677 = DIRECTION ( 'NONE',  ( 0.000000000000000000, 1.000000000000000000, 0.000000000000000000 ) ) ;
#1678 = ORIENTED_EDGE ( 'NONE', *, *, #1215, .F. ) ;
#1679 = PLANE ( 'NONE',  #4040 ) ;
#1680 = CARTESIAN_POINT ( 'NONE',  ( -1.999999999999999556, 2.436067977499789983, 0.9499999999999990674 ) ) ;
#1681 = VECTOR ( 'NONE', #6197, 1000.000000000000000 ) ;
#1682 = DIRECTION ( 'NONE',  ( 0.000000000000000000, -0.000000000000000000, 1.000000000000000000 ) ) ;
#1683 = ORIENTED_EDGE ( 'NONE', *, *, #364, .F. ) ;
#1684 = DIRECTION ( 'NONE',  ( 0.000000000000000000, -1.000000000000000000, 0.000000000000000000 ) ) ;
#1685 = CARTESIAN_POINT ( 'NONE',  ( -0.7500000000000001110, 2.436067977499789983, 1.250000000000000444 ) ) ;
#1686 = LINE ( 'NONE', #5757, #7160 ) ;
#1687 = EDGE_CURVE ( 'NONE', #3069, #3853, #7381, .T. ) ;
#1688 = AXIS2_PLACEMENT_3D ( 'NONE', #2268, #527, #2303 ) ;
#1689 = ORIENTED_EDGE ( 'NONE', *, *, #7459, .F. ) ;
#1690 = ORIENTED_EDGE ( 'NONE', *, *, #933, .T. ) ;
#1691 =( GEOMETRIC_REPRESENTATION_CONTEXT ( 3 ) GLOBAL_UNCERTAINTY_ASSIGNED_CONTEXT ( ( #1488 ) ) GLOBAL_UNIT_ASSIGNED_CONTEXT ( ( #3781, #240, #1554 ) ) REPRESENTATION_CONTEXT ( 'NONE', 'WORKASPACE' ) );
#1692 = ORIENTED_EDGE ( 'NONE', *, *, #5718, .T. ) ;
#1693 = CARTESIAN_POINT ( 'NONE',  ( -0.5000000000000001110, 0.2000000000000000111, -1.250000000000001332 ) ) ;
#1694 = EDGE_CURVE ( 'NONE', #736, #420, #3733, .T. ) ;
#1695 = ORIENTED_EDGE ( 'NONE', *, *, #1129, .F. ) ;
#1696 = FACE_OUTER_BOUND ( 'NONE', #3098, .T. ) ;
#1697 = VECTOR ( 'NONE', #1572, 1000.000000000000000 ) ;
#1698 = FACE_OUTER_BOUND ( 'NONE', #6719, .T. ) ;
#1699 = EDGE_LOOP ( 'NONE', ( #7164, #137, #4953, #2526 ) ) ;
#1700 = CARTESIAN_POINT ( 'NONE',  ( 1.399999999999999911, 0.2000000000000000111, 0.9499999999999995115 ) ) ;
#1701 = ADVANCED_FACE ( 'NONE', ( #4518 ), #3888, .F. ) ;
#1702 = SURFACE_SIDE_STYLE ('',( #4755 ) ) ;
#1703 = DIRECTION ( 'NONE',  ( 0.000000000000000000, -1.000000000000000000, 0.000000000000000000 ) ) ;
#1704 = CARTESIAN_POINT ( 'NONE',  ( -1.000000000000000222, 2.436067977499789983, 1.250000000000000444 ) ) ;
#1705 = LINE ( 'NONE', #471, #3097 ) ;
#1706 = ORIENTED_EDGE ( 'NONE', *, *, #5101, .T. ) ;
#1707 = ADVANCED_FACE ( 'NONE', ( #5645 ), #4440, .T. ) ;
#1708 = ORIENTED_EDGE ( 'NONE', *, *, #5273, .T. ) ;
#1709 = EDGE_CURVE ( 'NONE', #1968, #4863, #3154, .T. ) ;
#1710 = EDGE_CURVE ( 'NONE', #5402, #1968, #2087, .T. ) ;
#1711 = DIRECTION ( 'NONE',  ( -0.000000000000000000, -0.000000000000000000, 1.000000000000000000 ) ) ;
#1712 = EDGE_CURVE ( 'NONE', #3677, #383, #3850, .T. ) ;
#1713 = PLANE ( 'NONE',  #25 ) ;
#1714 = DIRECTION ( 'NONE',  ( -1.000000000000000000, 0.000000000000000000, 0.000000000000000000 ) ) ;
#1715 = ORIENTED_EDGE ( 'NONE', *, *, #6099, .T. ) ;
#1716 = VECTOR ( 'NONE', #7169, 1000.000000000000000 ) ;
#1717 = AXIS2_PLACEMENT_3D ( 'NONE', #5531, #227, #6150 ) ;
#1718 = EDGE_CURVE ( 'NONE', #266, #6538, #341, .T. ) ;
#1719 = CARTESIAN_POINT ( 'NONE',  ( 0.2499999999999999445, 0.2000000000000000111, 0.9499999999999995115 ) ) ;
#1720 = DIRECTION ( 'NONE',  ( 0.000000000000000000, 0.000000000000000000, -1.000000000000000000 ) ) ;
#1721 = VECTOR ( 'NONE', #6500, 1000.000000000000000 ) ;
#1722 = CARTESIAN_POINT ( 'NONE',  ( -1.500000000000000222, 0.1000000000000000056, -0.1500000000000000222 ) ) ;
#1723 = VERTEX_POINT ( 'NONE', #3925 ) ;
#1724 = DIRECTION ( 'NONE',  ( 0.000000000000000000, 0.000000000000000000, -1.000000000000000000 ) ) ;
#1725 = DIRECTION ( 'NONE',  ( -1.000000000000000000, 0.000000000000000000, 0.000000000000000000 ) ) ;
#1726 = DIRECTION ( 'NONE',  ( 0.000000000000000000, -1.000000000000000000, 0.000000000000000000 ) ) ;
#1727 = VECTOR ( 'NONE', #6201, 1000.000000000000000 ) ;
#1728 = ORIENTED_EDGE ( 'NONE', *, *, #2787, .F. ) ;
#1729 = ORIENTED_EDGE ( 'NONE', *, *, #4356, .T. ) ;
#1730 = ORIENTED_EDGE ( 'NONE', *, *, #7014, .T. ) ;
#1731 = LINE ( 'NONE', #1271, #3039 ) ;
#1732 = EDGE_CURVE ( 'NONE', #5991, #7629, #2773, .T. ) ;
#1733 = ADVANCED_FACE ( 'NONE', ( #1579 ), #3344, .T. ) ;
#1734 = VERTEX_POINT ( 'NONE', #5137 ) ;
#1735 = DIRECTION ( 'NONE',  ( -1.000000000000000000, 0.000000000000000000, 0.000000000000000000 ) ) ;
#1736 = DIRECTION ( 'NONE',  ( 0.000000000000000000, -1.000000000000000000, 0.000000000000000000 ) ) ;
#1737 = ORIENTED_EDGE ( 'NONE', *, *, #6862, .T. ) ;
#1738 = ADVANCED_FACE ( 'NONE', ( #3598 ), #5181, .T. ) ;
#1739 = LINE ( 'NONE', #4753, #3248 ) ;
#1740 = ORIENTED_EDGE ( 'NONE', *, *, #4728, .T. ) ;
#1741 = AXIS2_PLACEMENT_3D ( 'NONE', #5057, #2122, #3690 ) ;
#1742 = CARTESIAN_POINT ( 'NONE',  ( 0.6500000000000000222, 2.436067977499789983, -0.9500000000000003997 ) ) ;
#1743 = DIRECTION ( 'NONE',  ( 0.000000000000000000, 0.000000000000000000, -1.000000000000000000 ) ) ;
#1744 = DIRECTION ( 'NONE',  ( 0.000000000000000000, -1.000000000000000000, 0.000000000000000000 ) ) ;
#1745 = DIRECTION ( 'NONE',  ( -1.000000000000000000, 0.000000000000000000, -0.000000000000000000 ) ) ;
#1746 = ORIENTED_EDGE ( 'NONE', *, *, #294, .T. ) ;
#1747 = ORIENTED_EDGE ( 'NONE', *, *, #1158, .T. ) ;
#1748 = VECTOR ( 'NONE', #2295, 1000.000000000000000 ) ;
#1749 = DIRECTION ( 'NONE',  ( 0.000000000000000000, -1.000000000000000000, 0.000000000000000000 ) ) ;
#1750 = DIRECTION ( 'NONE',  ( 1.000000000000000000, -0.000000000000000000, 0.000000000000000000 ) ) ;
#1751 = EDGE_CURVE ( 'NONE', #5291, #1131, #1586, .T. ) ;
#1752 = LINE ( 'NONE', #4316, #4217 ) ;
#1753 = CARTESIAN_POINT ( 'NONE',  ( -1.000000000000000222, 2.436067977499789983, -1.749999999999999556 ) ) ;
#1754 = ADVANCED_FACE ( 'NONE', ( #1696 ), #3934, .T. ) ;
#1755 = ORIENTED_EDGE ( 'NONE', *, *, #340, .T. ) ;
#1756 = ADVANCED_FACE ( 'NONE', ( #5220 ), #2171, .T. ) ;
#1757 = VECTOR ( 'NONE', #3552, 1000.000000000000000 ) ;
#1758 = CARTESIAN_POINT ( 'NONE',  ( -1.949999999999999734, 0.1000000000000000056, -1.699999999999999512 ) ) ;
#1759 = MECHANICAL_DESIGN_GEOMETRIC_PRESENTATION_REPRESENTATION (  '', ( #159 ), #1397 ) ;
#1760 = CARTESIAN_POINT ( 'NONE',  ( -1.949999999999999734, 0.1000000000000000056, -1.699999999999999512 ) ) ;
#1761 = CARTESIAN_POINT ( 'NONE',  ( -0.7500000000000001110, 0.000000000000000000, 1.699999999999999734 ) ) ;
#1762 = VERTEX_POINT ( 'NONE', #1085 ) ;
#1763 = DIRECTION ( 'NONE',  ( -0.000000000000000000, -1.000000000000000000, -0.000000000000000000 ) ) ;
#1764 = EDGE_CURVE ( 'NONE', #2882, #2973, #6348, .T. ) ;
#1765 = LINE ( 'NONE', #4153, #7067 ) ;
#1766 = DIRECTION ( 'NONE',  ( 0.000000000000000000, 0.000000000000000000, 1.000000000000000000 ) ) ;
#1767 = AXIS2_PLACEMENT_3D ( 'NONE', #49, #1784, #5926 ) ;
#1768 = ORIENTED_EDGE ( 'NONE', *, *, #7100, .F. ) ;
#1769 = ORIENTED_EDGE ( 'NONE', *, *, #1377, .F. ) ;
#1770 = ORIENTED_EDGE ( 'NONE', *, *, #234, .T. ) ;
#1771 = PLANE ( 'NONE',  #3770 ) ;
#1772 = ORIENTED_EDGE ( 'NONE', *, *, #5090, .T. ) ;
#1773 = DIRECTION ( 'NONE',  ( 0.000000000000000000, -0.000000000000000000, 1.000000000000000000 ) ) ;
#1774 = CARTESIAN_POINT ( 'NONE',  ( -1.949999999999999734, 0.05000000000000000278, 1.699999999999999734 ) ) ;
#1775 = EDGE_LOOP ( 'NONE', ( #1692, #1153, #1175, #1809, #5231, #3974, #188, #3772, #3416, #1525, #1768, #4702, #1021, #6311, #4647, #5665, #5556, #3037, #2366, #3634, #4491, #3215, #4107, #2115 ) ) ;
#1776 = SURFACE_SIDE_STYLE ('',( #4563 ) ) ;
#1777 = VECTOR ( 'NONE', #4873, 1000.000000000000000 ) ;
#1778 = CARTESIAN_POINT ( 'NONE',  ( -1.949999999999999734, 0.04999999999999999584, 1.349999999999999201 ) ) ;
#1779 = VERTEX_POINT ( 'NONE', #6931 ) ;
#1780 = LINE ( 'NONE', #4131, #5102 ) ;
#1781 = FILL_AREA_STYLE ('',( #5374 ) ) ;
#1782 = FACE_OUTER_BOUND ( 'NONE', #4725, .T. ) ;
#1783 = CARTESIAN_POINT ( 'NONE',  ( -1.500000000000000444, 0.05000000000000000278, 0.000000000000000000 ) ) ;
#1784 = DIRECTION ( 'NONE',  ( 0.000000000000000000, 1.000000000000000000, 0.000000000000000000 ) ) ;
#1785 = ORIENTED_EDGE ( 'NONE', *, *, #4683, .T. ) ;
#1786 = ORIENTED_EDGE ( 'NONE', *, *, #5391, .T. ) ;
#1787 = ADVANCED_FACE ( 'NONE', ( #2245 ), #1662, .F. ) ;
#1788 = DIRECTION ( 'NONE',  ( 0.000000000000000000, 0.000000000000000000, 1.000000000000000000 ) ) ;
#1789 = LINE ( 'NONE', #632, #493 ) ;
#1790 = CARTESIAN_POINT ( 'NONE',  ( 1.399999999999999911, 0.1000000000000000056, 1.699999999999999734 ) ) ;
#1791 = ORIENTED_EDGE ( 'NONE', *, *, #4829, .F. ) ;
#1792 = ORIENTED_EDGE ( 'NONE', *, *, #429, .T. ) ;
#1793 = EDGE_CURVE ( 'NONE', #165, #4121, #4008, .T. ) ;
#1794 = LINE ( 'NONE', #1834, #7386 ) ;
#1795 = DIRECTION ( 'NONE',  ( 0.000000000000000000, 0.000000000000000000, -1.000000000000000000 ) ) ;
#1796 = CARTESIAN_POINT ( 'NONE',  ( -1.500000000000000222, 2.436067977499789983, -0.1500000000000000222 ) ) ;
#1797 = ORIENTED_EDGE ( 'NONE', *, *, #1981, .F. ) ;
#1798 = CARTESIAN_POINT ( 'NONE',  ( 1.949999999999999734, 0.1000000000000000056, -1.699999999999999512 ) ) ;
#1799 = DIRECTION ( 'NONE',  ( 0.000000000000000000, 0.000000000000000000, 1.000000000000000000 ) ) ;
#1800 = ADVANCED_FACE ( 'NONE', ( #4636 ), #5841, .F. ) ;
#1801 = LINE ( 'NONE', #4195, #7041 ) ;
#1802 = ORIENTED_EDGE ( 'NONE', *, *, #6680, .T. ) ;
#1803 = ORIENTED_EDGE ( 'NONE', *, *, #5709, .T. ) ;
#1804 = VERTEX_POINT ( 'NONE', #3972 ) ;
#1805 = DIRECTION ( 'NONE',  ( 0.000000000000000000, 0.000000000000000000, 1.000000000000000000 ) ) ;
#1806 = EDGE_LOOP ( 'NONE', ( #768, #360, #1948, #1113 ) ) ;
#1807 = DIRECTION ( 'NONE',  ( 0.000000000000000000, 0.000000000000000000, 1.000000000000000000 ) ) ;
#1808 = FACE_OUTER_BOUND ( 'NONE', #5865, .T. ) ;
#1809 = ORIENTED_EDGE ( 'NONE', *, *, #4605, .T. ) ;
#1810 = DIRECTION ( 'NONE',  ( 0.000000000000000000, 0.000000000000000000, -1.000000000000000000 ) ) ;
#1811 = COLOUR_RGB ( '',0.7921568627450980005, 0.8196078431372548767, 0.9333333333333333481 ) ;
#1812 = CYLINDRICAL_SURFACE ( 'NONE', #1536, 0.1499999999999999667 ) ;
#1813 = ORIENTED_EDGE ( 'NONE', *, *, #7360, .F. ) ;
#1814 = AXIS2_PLACEMENT_3D ( 'NONE', #178, #6601, #6679 ) ;
#1815 = ADVANCED_FACE ( 'NONE', ( #500 ), #7574, .T. ) ;
#1816 = SURFACE_STYLE_FILL_AREA ( #1781 ) ;
#1817 = VECTOR ( 'NONE', #3245, 1000.000000000000000 ) ;
#1818 = PLANE ( 'NONE',  #2561 ) ;
#1819 = CARTESIAN_POINT ( 'NONE',  ( -1.500000000000000444, 0.1000000000000000056, 0.6749999999999991562 ) ) ;
#1820 = LINE ( 'NONE', #2362, #4190 ) ;
#1821 = FACE_OUTER_BOUND ( 'NONE', #5799, .T. ) ;
#1822 = ORIENTED_EDGE ( 'NONE', *, *, #1308, .F. ) ;
#1823 = VECTOR ( 'NONE', #6005, 1000.000000000000000 ) ;
#1824 = ORIENTED_EDGE ( 'NONE', *, *, #5442, .T. ) ;
#1825 = CARTESIAN_POINT ( 'NONE',  ( -0.7500000000000001110, 0.2000000000000000111, 1.250000000000000444 ) ) ;
#1826 = CARTESIAN_POINT ( 'NONE',  ( 0.6500000000000000222, 0.2000000000000000944, 1.749999999999999556 ) ) ;
#1827 = EDGE_CURVE ( 'NONE', #5439, #6208, #3463, .T. ) ;
#1828 = EDGE_CURVE ( 'NONE', #7557, #2624, #7469, .T. ) ;
#1829 = DIRECTION ( 'NONE',  ( 1.000000000000000000, 0.000000000000000000, -1.084202172485505790E-16 ) ) ;
#1830 = EDGE_LOOP ( 'NONE', ( #5648, #3088, #6191, #3646 ) ) ;
#1831 = VECTOR ( 'NONE', #7433, 1000.000000000000000 ) ;
#1832 = VERTEX_POINT ( 'NONE', #7606 ) ;
#1833 = ADVANCED_FACE ( 'NONE', ( #2315 ), #4669, .F. ) ;
#1834 = CARTESIAN_POINT ( 'NONE',  ( 1.949999999999999956, 0.2000000000000000111, -0.1999999999999999833 ) ) ;
#1835 = DIRECTION ( 'NONE',  ( 0.000000000000000000, -0.000000000000000000, 1.000000000000000000 ) ) ;
#1836 = DIRECTION ( 'NONE',  ( 0.000000000000000000, 1.000000000000000000, 0.000000000000000000 ) ) ;
#1837 = VERTEX_POINT ( 'NONE', #1012 ) ;
#1838 = CARTESIAN_POINT ( 'NONE',  ( 1.949999999999999734, 0.1000000000000000056, -1.699999999999999512 ) ) ;
#1839 = VECTOR ( 'NONE', #4067, 1000.000000000000000 ) ;
#1840 = DIRECTION ( 'NONE',  ( 1.000000000000000000, 0.000000000000000000, 0.000000000000000000 ) ) ;
#1841 = LINE ( 'NONE', #603, #3202 ) ;
#1842 = EDGE_LOOP ( 'NONE', ( #1510, #1813, #964, #2923 ) ) ;
#1843 = ORIENTED_EDGE ( 'NONE', *, *, #5995, .F. ) ;
#1844 = VECTOR ( 'NONE', #1468, 1000.000000000000000 ) ;
#1845 = VECTOR ( 'NONE', #2325, 1000.000000000000000 ) ;
#1846 = ORIENTED_EDGE ( 'NONE', *, *, #4256, .T. ) ;
#1847 = DIRECTION ( 'NONE',  ( 0.000000000000000000, 0.000000000000000000, 1.000000000000000000 ) ) ;
#1848 = EDGE_CURVE ( 'NONE', #4472, #777, #4084, .T. ) ;
#1849 = VECTOR ( 'NONE', #7190, 1000.000000000000000 ) ;
#1850 = ORIENTED_EDGE ( 'NONE', *, *, #7475, .T. ) ;
#1851 = DIRECTION ( 'NONE',  ( 0.000000000000000000, 0.000000000000000000, -1.000000000000000000 ) ) ;
#1852 = CARTESIAN_POINT ( 'NONE',  ( -1.500000000000000222, 0.000000000000000000, 1.699999999999999734 ) ) ;
#1853 = ORIENTED_EDGE ( 'NONE', *, *, #5619, .F. ) ;
#1854 = EDGE_CURVE ( 'NONE', #1114, #1190, #1157, .T. ) ;
#1855 = VECTOR ( 'NONE', #2400, 1000.000000000000000 ) ;
#1856 = LINE ( 'NONE', #5958, #4986 ) ;
#1857 = CARTESIAN_POINT ( 'NONE',  ( -1.999999999999999556, 0.2000000000000000111, -1.350000000000000089 ) ) ;
#1858 = VERTEX_POINT ( 'NONE', #2741 ) ;
#1859 = DIRECTION ( 'NONE',  ( 1.000000000000000000, 0.000000000000000000, -0.000000000000000000 ) ) ;
#1860 = LINE ( 'NONE', #1064, #5031 ) ;
#1861 = DIRECTION ( 'NONE',  ( -1.000000000000000000, 0.000000000000000000, 0.000000000000000000 ) ) ;
#1862 = DIRECTION ( 'NONE',  ( 1.000000000000000000, -0.000000000000000000, 0.000000000000000000 ) ) ;
#1863 = ADVANCED_FACE ( 'NONE', ( #3353 ), #5144, .F. ) ;
#1864 = DIRECTION ( 'NONE',  ( -0.000000000000000000, -1.000000000000000000, -0.000000000000000000 ) ) ;
#1865 = VERTEX_POINT ( 'NONE', #2389 ) ;
#1866 = EDGE_CURVE ( 'NONE', #348, #6760, #4708, .T. ) ;
#1867 = ORIENTED_EDGE ( 'NONE', *, *, #432, .F. ) ;
#1868 = VECTOR ( 'NONE', #5289, 1000.000000000000000 ) ;
#1869 = FACE_OUTER_BOUND ( 'NONE', #5284, .T. ) ;
#1870 = CARTESIAN_POINT ( 'NONE',  ( 2.000000000000000444, 0.1000000000000000056, -1.750000000000000444 ) ) ;
#1871 = VECTOR ( 'NONE', #2989, 1000.000000000000000 ) ;
#1872 = DIRECTION ( 'NONE',  ( 0.000000000000000000, 0.000000000000000000, -1.000000000000000000 ) ) ;
#1873 = VERTEX_POINT ( 'NONE', #6530 ) ;
#1874 = ADVANCED_FACE ( 'NONE', ( #5997 ), #1191, .T. ) ;
#1875 = ORIENTED_EDGE ( 'NONE', *, *, #3514, .F. ) ;
#1876 = EDGE_CURVE ( 'NONE', #5758, #6684, #1274, .T. ) ;
#1877 = PLANE ( 'NONE',  #6394 ) ;
#1878 = ADVANCED_FACE ( 'NONE', ( #3574 ), #3035, .T. ) ;
#1879 = CARTESIAN_POINT ( 'NONE',  ( -1.250000000000000000, 0.000000000000000000, -1.699999999999999512 ) ) ;
#1880 = CARTESIAN_POINT ( 'NONE',  ( -0.2000000000000005662, 0.000000000000000000, -0.2000000000000000111 ) ) ;
#1881 = VECTOR ( 'NONE', #2342, 1000.000000000000000 ) ;
#1882 = AXIS2_PLACEMENT_3D ( 'NONE', #3842, #3725, #4358 ) ;
#1883 = VERTEX_POINT ( 'NONE', #7111 ) ;
#1884 = CARTESIAN_POINT ( 'NONE',  ( -1.999999999999999556, 0.1000000000000000056, -0.1499999999999999667 ) ) ;
#1885 = CARTESIAN_POINT ( 'NONE',  ( 1.800000000000000488, 0.04999999999999999584, 1.349999999999999645 ) ) ;
#1886 = VERTEX_POINT ( 'NONE', #4124 ) ;
#1887 = PRODUCT_DEFINITION ( 'UNKNOWN', '', #4872, #5513 ) ;
#1888 = ORIENTED_EDGE ( 'NONE', *, *, #6913, .F. ) ;
#1889 = AXIS2_PLACEMENT_3D ( 'NONE', #405, #3439, #4463 ) ;
#1890 = ORIENTED_EDGE ( 'NONE', *, *, #3536, .F. ) ;
#1891 = DIRECTION ( 'NONE',  ( 0.000000000000000000, 1.000000000000000000, 0.000000000000000000 ) ) ;
#1892 = EDGE_LOOP ( 'NONE', ( #5722, #6526, #5249, #2537 ) ) ;
#1893 = CARTESIAN_POINT ( 'NONE',  ( -0.2000000000000005107, 0.000000000000000000, 0.2000000000000000389 ) ) ;
#1894 = DIRECTION ( 'NONE',  ( 1.000000000000000000, 0.000000000000000000, -0.000000000000000000 ) ) ;
#1895 = ORIENTED_EDGE ( 'NONE', *, *, #7318, .T. ) ;
#1896 = VECTOR ( 'NONE', #5605, 1000.000000000000000 ) ;
#1897 = DIRECTION ( 'NONE',  ( 0.000000000000000000, 1.000000000000000000, 0.000000000000000000 ) ) ;
#1898 = DIRECTION ( 'NONE',  ( -1.000000000000000000, 0.000000000000000000, 0.000000000000000000 ) ) ;
#1899 = ORIENTED_EDGE ( 'NONE', *, *, #5069, .T. ) ;
#1900 = EDGE_CURVE ( 'NONE', #985, #5591, #4750, .T. ) ;
#1901 = FACE_OUTER_BOUND ( 'NONE', #4057, .T. ) ;
#1902 = CARTESIAN_POINT ( 'NONE',  ( -1.250000000000000222, 0.05000000000000000278, 0.000000000000000000 ) ) ;
#1903 = CARTESIAN_POINT ( 'NONE',  ( -1.500000000000000444, 0.09999999999999982514, 0.6749999999999991562 ) ) ;
#1904 = AXIS2_PLACEMENT_3D ( 'NONE', #617, #4207, #2888 ) ;
#1905 = DIRECTION ( 'NONE',  ( 0.000000000000000000, 0.000000000000000000, 1.000000000000000000 ) ) ;
#1906 = EDGE_CURVE ( 'NONE', #2089, #512, #6490, .T. ) ;
#1907 = EDGE_LOOP ( 'NONE', ( #7324, #6133, #1791, #6608 ) ) ;
#1908 = PLANE ( 'NONE',  #2865 ) ;
#1909 = CARTESIAN_POINT ( 'NONE',  ( 0.2499999999999999445, 0.05000000000000000278, 0.000000000000000000 ) ) ;
#1910 = LINE ( 'NONE', #4259, #6047 ) ;
#1911 = ORIENTED_EDGE ( 'NONE', *, *, #3484, .T. ) ;
#1912 = ORIENTED_EDGE ( 'NONE', *, *, #5475, .T. ) ;
#1913 = ORIENTED_EDGE ( 'NONE', *, *, #93, .F. ) ;
#1914 = CARTESIAN_POINT ( 'NONE',  ( 1.800000000000000266, 2.436067977499789983, 1.749999999999999556 ) ) ;
#1915 = DIRECTION ( 'NONE',  ( 0.000000000000000000, -0.000000000000000000, -1.000000000000000000 ) ) ;
#1916 = DIRECTION ( 'NONE',  ( 0.000000000000000000, 0.000000000000000000, 1.000000000000000000 ) ) ;
#1917 = ORIENTED_EDGE ( 'NONE', *, *, #5826, .T. ) ;
#1918 = FACE_OUTER_BOUND ( 'NONE', #7592, .T. ) ;
#1919 = CARTESIAN_POINT ( 'NONE',  ( 1.949999999999999734, 0.1000000000000000056, -0.9500000000000003997 ) ) ;
#1920 = ORIENTED_EDGE ( 'NONE', *, *, #2759, .F. ) ;
#1921 = ORIENTED_EDGE ( 'NONE', *, *, #2403, .F. ) ;
#1922 = VERTEX_POINT ( 'NONE', #6611 ) ;
#1923 = DIRECTION ( 'NONE',  ( -1.000000000000000000, 0.000000000000000000, 2.168404344971008474E-15 ) ) ;
#1924 = VERTEX_POINT ( 'NONE', #1231 ) ;
#1925 = DIRECTION ( 'NONE',  ( -1.000000000000000000, 0.000000000000000000, -0.000000000000000000 ) ) ;
#1926 = LINE ( 'NONE', #3001, #6422 ) ;
#1927 = ORIENTED_EDGE ( 'NONE', *, *, #3801, .F. ) ;
#1928 = EDGE_CURVE ( 'NONE', #7569, #6345, #611, .T. ) ;
#1929 = DIRECTION ( 'NONE',  ( 1.000000000000000000, 0.000000000000000000, 0.000000000000000000 ) ) ;
#1930 = FACE_OUTER_BOUND ( 'NONE', #4083, .T. ) ;
#1931 = ORIENTED_EDGE ( 'NONE', *, *, #5946, .F. ) ;
#1932 = EDGE_CURVE ( 'NONE', #229, #4468, #3077, .T. ) ;
#1933 = DIRECTION ( 'NONE',  ( 0.000000000000000000, 1.000000000000000000, 0.000000000000000000 ) ) ;
#1934 =( GEOMETRIC_REPRESENTATION_CONTEXT ( 3 ) GLOBAL_UNCERTAINTY_ASSIGNED_CONTEXT ( ( #879 ) ) GLOBAL_UNIT_ASSIGNED_CONTEXT ( ( #3622, #7347, #6159 ) ) REPRESENTATION_CONTEXT ( 'NONE', 'WORKASPACE' ) );
#1935 = LINE ( 'NONE', #47, #3568 ) ;
#1936 = LINE ( 'NONE', #3046, #2709 ) ;
#1937 =( NAMED_UNIT ( * ) PLANE_ANGLE_UNIT ( ) SI_UNIT ( $, .RADIAN. ) );
#1938 = ADVANCED_FACE ( 'NONE', ( #3649 ), #652, .F. ) ;
#1939 = ORIENTED_EDGE ( 'NONE', *, *, #765, .F. ) ;
#1940 = VECTOR ( 'NONE', #4317, 1000.000000000000000 ) ;
#1941 = CARTESIAN_POINT ( 'NONE',  ( -1.649999999999999467, 0.9000000000000000222, -1.250000000000000444 ) ) ;
#1942 = DIRECTION ( 'NONE',  ( 0.000000000000000000, -1.000000000000000000, 0.000000000000000000 ) ) ;
#1943 = EDGE_CURVE ( 'NONE', #727, #1837, #7150, .T. ) ;
#1944 = VECTOR ( 'NONE', #3544, 1000.000000000000000 ) ;
#1945 = VERTEX_POINT ( 'NONE', #1893 ) ;
#1946 = EDGE_CURVE ( 'NONE', #2645, #4710, #4243, .T. ) ;
#1947 = EDGE_CURVE ( 'NONE', #4881, #5443, #733, .T. ) ;
#1948 = ORIENTED_EDGE ( 'NONE', *, *, #1491, .T. ) ;
#1949 = ORIENTED_EDGE ( 'NONE', *, *, #4234, .F. ) ;
#1950 = CARTESIAN_POINT ( 'NONE',  ( -1.500000000000000222, 0.09999999999999982514, -0.1500000000000000222 ) ) ;
#1951 = CARTESIAN_POINT ( 'NONE',  ( -1.999999999999999556, 0.1000000000000000056, 0.6749999999999991562 ) ) ;
#1952 = DIRECTION ( 'NONE',  ( 0.000000000000000000, 0.000000000000000000, -1.000000000000000000 ) ) ;
#1953 = ORIENTED_EDGE ( 'NONE', *, *, #3003, .T. ) ;
#1954 = LINE ( 'NONE', #6794, #4464 ) ;
#1955 = LINE ( 'NONE', #4893, #994 ) ;
#1956 = ORIENTED_EDGE ( 'NONE', *, *, #4059, .T. ) ;
#1957 = ADVANCED_FACE ( 'NONE', ( #7643 ), #4785, .F. ) ;
#1958 = EDGE_LOOP ( 'NONE', ( #1888, #7321, #3885, #6389 ) ) ;
#1959 = ORIENTED_EDGE ( 'NONE', *, *, #3917, .T. ) ;
#1960 = CARTESIAN_POINT ( 'NONE',  ( -0.7500000000000001110, 2.436067977499789983, -1.750000000000000444 ) ) ;
#1961 = COLOUR_RGB ( '',0.7921568627450980005, 0.8196078431372548767, 0.9333333333333333481 ) ;
#1962 = AXIS2_PLACEMENT_3D ( 'NONE', #2559, #945, #6205 ) ;
#1963 = FACE_OUTER_BOUND ( 'NONE', #7274, .T. ) ;
#1964 = ADVANCED_FACE ( 'NONE', ( #2505 ), #4868, .T. ) ;
#1965 = ORIENTED_EDGE ( 'NONE', *, *, #3889, .T. ) ;
#1966 = DIRECTION ( 'NONE',  ( 0.000000000000000000, -1.000000000000000000, 0.000000000000000000 ) ) ;
#1967 = CARTESIAN_POINT ( 'NONE',  ( -1.250000000000000222, 0.2000000000000000944, -1.749999999999999778 ) ) ;
#1968 = VERTEX_POINT ( 'NONE', #5326 ) ;
#1969 = DIRECTION ( 'NONE',  ( 0.000000000000000000, 0.000000000000000000, 1.000000000000000000 ) ) ;
#1970 = VECTOR ( 'NONE', #2784, 1000.000000000000000 ) ;
#1971 = FACE_OUTER_BOUND ( 'NONE', #3125, .T. ) ;
#1972 = ORIENTED_EDGE ( 'NONE', *, *, #1472, .T. ) ;
#1973 = EDGE_CURVE ( 'NONE', #7571, #165, #6649, .T. ) ;
#1974 = EDGE_CURVE ( 'NONE', #3607, #2994, #4982, .T. ) ;
#1975 = FACE_OUTER_BOUND ( 'NONE', #3804, .T. ) ;
#1976 = EDGE_CURVE ( 'NONE', #1865, #1388, #7340, .T. ) ;
#1977 = FACE_OUTER_BOUND ( 'NONE', #1998, .T. ) ;
#1978 = VECTOR ( 'NONE', #6484, 1000.000000000000000 ) ;
#1979 = FACE_OUTER_BOUND ( 'NONE', #4130, .T. ) ;
#1980 = DIRECTION ( 'NONE',  ( 0.000000000000000000, 0.000000000000000000, -1.000000000000000000 ) ) ;
#1981 = EDGE_CURVE ( 'NONE', #6807, #6969, #5643, .T. ) ;
#1982 = AXIS2_PLACEMENT_3D ( 'NONE', #5967, #1861, #198 ) ;
#1983 = ORIENTED_EDGE ( 'NONE', *, *, #2662, .T. ) ;
#1984 = FACE_OUTER_BOUND ( 'NONE', #5434, .T. ) ;
#1985 = SURFACE_STYLE_FILL_AREA ( #5507 ) ;
#1986 = DIRECTION ( 'NONE',  ( -0.000000000000000000, 0.000000000000000000, 1.000000000000000000 ) ) ;
#1987 = DIRECTION ( 'NONE',  ( 0.000000000000000000, -1.000000000000000000, 0.000000000000000000 ) ) ;
#1988 = VERTEX_POINT ( 'NONE', #1502 ) ;
#1989 = VERTEX_POINT ( 'NONE', #226 ) ;
#1990 = ORIENTED_EDGE ( 'NONE', *, *, #2816, .F. ) ;
#1991 = ADVANCED_FACE ( 'NONE', ( #2050 ), #5017, .F. ) ;
#1992 = CARTESIAN_POINT ( 'NONE',  ( -1.999999999999999556, 0.1000000000000000056, -1.750000000000000444 ) ) ;
#1993 = VECTOR ( 'NONE', #3378, 1000.000000000000000 ) ;
#1994 = CARTESIAN_POINT ( 'NONE',  ( -0.5000000000000001110, 0.000000000000000000, -1.699999999999999512 ) ) ;
#1995 = EDGE_CURVE ( 'NONE', #4068, #686, #775, .T. ) ;
#1996 = LINE ( 'NONE', #3024, #839 ) ;
#1997 = EDGE_CURVE ( 'NONE', #7571, #1225, #7378, .T. ) ;
#1998 = EDGE_LOOP ( 'NONE', ( #5208, #4459, #6030, #381 ) ) ;
#1999 = DIRECTION ( 'NONE',  ( -1.000000000000000000, 0.000000000000000000, 0.000000000000000000 ) ) ;
#2000 = EDGE_LOOP ( 'NONE', ( #4313, #3252, #414, #1213 ) ) ;
#2001 = EDGE_LOOP ( 'NONE', ( #4405, #4895, #4029, #4183 ) ) ;
#2002 = ORIENTED_EDGE ( 'NONE', *, *, #3163, .T. ) ;
#2003 = DIRECTION ( 'NONE',  ( 0.000000000000000000, -1.000000000000000000, 0.000000000000000000 ) ) ;
#2004 = VECTOR ( 'NONE', #2255, 1000.000000000000000 ) ;
#2005 = AXIS2_PLACEMENT_3D ( 'NONE', #1644, #6981, #2152 ) ;
#2006 = EDGE_CURVE ( 'NONE', #2388, #6529, #1429, .T. ) ;
#2007 = PRESENTATION_STYLE_ASSIGNMENT (( #2119 ) ) ;
#2008 = CARTESIAN_POINT ( 'NONE',  ( -1.949999999999999734, 2.436067977499789983, -0.9499999999999998446 ) ) ;
#2009 = ORIENTED_EDGE ( 'NONE', *, *, #5611, .T. ) ;
#2010 = CARTESIAN_POINT ( 'NONE',  ( -1.999999999999999556, 0.1000000000000000056, 1.749999999999999556 ) ) ;
#2011 = CARTESIAN_POINT ( 'NONE',  ( -0.2000000000000005662, 0.04999999999999999584, -0.2000000000000000111 ) ) ;
#2012 = VERTEX_POINT ( 'NONE', #3810 ) ;
#2013 = CARTESIAN_POINT ( 'NONE',  ( 1.949999999999999734, 0.1000000000000000056, 1.699999999999999734 ) ) ;
#2014 = VECTOR ( 'NONE', #5557, 1000.000000000000000 ) ;
#2015 = DIRECTION ( 'NONE',  ( 0.000000000000000000, 0.000000000000000000, 1.000000000000000000 ) ) ;
#2016 = ORIENTED_EDGE ( 'NONE', *, *, #6496, .F. ) ;
#2017 = DIRECTION ( 'NONE',  ( -2.168404344971008474E-15, 0.000000000000000000, -1.000000000000000000 ) ) ;
#2018 = VECTOR ( 'NONE', #1240, 1000.000000000000000 ) ;
#2019 = ORIENTED_EDGE ( 'NONE', *, *, #3549, .T. ) ;
#2020 = CARTESIAN_POINT ( 'NONE',  ( -1.500000000000000444, 0.2000000000000000944, 0.6749999999999991562 ) ) ;
#2021 = CARTESIAN_POINT ( 'NONE',  ( -0.7500000000000001110, 0.1000000000000000056, -1.250000000000001332 ) ) ;
#2022 = DIRECTION ( 'NONE',  ( -1.000000000000000000, 0.000000000000000000, 0.000000000000000000 ) ) ;
#2023 = FILL_AREA_STYLE_COLOUR ( '', #5395 ) ;
#2024 = VECTOR ( 'NONE', #3769, 1000.000000000000000 ) ;
#2025 = AXIS2_PLACEMENT_3D ( 'NONE', #6695, #1810, #3617 ) ;
#2026 = LINE ( 'NONE', #4377, #4606 ) ;
#2027 = CARTESIAN_POINT ( 'NONE',  ( 1.999999999999999556, 0.2000000000000000944, -0.9500000000000003997 ) ) ;
#2028 = VECTOR ( 'NONE', #1898, 1000.000000000000000 ) ;
#2029 = DIRECTION ( 'NONE',  ( -1.000000000000000000, 0.000000000000000000, -0.000000000000000000 ) ) ;
#2030 = CARTESIAN_POINT ( 'NONE',  ( 0.000000000000000000, 0.05000000000000000278, 1.699999999999999734 ) ) ;
#2031 = ORIENTED_EDGE ( 'NONE', *, *, #2972, .T. ) ;
#2032 = EDGE_CURVE ( 'NONE', #6219, #3791, #3231, .T. ) ;
#2033 = VERTEX_POINT ( 'NONE', #5530 ) ;
#2034 = VECTOR ( 'NONE', #5104, 1000.000000000000000 ) ;
#2035 = ORIENTED_EDGE ( 'NONE', *, *, #4572, .F. ) ;
#2036 = UNCERTAINTY_MEASURE_WITH_UNIT (LENGTH_MEASURE( 1.000000000000000082E-05 ), #204, 'distance_accuracy_value', 'NONE');
#2037 = DIRECTION ( 'NONE',  ( 0.000000000000000000, -1.000000000000000000, 0.000000000000000000 ) ) ;
#2038 = DIRECTION ( 'NONE',  ( 0.000000000000000000, -0.000000000000000000, 1.000000000000000000 ) ) ;
#2039 = CARTESIAN_POINT ( 'NONE',  ( 2.000000000000000444, 0.1000000000000000056, 1.749999999999999556 ) ) ;
#2040 = ORIENTED_EDGE ( 'NONE', *, *, #1751, .F. ) ;
#2041 = LINE ( 'NONE', #6720, #6566 ) ;
#2042 = EDGE_CURVE ( 'NONE', #2566, #83, #306, .T. ) ;
#2043 = VERTEX_POINT ( 'NONE', #930 ) ;
#2044 = ORIENTED_EDGE ( 'NONE', *, *, #2212, .T. ) ;
#2045 = ORIENTED_EDGE ( 'NONE', *, *, #7148, .F. ) ;
#2046 = CARTESIAN_POINT ( 'NONE',  ( -0.2000000000000005107, 0.2000000000000000111, 0.2000000000000000389 ) ) ;
#2047 = CARTESIAN_POINT ( 'NONE',  ( -1.700000000000001066, 0.2000000000000000111, -0.9499999999999998446 ) ) ;
#2048 = LINE ( 'NONE', #4396, #1571 ) ;
#2049 = ORIENTED_EDGE ( 'NONE', *, *, #5498, .T. ) ;
#2050 = FACE_OUTER_BOUND ( 'NONE', #1266, .T. ) ;
#2051 = CARTESIAN_POINT ( 'NONE',  ( 0.000000000000000000, 0.1000000000000000056, 0.000000000000000000 ) ) ;
#2052 = ORIENTED_EDGE ( 'NONE', *, *, #6781, .F. ) ;
#2053 = LINE ( 'NONE', #6152, #5481 ) ;
#2054 = CARTESIAN_POINT ( 'NONE',  ( -1.000000000000000222, 0.2000000000000000111, 1.250000000000000444 ) ) ;
#2055 = ORIENTED_EDGE ( 'NONE', *, *, #2921, .T. ) ;
#2056 = ORIENTED_EDGE ( 'NONE', *, *, #6688, .F. ) ;
#2057 = FACE_OUTER_BOUND ( 'NONE', #5724, .T. ) ;
#2058 = FACE_OUTER_BOUND ( 'NONE', #3225, .T. ) ;
#2059 = LINE ( 'NONE', #3937, #4030 ) ;
#2060 = EDGE_CURVE ( 'NONE', #646, #3607, #6230, .T. ) ;
#2061 = AXIS2_PLACEMENT_3D ( 'NONE', #7572, #2843, #385 ) ;
#2062 = CARTESIAN_POINT ( 'NONE',  ( 0.2499999999999999445, 0.000000000000000000, -0.9500000000000003997 ) ) ;
#2063 = CARTESIAN_POINT ( 'NONE',  ( -1.500000000000000444, 2.436067977499789983, 0.6749999999999991562 ) ) ;
#2064 = CARTESIAN_POINT ( 'NONE',  ( 1.800000000000000266, 0.2000000000000000111, -1.750000000000000444 ) ) ;
#2065 = ORIENTED_EDGE ( 'NONE', *, *, #2071, .T. ) ;
#2066 = VECTOR ( 'NONE', #1072, 1000.000000000000000 ) ;
#2067 = ORIENTED_EDGE ( 'NONE', *, *, #3053, .T. ) ;
#2068 = ORIENTED_EDGE ( 'NONE', *, *, #3582, .T. ) ;
#2069 = PLANE ( 'NONE',  #2494 ) ;
#2070 = EDGE_CURVE ( 'NONE', #809, #5279, #1347, .T. ) ;
#2071 = EDGE_CURVE ( 'NONE', #4099, #6056, #759, .T. ) ;
#2072 = DIRECTION ( 'NONE',  ( 1.000000000000000000, 0.000000000000000000, 0.000000000000000000 ) ) ;
#2073 = AXIS2_PLACEMENT_3D ( 'NONE', #4409, #1514, #3858 ) ;
#2074 = PLANE ( 'NONE',  #7012 ) ;
#2075 = ORIENTED_EDGE ( 'NONE', *, *, #6284, .T. ) ;
#2076 = CARTESIAN_POINT ( 'NONE',  ( 1.949999999999999734, 0.1000000000000000056, 1.699999999999999734 ) ) ;
#2077 = EDGE_CURVE ( 'NONE', #6177, #1551, #2693, .T. ) ;
#2078 = VECTOR ( 'NONE', #4110, 1000.000000000000000 ) ;
#2079 = ORIENTED_EDGE ( 'NONE', *, *, #1308, .T. ) ;
#2080 = ORIENTED_EDGE ( 'NONE', *, *, #4430, .F. ) ;
#2081 = CARTESIAN_POINT ( 'NONE',  ( -1.999999999999999556, 1.000000000000000000, 1.749999999999999556 ) ) ;
#2082 = CARTESIAN_POINT ( 'NONE',  ( -1.850000000000000311, 0.1000000000000000056, -1.350000000000000089 ) ) ;
#2083 = LINE ( 'NONE', #6954, #708 ) ;
#2084 = VERTEX_POINT ( 'NONE', #2085 ) ;
#2085 = CARTESIAN_POINT ( 'NONE',  ( -1.500000000000000444, 0.04999999999999999584, -0.3750000000000002220 ) ) ;
#2086 = DIRECTION ( 'NONE',  ( 0.000000000000000000, -0.000000000000000000, 1.000000000000000000 ) ) ;
#2087 = LINE ( 'NONE', #7303, #1844 ) ;
#2088 = PRESENTATION_LAYER_ASSIGNMENT (  '', '', ( #4797 ) ) ;
#2089 = VERTEX_POINT ( 'NONE', #7416 ) ;
#2090 = PLANE ( 'NONE',  #4768 ) ;
#2091 = VERTEX_POINT ( 'NONE', #2622 ) ;
#2092 = EDGE_CURVE ( 'NONE', #985, #668, #4437, .T. ) ;
#2093 = PLANE ( 'NONE',  #3292 ) ;
#2094 = FACE_OUTER_BOUND ( 'NONE', #3590, .T. ) ;
#2095 = AXIS2_PLACEMENT_3D ( 'NONE', #1137, #2407, #1829 ) ;
#2096 = CARTESIAN_POINT ( 'NONE',  ( 1.949999999999999512, 2.436067977499789983, 0.2000000000000000389 ) ) ;
#2097 = VECTOR ( 'NONE', #3587, 1000.000000000000000 ) ;
#2098 = DIRECTION ( 'NONE',  ( -0.000000000000000000, 1.000000000000000000, -0.000000000000000000 ) ) ;
#2099 = FILL_AREA_STYLE_COLOUR ( '', #7521 ) ;
#2100 = ADVANCED_FACE ( 'NONE', ( #6113 ), #3269, .F. ) ;
#2101 = AXIS2_PLACEMENT_3D ( 'NONE', #3767, #4321, #2659 ) ;
#2102 = DIRECTION ( 'NONE',  ( -0.000000000000000000, -0.000000000000000000, 1.000000000000000000 ) ) ;
#2103 = PLANE ( 'NONE',  #5827 ) ;
#2104 = EDGE_CURVE ( 'NONE', #7217, #221, #6074, .T. ) ;
#2105 = ORIENTED_EDGE ( 'NONE', *, *, #2535, .F. ) ;
#2106 = VERTEX_POINT ( 'NONE', #4901 ) ;
#2107 = ORIENTED_EDGE ( 'NONE', *, *, #3917, .F. ) ;
#2108 = UNCERTAINTY_MEASURE_WITH_UNIT (LENGTH_MEASURE( 1.000000000000000082E-05 ), #5786, 'distance_accuracy_value', 'NONE');
#2109 = DIRECTION ( 'NONE',  ( 0.000000000000000000, 1.000000000000000000, 0.000000000000000000 ) ) ;
#2110 = CARTESIAN_POINT ( 'NONE',  ( 1.399999999999999911, 2.436067977499789983, 1.749999999999999556 ) ) ;
#2111 = CARTESIAN_POINT ( 'NONE',  ( 0.000000000000000000, 0.000000000000000000, 0.000000000000000000 ) ) ;
#2112 = ORIENTED_EDGE ( 'NONE', *, *, #6066, .T. ) ;
#2113 = LINE ( 'NONE', #1102, #4562 ) ;
#2114 = ADVANCED_FACE ( 'NONE', ( #814 ), #3151, .T. ) ;
#2115 = ORIENTED_EDGE ( 'NONE', *, *, #7125, .F. ) ;
#2116 = EDGE_CURVE ( 'NONE', #3984, #6671, #1614, .T. ) ;
#2117 = AXIS2_PLACEMENT_3D ( 'NONE', #2282, #6999, #1117 ) ;
#2118 = FACE_OUTER_BOUND ( 'NONE', #1806, .T. ) ;
#2119 = SURFACE_STYLE_USAGE ( .BOTH. , #3298 ) ;
#2120 = CARTESIAN_POINT ( 'NONE',  ( -0.2000000000000005107, 0.2000000000000000944, 0.2000000000000000389 ) ) ;
#2121 = EDGE_LOOP ( 'NONE', ( #3034, #2692, #7143, #6686 ) ) ;
#2122 = DIRECTION ( 'NONE',  ( 0.000000000000000000, 1.000000000000000000, 0.000000000000000000 ) ) ;
#2123 = CARTESIAN_POINT ( 'NONE',  ( 0.000000000000000000, 0.1000000000000000056, 0.000000000000000000 ) ) ;
#2124 = VECTOR ( 'NONE', #3065, 1000.000000000000000 ) ;
#2125 = CARTESIAN_POINT ( 'NONE',  ( 1.949999999999999734, 0.1000000000000000056, 1.699999999999999734 ) ) ;
#2126 = ADVANCED_FACE ( 'NONE', ( #6920 ), #5789, .F. ) ;
#2127 = VERTEX_POINT ( 'NONE', #1039 ) ;
#2128 = VECTOR ( 'NONE', #4570, 1000.000000000000000 ) ;
#2129 = VECTOR ( 'NONE', #2072, 1000.000000000000000 ) ;
#2130 = CARTESIAN_POINT ( 'NONE',  ( -1.500000000000000222, 0.2000000000000000111, -0.1500000000000000222 ) ) ;
#2131 = ORIENTED_EDGE ( 'NONE', *, *, #443, .T. ) ;
#2132 = CARTESIAN_POINT ( 'NONE',  ( 1.949999999999999734, 0.2000000000000000111, 1.349999999999999645 ) ) ;
#2133 = ORIENTED_EDGE ( 'NONE', *, *, #6900, .T. ) ;
#2134 = LINE ( 'NONE', #2703, #3170 ) ;
#2135 = VECTOR ( 'NONE', #2802, 1000.000000000000000 ) ;
#2136 = LINE ( 'NONE', #4411, #7277 ) ;
#2137 = VECTOR ( 'NONE', #5857, 1000.000000000000000 ) ;
#2138 = FACE_OUTER_BOUND ( 'NONE', #377, .T. ) ;
#2139 = PLANE ( 'NONE',  #5979 ) ;
#2140 = EDGE_CURVE ( 'NONE', #1353, #7117, #5830, .T. ) ;
#2141 = AXIS2_PLACEMENT_3D ( 'NONE', #4334, #5587, #1404 ) ;
#2142 = PLANE ( 'NONE',  #6457 ) ;
#2143 =( NAMED_UNIT ( * ) PLANE_ANGLE_UNIT ( ) SI_UNIT ( $, .RADIAN. ) );
#2144 = EDGE_CURVE ( 'NONE', #7114, #646, #3451, .T. ) ;
#2145 = CARTESIAN_POINT ( 'NONE',  ( 1.399999999999999911, 0.2000000000000000944, -0.9500000000000002887 ) ) ;
#2146 = PLANE ( 'NONE',  #2734 ) ;
#2147 = ORIENTED_EDGE ( 'NONE', *, *, #6470, .F. ) ;
#2148 = VECTOR ( 'NONE', #6366, 1000.000000000000000 ) ;
#2149 = ORIENTED_EDGE ( 'NONE', *, *, #1077, .T. ) ;
#2150 = ORIENTED_EDGE ( 'NONE', *, *, #2174, .T. ) ;
#2151 = CARTESIAN_POINT ( 'NONE',  ( -1.850000000000000311, 0.000000000000000000, 1.349999999999999201 ) ) ;
#2152 = DIRECTION ( 'NONE',  ( -1.000000000000000000, 0.000000000000000000, 1.807003620809175371E-16 ) ) ;
#2153 = CARTESIAN_POINT ( 'NONE',  ( 1.949999999999999734, 0.1000000000000000056, -1.699999999999999512 ) ) ;
#2154 = ORIENTED_EDGE ( 'NONE', *, *, #1173, .T. ) ;
#2155 = CARTESIAN_POINT ( 'NONE',  ( 0.000000000000000000, 0.2000000000000000111, 0.000000000000000000 ) ) ;
#2156 = VECTOR ( 'NONE', #3430, 1000.000000000000000 ) ;
#2157 = PLANE ( 'NONE',  #2683 ) ;
#2158 = LINE ( 'NONE', #6806, #333 ) ;
#2159 = EDGE_LOOP ( 'NONE', ( #3929, #2830, #4214, #2962 ) ) ;
#2160 = DIRECTION ( 'NONE',  ( 1.000000000000000000, -0.000000000000000000, -0.000000000000000000 ) ) ;
#2161 = CARTESIAN_POINT ( 'NONE',  ( -1.949999999999999734, 0.1000000000000000056, 0.3749999999999992228 ) ) ;
#2162 = CARTESIAN_POINT ( 'NONE',  ( 0.2499999999999999445, 0.2000000000000000944, -0.9500000000000003997 ) ) ;
#2163 = DIRECTION ( 'NONE',  ( -1.000000000000000000, 0.000000000000000000, 0.000000000000000000 ) ) ;
#2164 = ORIENTED_EDGE ( 'NONE', *, *, #1947, .F. ) ;
#2165 = APPLICATION_PROTOCOL_DEFINITION ( 'draft international standard', 'automotive_design', 1998, #3528 ) ;
#2166 = ORIENTED_EDGE ( 'NONE', *, *, #6580, .T. ) ;
#2167 = CARTESIAN_POINT ( 'NONE',  ( 1.949999999999999734, 0.1000000000000000056, 1.699999999999999734 ) ) ;
#2168 = EDGE_CURVE ( 'NONE', #3056, #5594, #6264, .T. ) ;
#2169 = EDGE_CURVE ( 'NONE', #6562, #3032, #3960, .T. ) ;
#2170 = ORIENTED_EDGE ( 'NONE', *, *, #4829, .T. ) ;
#2171 = PLANE ( 'NONE',  #4076 ) ;
#2172 = DIRECTION ( 'NONE',  ( 1.000000000000000000, -0.000000000000000000, -2.168404344971012566E-16 ) ) ;
#2173 = FACE_OUTER_BOUND ( 'NONE', #4945, .T. ) ;
#2174 = EDGE_CURVE ( 'NONE', #6768, #3478, #2197, .T. ) ;
#2175 = LINE ( 'NONE', #7580, #172 ) ;
#2176 = DIRECTION ( 'NONE',  ( 0.000000000000000000, -1.000000000000000000, 0.000000000000000000 ) ) ;
#2177 = LINE ( 'NONE', #1056, #1221 ) ;
#2178 = PLANE ( 'NONE',  #3066 ) ;
#2179 = EDGE_CURVE ( 'NONE', #6802, #4981, #3412, .T. ) ;
#2180 = PLANE ( 'NONE',  #6084 ) ;
#2181 = ORIENTED_EDGE ( 'NONE', *, *, #3122, .F. ) ;
#2182 = ORIENTED_EDGE ( 'NONE', *, *, #7115, .F. ) ;
#2183 = VERTEX_POINT ( 'NONE', #5134 ) ;
#2184 = CARTESIAN_POINT ( 'NONE',  ( 0.6500000000000000222, 0.1000000000000000056, 0.9499999999999995115 ) ) ;
#2185 = CARTESIAN_POINT ( 'NONE',  ( 0.6500000000000000222, 2.436067977499789983, -1.699999999999999512 ) ) ;
#2186 = EDGE_CURVE ( 'NONE', #2663, #4707, #6339, .T. ) ;
#2187 = FACE_OUTER_BOUND ( 'NONE', #5897, .T. ) ;
#2188 = CARTESIAN_POINT ( 'NONE',  ( -1.850000000000000311, 2.436067977499789983, -1.750000000000000444 ) ) ;
#2189 = EDGE_CURVE ( 'NONE', #2951, #6524, #2801, .T. ) ;
#2190 = VECTOR ( 'NONE', #5324, 1000.000000000000000 ) ;
#2191 = VERTEX_POINT ( 'NONE', #1001 ) ;
#2192 = VECTOR ( 'NONE', #5132, 1000.000000000000000 ) ;
#2193 = CARTESIAN_POINT ( 'NONE',  ( -0.7500000000000001110, 0.000000000000000000, 1.250000000000000444 ) ) ;
#2194 = DIRECTION ( 'NONE',  ( 0.000000000000000000, 0.000000000000000000, -1.000000000000000000 ) ) ;
#2195 = DIRECTION ( 'NONE',  ( 0.000000000000000000, -0.000000000000000000, 1.000000000000000000 ) ) ;
#2196 = VERTEX_POINT ( 'NONE', #3341 ) ;
#2197 = LINE ( 'NONE', #378, #1993 ) ;
#2198 = LINE ( 'NONE', #3379, #5465 ) ;
#2199 = DIRECTION ( 'NONE',  ( -0.000000000000000000, -1.000000000000000000, -0.000000000000000000 ) ) ;
#2200 = CARTESIAN_POINT ( 'NONE',  ( 1.949999999999999734, 0.1000000000000000056, -1.699999999999999512 ) ) ;
#2201 = AXIS2_PLACEMENT_3D ( 'NONE', #4425, #3293, #6908 ) ;
#2202 = ADVANCED_FACE ( 'NONE', ( #5678 ), #415, .F. ) ;
#2203 = ORIENTED_EDGE ( 'NONE', *, *, #7418, .F. ) ;
#2204 =( LENGTH_UNIT ( ) NAMED_UNIT ( * ) SI_UNIT ( .MILLI., .METRE. ) );
#2205 = ORIENTED_EDGE ( 'NONE', *, *, #4637, .F. ) ;
#2206 = CARTESIAN_POINT ( 'NONE',  ( 0.2499999999999999445, 0.000000000000000000, 1.699999999999999734 ) ) ;
#2207 = ORIENTED_EDGE ( 'NONE', *, *, #7446, .T. ) ;
#2208 = CARTESIAN_POINT ( 'NONE',  ( -1.700000000000001066, 2.436067977499789983, -0.9499999999999998446 ) ) ;
#2209 = CARTESIAN_POINT ( 'NONE',  ( 1.949999999999999734, 0.05000000000000000278, 1.699999999999999734 ) ) ;
#2210 = FILL_AREA_STYLE_COLOUR ( '', #1961 ) ;
#2211 = EDGE_CURVE ( 'NONE', #1989, #1007, #3998, .T. ) ;
#2212 = EDGE_CURVE ( 'NONE', #7629, #5401, #6369, .T. ) ;
#2213 = CARTESIAN_POINT ( 'NONE',  ( -1.999999999999999556, 0.2000000000000000944, 0.6749999999999991562 ) ) ;
#2214 = CARTESIAN_POINT ( 'NONE',  ( -1.850000000000000311, 0.05000000000000000278, 0.000000000000000000 ) ) ;
#2215 = SURFACE_SIDE_STYLE ('',( #4608 ) ) ;
#2216 = DIRECTION ( 'NONE',  ( 1.000000000000000000, 0.000000000000000000, 1.232047923278982199E-17 ) ) ;
#2217 = CARTESIAN_POINT ( 'NONE',  ( -0.5000000000000001110, 0.2000000000000000111, 1.250000000000000444 ) ) ;
#2218 = ORIENTED_EDGE ( 'NONE', *, *, #7607, .F. ) ;
#2219 = VERTEX_POINT ( 'NONE', #3922 ) ;
#2220 = AXIS2_PLACEMENT_3D ( 'NONE', #3554, #3516, #89 ) ;
#2221 = LINE ( 'NONE', #6980, #6335 ) ;
#2222 = VECTOR ( 'NONE', #3935, 1000.000000000000000 ) ;
#2223 = CARTESIAN_POINT ( 'NONE',  ( -1.949999999999999734, 0.000000000000000000, -0.9499999999999998446 ) ) ;
#2224 = CARTESIAN_POINT ( 'NONE',  ( 1.949999999999999734, 0.1000000000000000056, -1.699999999999999512 ) ) ;
#2225 = FACE_OUTER_BOUND ( 'NONE', #7177, .T. ) ;
#2226 = VECTOR ( 'NONE', #645, 1000.000000000000000 ) ;
#2227 = ORIENTED_EDGE ( 'NONE', *, *, #3440, .T. ) ;
#2228 = CLOSED_SHELL ( 'NONE', ( #2858, #1380, #6421, #488, #5204, #571, #6618, #127 ) ) ;
#2229 = EDGE_CURVE ( 'NONE', #3629, #5793, #6956, .T. ) ;
#2230 = DIRECTION ( 'NONE',  ( -0.000000000000000000, -0.000000000000000000, 1.000000000000000000 ) ) ;
#2231 = DIRECTION ( 'NONE',  ( -0.000000000000000000, -1.000000000000000000, -0.000000000000000000 ) ) ;
#2232 = CARTESIAN_POINT ( 'NONE',  ( -1.850000000000000311, 0.2000000000000000944, -1.750000000000000444 ) ) ;
#2233 = EDGE_LOOP ( 'NONE', ( #1023, #7597, #5024, #6014 ) ) ;
#2234 = DIRECTION ( 'NONE',  ( 1.000000000000000000, 0.000000000000000000, -0.000000000000000000 ) ) ;
#2235 = DIRECTION ( 'NONE',  ( -0.000000000000000000, -1.000000000000000000, -0.000000000000000000 ) ) ;
#2236 = LINE ( 'NONE', #5172, #6179 ) ;
#2237 = VECTOR ( 'NONE', #2835, 1000.000000000000000 ) ;
#2238 = ORIENTED_EDGE ( 'NONE', *, *, #4275, .T. ) ;
#2239 = ORIENTED_EDGE ( 'NONE', *, *, #4221, .T. ) ;
#2240 = CARTESIAN_POINT ( 'NONE',  ( -1.999999999999999556, 0.2000000000000000111, 1.349999999999999201 ) ) ;
#2241 = ORIENTED_EDGE ( 'NONE', *, *, #3776, .T. ) ;
#2242 = LINE ( 'NONE', #5798, #4403 ) ;
#2243 = AXIS2_PLACEMENT_3D ( 'NONE', #1339, #2612, #3719 ) ;
#2244 = ORIENTED_EDGE ( 'NONE', *, *, #7173, .F. ) ;
#2245 = FACE_OUTER_BOUND ( 'NONE', #3876, .T. ) ;
#2246 = CARTESIAN_POINT ( 'NONE',  ( -1.000000000000000222, 0.2000000000000000944, -1.749999999999999556 ) ) ;
#2247 = ORIENTED_EDGE ( 'NONE', *, *, #6801, .F. ) ;
#2248 = PLANE ( 'NONE',  #2025 ) ;
#2249 = DIRECTION ( 'NONE',  ( 0.000000000000000000, 1.000000000000000000, 0.000000000000000000 ) ) ;
#2250 = DIRECTION ( 'NONE',  ( 0.000000000000000000, 0.000000000000000000, 1.000000000000000000 ) ) ;
#2251 = CARTESIAN_POINT ( 'NONE',  ( 1.949999999999999734, 0.05000000000000000278, 0.000000000000000000 ) ) ;
#2252 = AXIS2_PLACEMENT_3D ( 'NONE', #601, #982, #358 ) ;
#2253 = AXIS2_PLACEMENT_3D ( 'NONE', #7516, #4650, #2718 ) ;
#2254 = DIRECTION ( 'NONE',  ( -0.000000000000000000, -0.000000000000000000, -1.000000000000000000 ) ) ;
#2255 = DIRECTION ( 'NONE',  ( 1.000000000000000000, 0.000000000000000000, 0.000000000000000000 ) ) ;
#2256 = ORIENTED_EDGE ( 'NONE', *, *, #5248, .T. ) ;
#2257 = ORIENTED_EDGE ( 'NONE', *, *, #5522, .T. ) ;
#2258 = VECTOR ( 'NONE', #7483, 1000.000000000000000 ) ;
#2259 = PLANE ( 'NONE',  #5965 ) ;
#2260 = CARTESIAN_POINT ( 'NONE',  ( 0.000000000000000000, -0.000000000000000000, 1.699999999999999734 ) ) ;
#2261 = EDGE_CURVE ( 'NONE', #4139, #6848, #5209, .T. ) ;
#2262 = VECTOR ( 'NONE', #5884, 1000.000000000000000 ) ;
#2263 = PLANE ( 'NONE',  #4582 ) ;
#2264 = ORIENTED_EDGE ( 'NONE', *, *, #5447, .T. ) ;
#2265 = EDGE_CURVE ( 'NONE', #7443, #2702, #1109, .T. ) ;
#2266 = CARTESIAN_POINT ( 'NONE',  ( -1.250000000000000222, 0.1000000000000000056, 1.749999999999999556 ) ) ;
#2267 = DIRECTION ( 'NONE',  ( 0.000000000000000000, 1.000000000000000000, 0.000000000000000000 ) ) ;
#2268 = CARTESIAN_POINT ( 'NONE',  ( 1.949999999999999734, 0.1000000000000000056, 1.699999999999999734 ) ) ;
#2269 = ORIENTED_EDGE ( 'NONE', *, *, #325, .F. ) ;
#2270 = CARTESIAN_POINT ( 'NONE',  ( -1.850000000000000311, 0.2000000000000000111, -1.350000000000000089 ) ) ;
#2271 = CARTESIAN_POINT ( 'NONE',  ( 0.000000000000000000, 0.2000000000000000111, 0.000000000000000000 ) ) ;
#2272 = FACE_OUTER_BOUND ( 'NONE', #4621, .T. ) ;
#2273 = EDGE_CURVE ( 'NONE', #221, #1011, #1543, .T. ) ;
#2274 = ORIENTED_EDGE ( 'NONE', *, *, #5, .F. ) ;
#2275 = ORIENTED_EDGE ( 'NONE', *, *, #6826, .F. ) ;
#2276 = PRODUCT_CONTEXT ( 'NONE', #3528, 'mechanical' ) ;
#2277 = VECTOR ( 'NONE', #970, 1000.000000000000000 ) ;
#2278 = ORIENTED_EDGE ( 'NONE', *, *, #6729, .T. ) ;
#2279 = LINE ( 'NONE', #3310, #4272 ) ;
#2280 = ADVANCED_FACE ( 'NONE', ( #4515 ), #4152, .T. ) ;
#2281 = VERTEX_POINT ( 'NONE', #99 ) ;
#2282 = CARTESIAN_POINT ( 'NONE',  ( 0.2499999999999999445, 0.2000000000000000111, -0.9500000000000003997 ) ) ;
#2283 = CARTESIAN_POINT ( 'NONE',  ( -0.7500000000000002220, 0.1000000000000000056, -1.750000000000000444 ) ) ;
#2284 = ORIENTED_EDGE ( 'NONE', *, *, #4590, .F. ) ;
#2285 = CARTESIAN_POINT ( 'NONE',  ( 1.949999999999999734, 0.000000000000000000, 0.9499999999999992895 ) ) ;
#2286 = FACE_OUTER_BOUND ( 'NONE', #2953, .T. ) ;
#2287 = DIRECTION ( 'NONE',  ( 0.000000000000000000, 0.000000000000000000, -1.000000000000000000 ) ) ;
#2288 = FILL_AREA_STYLE ('',( #7510 ) ) ;
#2289 = CARTESIAN_POINT ( 'NONE',  ( -1.250000000000000222, 0.2000000000000000111, 1.699999999999999734 ) ) ;
#2290 = PLANE ( 'NONE',  #4216 ) ;
#2291 = VERTEX_POINT ( 'NONE', #5317 ) ;
#2292 = ADVANCED_FACE ( 'NONE', ( #4697 ), #724, .F. ) ;
#2293 = ORIENTED_EDGE ( 'NONE', *, *, #2971, .T. ) ;
#2294 = CARTESIAN_POINT ( 'NONE',  ( -0.000000000000000000, 0.000000000000000000, -1.699999999999999512 ) ) ;
#2295 = DIRECTION ( 'NONE',  ( -0.000000000000000000, -1.000000000000000000, -0.000000000000000000 ) ) ;
#2296 = DIRECTION ( 'NONE',  ( -1.000000000000000000, 0.000000000000000000, 0.000000000000000000 ) ) ;
#2297 = VERTEX_POINT ( 'NONE', #5866 ) ;
#2298 = ADVANCED_FACE ( 'NONE', ( #3565 ), #2944, .T. ) ;
#2299 = EDGE_CURVE ( 'NONE', #4851, #2733, #3026, .T. ) ;
#2300 = LINE ( 'NONE', #5823, #7382 ) ;
#2301 = LINE ( 'NONE', #2798, #4341 ) ;
#2302 = VECTOR ( 'NONE', #7467, 1000.000000000000000 ) ;
#2303 = DIRECTION ( 'NONE',  ( -1.000000000000000000, 0.000000000000000000, 0.000000000000000000 ) ) ;
#2304 = ORIENTED_EDGE ( 'NONE', *, *, #697, .T. ) ;
#2305 = DIRECTION ( 'NONE',  ( 1.000000000000000000, 0.000000000000000000, 0.000000000000000000 ) ) ;
#2306 = LINE ( 'NONE', #6921, #3473 ) ;
#2307 = EDGE_CURVE ( 'NONE', #4938, #1581, #3490, .T. ) ;
#2308 = DIRECTION ( 'NONE',  ( 1.000000000000000000, 0.000000000000000000, -0.000000000000000000 ) ) ;
#2309 = VECTOR ( 'NONE', #3187, 1000.000000000000000 ) ;
#2310 = ORIENTED_EDGE ( 'NONE', *, *, #2395, .T. ) ;
#2311 = ORIENTED_EDGE ( 'NONE', *, *, #1158, .F. ) ;
#2312 = ORIENTED_EDGE ( 'NONE', *, *, #1866, .T. ) ;
#2313 = DIRECTION ( 'NONE',  ( 0.000000000000000000, -0.000000000000000000, 1.000000000000000000 ) ) ;
#2314 = ORIENTED_EDGE ( 'NONE', *, *, #3284, .F. ) ;
#2315 = FACE_OUTER_BOUND ( 'NONE', #6533, .T. ) ;
#2316 = AXIS2_PLACEMENT_3D ( 'NONE', #407, #918, #3332 ) ;
#2317 = LINE ( 'NONE', #1588, #2222 ) ;
#2318 = ORIENTED_EDGE ( 'NONE', *, *, #3720, .F. ) ;
#2319 = LINE ( 'NONE', #6970, #7628 ) ;
#2320 = LINE ( 'NONE', #1196, #3864 ) ;
#2321 = ORIENTED_EDGE ( 'NONE', *, *, #6900, .F. ) ;
#2322 = EDGE_CURVE ( 'NONE', #7443, #1212, #1302, .T. ) ;
#2323 = CARTESIAN_POINT ( 'NONE',  ( 0.000000000000000000, 1.000000000000000000, 0.000000000000000000 ) ) ;
#2324 = EDGE_CURVE ( 'NONE', #6063, #5485, #2380, .T. ) ;
#2325 = DIRECTION ( 'NONE',  ( -1.000000000000000000, 0.000000000000000000, 0.000000000000000000 ) ) ;
#2326 = PLANE ( 'NONE',  #6332 ) ;
#2327 = ORIENTED_EDGE ( 'NONE', *, *, #3060, .F. ) ;
#2328 = ORIENTED_EDGE ( 'NONE', *, *, #6801, .T. ) ;
#2329 = EDGE_CURVE ( 'NONE', #3718, #5291, #561, .T. ) ;
#2330 = CARTESIAN_POINT ( 'NONE',  ( -1.949999999999999734, 0.05000000000000000278, 0.1499999999999999667 ) ) ;
#2331 = CARTESIAN_POINT ( 'NONE',  ( -1.500000000000000444, 0.2000000000000000111, 0.6749999999999991562 ) ) ;
#2332 = DIRECTION ( 'NONE',  ( 1.000000000000000000, 0.000000000000000000, 0.000000000000000000 ) ) ;
#2333 = DIRECTION ( 'NONE',  ( -1.000000000000000000, 0.000000000000000000, 0.000000000000000000 ) ) ;
#2334 = ORIENTED_EDGE ( 'NONE', *, *, #697, .F. ) ;
#2335 = AXIS2_PLACEMENT_3D ( 'NONE', #5783, #5201, #477 ) ;
#2336 = CARTESIAN_POINT ( 'NONE',  ( -1.949999999999999734, 0.05000000000000000278, 0.000000000000000000 ) ) ;
#2337 = CARTESIAN_POINT ( 'NONE',  ( 0.000000000000000000, 0.1000000000000000056, 0.000000000000000000 ) ) ;
#2338 = VECTOR ( 'NONE', #100, 1000.000000000000000 ) ;
#2339 = PLANE ( 'NONE',  #6273 ) ;
#2340 = ORIENTED_EDGE ( 'NONE', *, *, #1974, .T. ) ;
#2341 = DIRECTION ( 'NONE',  ( 0.000000000000000000, -1.000000000000000000, 0.000000000000000000 ) ) ;
#2342 = DIRECTION ( 'NONE',  ( 0.000000000000000000, -1.000000000000000000, 0.000000000000000000 ) ) ;
#2343 = CARTESIAN_POINT ( 'NONE',  ( 1.800000000000000933, 0.05000000000000000278, -9.757819552369547795E-16 ) ) ;
#2344 = CLOSED_SHELL ( 'NONE', ( #7264, #7356, #1754, #3336 ) ) ;
#2345 = EDGE_CURVE ( 'NONE', #1131, #736, #7103, .T. ) ;
#2346 = ORIENTED_EDGE ( 'NONE', *, *, #2887, .T. ) ;
#2347 = VERTEX_POINT ( 'NONE', #1884 ) ;
#2348 = ORIENTED_EDGE ( 'NONE', *, *, #7220, .T. ) ;
#2349 = DIRECTION ( 'NONE',  ( -0.000000000000000000, 0.000000000000000000, -1.000000000000000000 ) ) ;
#2350 = EDGE_LOOP ( 'NONE', ( #5122, #5062, #67, #2442 ) ) ;
#2351 = DIRECTION ( 'NONE',  ( 0.000000000000000000, 1.000000000000000000, 0.000000000000000000 ) ) ;
#2352 = DIRECTION ( 'NONE',  ( -1.000000000000000000, 0.000000000000000000, 0.000000000000000000 ) ) ;
#2353 = ORIENTED_EDGE ( 'NONE', *, *, #3145, .T. ) ;
#2354 = EDGE_CURVE ( 'NONE', #3722, #7257, #4073, .T. ) ;
#2355 = SURFACE_STYLE_FILL_AREA ( #2886 ) ;
#2356 = FACE_OUTER_BOUND ( 'NONE', #3082, .T. ) ;
#2357 = ORIENTED_EDGE ( 'NONE', *, *, #751, .F. ) ;
#2358 = VECTOR ( 'NONE', #2658, 1000.000000000000000 ) ;
#2359 = CARTESIAN_POINT ( 'NONE',  ( -1.000000000000000222, 2.436067977499789983, -1.250000000000001332 ) ) ;
#2360 = CARTESIAN_POINT ( 'NONE',  ( 1.999999999999999556, 0.2000000000000000111, -0.9500000000000003997 ) ) ;
#2361 = CARTESIAN_POINT ( 'NONE',  ( -1.850000000000000311, 0.2000000000000000944, -1.350000000000000089 ) ) ;
#2362 = CARTESIAN_POINT ( 'NONE',  ( 0.000000000000000000, 0.05000000000000000278, -0.6750000000000000444 ) ) ;
#2363 = DIRECTION ( 'NONE',  ( -1.000000000000000000, 0.000000000000000000, 1.084202172485505790E-16 ) ) ;
#2364 = ORIENTED_EDGE ( 'NONE', *, *, #3752, .F. ) ;
#2365 = EDGE_CURVE ( 'NONE', #6789, #1484, #6563, .T. ) ;
#2366 = ORIENTED_EDGE ( 'NONE', *, *, #6141, .F. ) ;
#2367 = AXIS2_PLACEMENT_3D ( 'NONE', #1531, #803, #3177 ) ;
#2368 = CARTESIAN_POINT ( 'NONE',  ( -1.999999999999999556, 0.1000000000000000056, 1.749999999999999556 ) ) ;
#2369 = CARTESIAN_POINT ( 'NONE',  ( -0.5000000000000001110, 0.2000000000000000944, 1.250000000000000444 ) ) ;
#2370 = ADVANCED_FACE ( 'NONE', ( #599 ), #3524, .F. ) ;
#2371 = PLANE ( 'NONE',  #2095 ) ;
#2372 = ORIENTED_EDGE ( 'NONE', *, *, #3224, .T. ) ;
#2373 = VECTOR ( 'NONE', #3015, 1000.000000000000000 ) ;
#2374 = ORIENTED_EDGE ( 'NONE', *, *, #2673, .F. ) ;
#2375 = PLANE ( 'NONE',  #7561 ) ;
#2376 = AXIS2_PLACEMENT_3D ( 'NONE', #1633, #3902, #944 ) ;
#2377 = CARTESIAN_POINT ( 'NONE',  ( -1.999999999999999556, 0.1000000000000000056, -0.1499999999999999667 ) ) ;
#2378 = DIRECTION ( 'NONE',  ( -1.000000000000000000, 0.000000000000000000, 0.000000000000000000 ) ) ;
#2379 = ORIENTED_EDGE ( 'NONE', *, *, #6254, .F. ) ;
#2380 = LINE ( 'NONE', #4116, #3094 ) ;
#2381 = CARTESIAN_POINT ( 'NONE',  ( -1.999999999999999556, 0.1000000000000000056, 1.749999999999999556 ) ) ;
#2382 = LINE ( 'NONE', #7105, #3940 ) ;
#2383 = ORIENTED_EDGE ( 'NONE', *, *, #7100, .T. ) ;
#2384 = EDGE_CURVE ( 'NONE', #6409, #5907, #5904, .T. ) ;
#2385 = ORIENTED_EDGE ( 'NONE', *, *, #1182, .F. ) ;
#2386 = VERTEX_POINT ( 'NONE', #4776 ) ;
#2387 = DIRECTION ( 'NONE',  ( 0.000000000000000000, -1.000000000000000000, 0.000000000000000000 ) ) ;
#2388 = VERTEX_POINT ( 'NONE', #7139 ) ;
#2389 = CARTESIAN_POINT ( 'NONE',  ( 0.6500000000000000222, 0.2000000000000000111, -0.9500000000000003997 ) ) ;
#2390 = CARTESIAN_POINT ( 'NONE',  ( -0.5000000000000001110, 0.2000000000000000111, -1.750000000000000444 ) ) ;
#2391 = EDGE_LOOP ( 'NONE', ( #5700, #4781, #4487, #5990, #3113, #5266 ) ) ;
#2392 = VECTOR ( 'NONE', #3771, 1000.000000000000000 ) ;
#2393 = DIRECTION ( 'NONE',  ( -0.000000000000000000, 0.000000000000000000, 1.000000000000000000 ) ) ;
#2394 = ORIENTED_EDGE ( 'NONE', *, *, #4503, .T. ) ;
#2395 = EDGE_CURVE ( 'NONE', #5485, #7230, #3604, .T. ) ;
#2396 = EDGE_CURVE ( 'NONE', #6453, #5401, #5397, .T. ) ;
#2397 =( LENGTH_UNIT ( ) NAMED_UNIT ( * ) SI_UNIT ( .MILLI., .METRE. ) );
#2398 = DIRECTION ( 'NONE',  ( 1.000000000000000000, 0.000000000000000000, 0.000000000000000000 ) ) ;
#2399 = CARTESIAN_POINT ( 'NONE',  ( -1.250000000000000222, 0.2000000000000000944, 1.250000000000000444 ) ) ;
#2400 = DIRECTION ( 'NONE',  ( -0.000000000000000000, -1.000000000000000000, -0.000000000000000000 ) ) ;
#2401 = CARTESIAN_POINT ( 'NONE',  ( 0.2499999999999999445, 2.436067977499789983, -1.750000000000000444 ) ) ;
#2402 = ORIENTED_EDGE ( 'NONE', *, *, #2770, .F. ) ;
#2403 = EDGE_CURVE ( 'NONE', #3682, #3603, #7630, .T. ) ;
#2404 = ORIENTED_EDGE ( 'NONE', *, *, #6984, .F. ) ;
#2405 = DIRECTION ( 'NONE',  ( 0.000000000000000000, -0.000000000000000000, -1.000000000000000000 ) ) ;
#2406 = CARTESIAN_POINT ( 'NONE',  ( -1.250000000000000222, 0.1000000000000000056, 1.749999999999999556 ) ) ;
#2407 = DIRECTION ( 'NONE',  ( 1.084202172485505790E-16, 0.000000000000000000, 1.000000000000000000 ) ) ;
#2408 = ORIENTED_EDGE ( 'NONE', *, *, #5647, .T. ) ;
#2409 = ORIENTED_EDGE ( 'NONE', *, *, #3093, .F. ) ;
#2410 = CARTESIAN_POINT ( 'NONE',  ( 0.6500000000000000222, 0.2000000000000000111, 1.749999999999999556 ) ) ;
#2411 = CARTESIAN_POINT ( 'NONE',  ( 1.399999999999999911, 0.2000000000000000111, -0.9500000000000002887 ) ) ;
#2412 = EDGE_CURVE ( 'NONE', #6529, #5123, #5440, .T. ) ;
#2413 = CARTESIAN_POINT ( 'NONE',  ( 0.2499999999999999445, 0.2000000000000000944, 0.9499999999999995115 ) ) ;
#2414 = ORIENTED_EDGE ( 'NONE', *, *, #1976, .F. ) ;
#2415 = DIRECTION ( 'NONE',  ( -1.000000000000000000, -0.000000000000000000, -0.000000000000000000 ) ) ;
#2416 = FACE_OUTER_BOUND ( 'NONE', #3146, .T. ) ;
#2417 = LINE ( 'NONE', #683, #6549 ) ;
#2418 = ORIENTED_EDGE ( 'NONE', *, *, #3163, .F. ) ;
#2419 = ORIENTED_EDGE ( 'NONE', *, *, #4619, .T. ) ;
#2420 = VECTOR ( 'NONE', #2387, 1000.000000000000000 ) ;
#2421 = ORIENTED_EDGE ( 'NONE', *, *, #820, .T. ) ;
#2422 = PLANE ( 'NONE',  #6143 ) ;
#2423 = ORIENTED_EDGE ( 'NONE', *, *, #4763, .F. ) ;
#2424 = CARTESIAN_POINT ( 'NONE',  ( -1.999999999999999556, 0.1000000000000000056, -1.750000000000000444 ) ) ;
#2425 = ADVANCED_FACE ( 'NONE', ( #5009 ), #4390, .F. ) ;
#2426 = LINE ( 'NONE', #1275, #3075 ) ;
#2427 = EDGE_LOOP ( 'NONE', ( #19, #1917, #7586, #2045 ) ) ;
#2428 = FACE_OUTER_BOUND ( 'NONE', #949, .T. ) ;
#2429 = AXIS2_PLACEMENT_3D ( 'NONE', #4866, #1923, #5446 ) ;
#2430 = CARTESIAN_POINT ( 'NONE',  ( 1.949999999999999734, 0.1000000000000000056, -1.699999999999999512 ) ) ;
#2431 = EDGE_LOOP ( 'NONE', ( #1349, #4019, #7156, #321, #1428, #4782 ) ) ;
#2432 = VECTOR ( 'NONE', #481, 1000.000000000000000 ) ;
#2433 = FACE_BOUND ( 'NONE', #4554, .T. ) ;
#2434 = DIRECTION ( 'NONE',  ( -0.000000000000000000, 0.000000000000000000, -1.000000000000000000 ) ) ;
#2435 = CARTESIAN_POINT ( 'NONE',  ( -0.5000000000000000000, 0.05000000000000000278, 1.699999999999999734 ) ) ;
#2436 = PLANE ( 'NONE',  #5432 ) ;
#2437 = FACE_OUTER_BOUND ( 'NONE', #7285, .T. ) ;
#2438 = VERTEX_POINT ( 'NONE', #920 ) ;
#2439 = ADVANCED_FACE ( 'NONE', ( #2572 ), #2651, .F. ) ;
#2440 = EDGE_CURVE ( 'NONE', #1858, #4365, #3838, .T. ) ;
#2441 = VECTOR ( 'NONE', #2966, 1000.000000000000000 ) ;
#2442 = ORIENTED_EDGE ( 'NONE', *, *, #2457, .F. ) ;
#2443 = EDGE_CURVE ( 'NONE', #5286, #6427, #1954, .T. ) ;
#2444 = DIRECTION ( 'NONE',  ( 0.000000000000000000, 1.000000000000000000, 0.000000000000000000 ) ) ;
#2445 = DIRECTION ( 'NONE',  ( -1.000000000000000000, 0.000000000000000000, 0.000000000000000000 ) ) ;
#2446 = LINE ( 'NONE', #5860, #7032 ) ;
#2447 = ORIENTED_EDGE ( 'NONE', *, *, #2412, .F. ) ;
#2448 = PRESENTATION_LAYER_ASSIGNMENT (  '', '', ( #3186 ) ) ;
#2449 = CARTESIAN_POINT ( 'NONE',  ( 0.000000000000000000, 0.05000000000000000278, 0.9499999999999995115 ) ) ;
#2450 = DIRECTION ( 'NONE',  ( 0.000000000000000000, -1.000000000000000000, 0.000000000000000000 ) ) ;
#2451 = DIRECTION ( 'NONE',  ( 0.000000000000000000, 1.000000000000000000, 0.000000000000000000 ) ) ;
#2452 = DIRECTION ( 'NONE',  ( 0.000000000000000000, 0.000000000000000000, -1.000000000000000000 ) ) ;
#2453 = ORIENTED_EDGE ( 'NONE', *, *, #822, .T. ) ;
#2454 = DIRECTION ( 'NONE',  ( -1.000000000000000000, 0.000000000000000000, 0.000000000000000000 ) ) ;
#2455 = VECTOR ( 'NONE', #794, 1000.000000000000000 ) ;
#2456 = LINE ( 'NONE', #5441, #6670 ) ;
#2457 = EDGE_CURVE ( 'NONE', #5250, #4675, #2041, .T. ) ;
#2458 = EDGE_LOOP ( 'NONE', ( #6610, #5879, #3497, #472, #2586, #2328 ) ) ;
#2459 = VERTEX_POINT ( 'NONE', #6104 ) ;
#2460 = AXIS2_PLACEMENT_3D ( 'NONE', #6993, #3454, #1003 ) ;
#2461 = VECTOR ( 'NONE', #7265, 1000.000000000000000 ) ;
#2462 = VERTEX_POINT ( 'NONE', #5518 ) ;
#2463 = CARTESIAN_POINT ( 'NONE',  ( 1.800000000000000266, 0.000000000000000000, 1.749999999999999556 ) ) ;
#2464 = EDGE_CURVE ( 'NONE', #3971, #5350, #4932, .T. ) ;
#2465 = VECTOR ( 'NONE', #501, 1000.000000000000000 ) ;
#2466 = VERTEX_POINT ( 'NONE', #3678 ) ;
#2467 = DIRECTION ( 'NONE',  ( 0.000000000000000000, -0.000000000000000000, -1.000000000000000000 ) ) ;
#2468 = DIRECTION ( 'NONE',  ( -0.000000000000000000, 0.000000000000000000, -1.000000000000000000 ) ) ;
#2469 = ORIENTED_EDGE ( 'NONE', *, *, #1432, .T. ) ;
#2470 = VECTOR ( 'NONE', #3052, 1000.000000000000000 ) ;
#2471 = DIRECTION ( 'NONE',  ( 1.000000000000000000, 0.000000000000000000, 0.000000000000000000 ) ) ;
#2472 = CARTESIAN_POINT ( 'NONE',  ( -1.949999999999999734, 2.436067977499789983, 0.9499999999999990674 ) ) ;
#2473 = VERTEX_POINT ( 'NONE', #806 ) ;
#2474 = CARTESIAN_POINT ( 'NONE',  ( -1.250000000000000222, 0.2000000000000000111, 1.749999999999998890 ) ) ;
#2475 = LINE ( 'NONE', #5922, #219 ) ;
#2476 = CARTESIAN_POINT ( 'NONE',  ( -1.949999999999999734, 0.1000000000000000056, 1.349999999999999423 ) ) ;
#2477 = LINE ( 'NONE', #6087, #6418 ) ;
#2478 = CARTESIAN_POINT ( 'NONE',  ( -1.949999999999999734, 0.1000000000000000056, -0.6750000000000000444 ) ) ;
#2479 = EDGE_LOOP ( 'NONE', ( #6492, #4843, #5740, #2357 ) ) ;
#2480 = AXIS2_PLACEMENT_3D ( 'NONE', #7501, #4163, #1851 ) ;
#2481 = CARTESIAN_POINT ( 'NONE',  ( 2.000000000000000444, 0.2000000000000000111, 1.349999999999999645 ) ) ;
#2482 = LINE ( 'NONE', #7092, #4450 ) ;
#2483 = AXIS2_PLACEMENT_3D ( 'NONE', #2532, #7329, #4268 ) ;
#2484 = CARTESIAN_POINT ( 'NONE',  ( 2.000000000000000444, 0.1000000000000000056, -1.750000000000000444 ) ) ;
#2485 = ORIENTED_EDGE ( 'NONE', *, *, #7517, .F. ) ;
#2486 = AXIS2_PLACEMENT_3D ( 'NONE', #5504, #5969, #6008 ) ;
#2487 = ORIENTED_EDGE ( 'NONE', *, *, #6752, .T. ) ;
#2488 = AXIS2_PLACEMENT_3D ( 'NONE', #2902, #135, #1835 ) ;
#2489 = CARTESIAN_POINT ( 'NONE',  ( -1.850000000000000311, 0.2000000000000000944, 1.749999999999999556 ) ) ;
#2490 = DIRECTION ( 'NONE',  ( 1.000000000000000000, 0.000000000000000000, -0.000000000000000000 ) ) ;
#2491 = CARTESIAN_POINT ( 'NONE',  ( -1.000000000000000222, 2.436067977499789983, 1.699999999999999734 ) ) ;
#2492 = LINE ( 'NONE', #7250, #213 ) ;
#2493 = VECTOR ( 'NONE', #5171, 1000.000000000000000 ) ;
#2494 = AXIS2_PLACEMENT_3D ( 'NONE', #6215, #916, #758 ) ;
#2495 = VERTEX_POINT ( 'NONE', #763 ) ;
#2496 = DIRECTION ( 'NONE',  ( -0.000000000000000000, -1.000000000000000000, -0.000000000000000000 ) ) ;
#2497 = CARTESIAN_POINT ( 'NONE',  ( -1.500000000000000444, 0.2000000000000000111, 0.3749999999999993339 ) ) ;
#2498 = EDGE_CURVE ( 'NONE', #5448, #5250, #6220, .T. ) ;
#2499 = ORIENTED_EDGE ( 'NONE', *, *, #7355, .F. ) ;
#2500 = ORIENTED_EDGE ( 'NONE', *, *, #3674, .F. ) ;
#2501 = VECTOR ( 'NONE', #6581, 1000.000000000000000 ) ;
#2502 = ORIENTED_EDGE ( 'NONE', *, *, #2261, .F. ) ;
#2503 = PLANE ( 'NONE',  #7249 ) ;
#2504 = ORIENTED_EDGE ( 'NONE', *, *, #2524, .F. ) ;
#2505 = FACE_OUTER_BOUND ( 'NONE', #2531, .T. ) ;
#2506 = EDGE_CURVE ( 'NONE', #3756, #2033, #1375, .T. ) ;
#2507 = DIRECTION ( 'NONE',  ( -0.000000000000000000, -1.000000000000000000, -0.000000000000000000 ) ) ;
#2508 = EDGE_LOOP ( 'NONE', ( #2487, #2657, #4767, #4556 ) ) ;
#2509 = STYLED_ITEM ( 'NONE', ( #5824 ), #6507 ) ;
#2510 = FACE_OUTER_BOUND ( 'NONE', #3365, .T. ) ;
#2511 = DIRECTION ( 'NONE',  ( -1.000000000000000000, 0.000000000000000000, 0.000000000000000000 ) ) ;
#2512 = ORIENTED_EDGE ( 'NONE', *, *, #2322, .T. ) ;
#2513 = SURFACE_STYLE_USAGE ( .BOTH. , #2588 ) ;
#2514 = EDGE_CURVE ( 'NONE', #846, #5936, #884, .T. ) ;
#2515 = LINE ( 'NONE', #6040, #713 ) ;
#2516 = DIRECTION ( 'NONE',  ( -1.000000000000000000, 0.000000000000000000, 0.000000000000000000 ) ) ;
#2517 = DIRECTION ( 'NONE',  ( -1.000000000000000000, 0.000000000000000000, -0.000000000000000000 ) ) ;
#2518 = VECTOR ( 'NONE', #2511, 1000.000000000000000 ) ;
#2519 = EDGE_CURVE ( 'NONE', #2919, #2756, #297, .T. ) ;
#2520 = ORIENTED_EDGE ( 'NONE', *, *, #6244, .F. ) ;
#2521 = DIRECTION ( 'NONE',  ( 0.000000000000000000, 0.000000000000000000, 1.000000000000000000 ) ) ;
#2522 = DIRECTION ( 'NONE',  ( 0.000000000000000000, -0.000000000000000000, -1.000000000000000000 ) ) ;
#2523 = LINE ( 'NONE', #2560, #986 ) ;
#2524 = EDGE_CURVE ( 'NONE', #3032, #221, #4892, .T. ) ;
#2525 = VERTEX_POINT ( 'NONE', #4308 ) ;
#2526 = ORIENTED_EDGE ( 'NONE', *, *, #7479, .F. ) ;
#2527 = ORIENTED_EDGE ( 'NONE', *, *, #5947, .T. ) ;
#2528 = CARTESIAN_POINT ( 'NONE',  ( 2.000000000000000444, 0.2000000000000000944, 1.349999999999999645 ) ) ;
#2529 = CARTESIAN_POINT ( 'NONE',  ( 0.000000000000000000, 0.2000000000000000111, 0.000000000000000000 ) ) ;
#2530 = CARTESIAN_POINT ( 'NONE',  ( -0.2000000000000005662, 2.436067977499789983, -0.2000000000000000111 ) ) ;
#2531 = EDGE_LOOP ( 'NONE', ( #5323, #3457, #7491, #5915, #497, #7513 ) ) ;
#2532 = CARTESIAN_POINT ( 'NONE',  ( -1.649999999999999467, 0.9000000000000000222, -1.400000000000000355 ) ) ;
#2533 = CARTESIAN_POINT ( 'NONE',  ( -1.700000000000001066, 0.2000000000000000111, -0.9499999999999998446 ) ) ;
#2534 = EDGE_CURVE ( 'NONE', #4724, #251, #5822, .T. ) ;
#2535 = EDGE_CURVE ( 'NONE', #6545, #3648, #6178, .T. ) ;
#2536 = ORIENTED_EDGE ( 'NONE', *, *, #2307, .T. ) ;
#2537 = ORIENTED_EDGE ( 'NONE', *, *, #971, .F. ) ;
#2538 = ORIENTED_EDGE ( 'NONE', *, *, #1459, .T. ) ;
#2539 = DIRECTION ( 'NONE',  ( 1.000000000000000000, 0.000000000000000000, 0.000000000000000000 ) ) ;
#2540 = DIRECTION ( 'NONE',  ( 0.000000000000000000, 0.000000000000000000, 1.000000000000000000 ) ) ;
#2541 = ADVANCED_FACE ( 'NONE', ( #6139 ), #3181, .F. ) ;
#2542 = ORIENTED_EDGE ( 'NONE', *, *, #12, .F. ) ;
#2543 = DIRECTION ( 'NONE',  ( 0.000000000000000000, 0.000000000000000000, 1.000000000000000000 ) ) ;
#2544 = LINE ( 'NONE', #7341, #2825 ) ;
#2545 = EDGE_LOOP ( 'NONE', ( #2714, #7132, #129, #5759, #4357, #2105 ) ) ;
#2546 = DIRECTION ( 'NONE',  ( 0.000000000000000000, 0.000000000000000000, -1.000000000000000000 ) ) ;
#2547 = DIRECTION ( 'NONE',  ( 1.000000000000000000, 0.000000000000000000, -0.000000000000000000 ) ) ;
#2548 = ORIENTED_EDGE ( 'NONE', *, *, #4254, .F. ) ;
#2549 = DIRECTION ( 'NONE',  ( 0.000000000000000000, -1.000000000000000000, 0.000000000000000000 ) ) ;
#2550 = DIRECTION ( 'NONE',  ( 1.000000000000000000, 0.000000000000000000, 0.000000000000000000 ) ) ;
#2551 = LINE ( 'NONE', #5376, #2596 ) ;
#2552 = CARTESIAN_POINT ( 'NONE',  ( -0.5000000000000000000, 0.1000000000000000056, -1.750000000000000444 ) ) ;
#2553 = EDGE_CURVE ( 'NONE', #7569, #789, #7218, .T. ) ;
#2554 = VERTEX_POINT ( 'NONE', #1456 ) ;
#2555 = ADVANCED_FACE ( 'NONE', ( #1918 ), #6640, .F. ) ;
#2556 = VECTOR ( 'NONE', #2691, 1000.000000000000000 ) ;
#2557 = ADVANCED_FACE ( 'NONE', ( #6257 ), #3443, .F. ) ;
#2558 = CARTESIAN_POINT ( 'NONE',  ( -1.949999999999999734, 0.2000000000000000111, -0.1499999999999999667 ) ) ;
#2559 = CARTESIAN_POINT ( 'NONE',  ( 0.000000000000000000, 0.2000000000000000111, 0.000000000000000000 ) ) ;
#2560 = CARTESIAN_POINT ( 'NONE',  ( -0.7500000000000001110, 0.2000000000000000111, 1.749999999999999556 ) ) ;
#2561 = AXIS2_PLACEMENT_3D ( 'NONE', #4836, #6540, #2398 ) ;
#2562 = CARTESIAN_POINT ( 'NONE',  ( -1.500000000000000444, 0.09999999999999982514, 0.3749999999999993339 ) ) ;
#2563 = ORIENTED_EDGE ( 'NONE', *, *, #4667, .F. ) ;
#2564 = ORIENTED_EDGE ( 'NONE', *, *, #2827, .F. ) ;
#2565 = EDGE_CURVE ( 'NONE', #6151, #437, #6838, .T. ) ;
#2566 = VERTEX_POINT ( 'NONE', #4027 ) ;
#2567 = UNCERTAINTY_MEASURE_WITH_UNIT (LENGTH_MEASURE( 1.000000000000000082E-05 ), #6318, 'distance_accuracy_value', 'NONE');
#2568 = DIRECTION ( 'NONE',  ( -1.000000000000000000, 0.000000000000000000, -5.421010862427522170E-16 ) ) ;
#2569 = CARTESIAN_POINT ( 'NONE',  ( 1.399999999999999911, 2.436067977499789983, -1.699999999999999512 ) ) ;
#2570 = DIRECTION ( 'NONE',  ( 1.000000000000000000, 0.000000000000000000, -0.000000000000000000 ) ) ;
#2571 = ORIENTED_EDGE ( 'NONE', *, *, #7431, .F. ) ;
#2572 = FACE_OUTER_BOUND ( 'NONE', #7534, .T. ) ;
#2573 = ORIENTED_EDGE ( 'NONE', *, *, #7434, .F. ) ;
#2574 = ORIENTED_EDGE ( 'NONE', *, *, #5669, .T. ) ;
#2575 = EDGE_LOOP ( 'NONE', ( #5788, #7576, #7520, #4225, #2278, #7497, #767 ) ) ;
#2576 = CARTESIAN_POINT ( 'NONE',  ( -1.999999999999999556, 1.000000000000000000, -1.750000000000000444 ) ) ;
#2577 = MECHANICAL_DESIGN_GEOMETRIC_PRESENTATION_REPRESENTATION (  '', ( #1344 ), #6536 ) ;
#2578 = CARTESIAN_POINT ( 'NONE',  ( -1.999999999999999556, 0.1000000000000000056, -1.750000000000000444 ) ) ;
#2579 = ORIENTED_EDGE ( 'NONE', *, *, #4503, .F. ) ;
#2580 = CARTESIAN_POINT ( 'NONE',  ( -1.000000000000000222, 2.436067977499789983, -1.699999999999999512 ) ) ;
#2581 = PLANE ( 'NONE',  #4445 ) ;
#2582 = ORIENTED_EDGE ( 'NONE', *, *, #1976, .T. ) ;
#2583 = DIRECTION ( 'NONE',  ( 0.000000000000000000, 0.000000000000000000, 1.000000000000000000 ) ) ;
#2584 = VECTOR ( 'NONE', #1744, 1000.000000000000000 ) ;
#2585 = LINE ( 'NONE', #5536, #5856 ) ;
#2586 = ORIENTED_EDGE ( 'NONE', *, *, #3628, .T. ) ;
#2587 = VECTOR ( 'NONE', #6881, 1000.000000000000000 ) ;
#2588 = SURFACE_SIDE_STYLE ('',( #3126 ) ) ;
#2589 = ADVANCED_FACE ( 'NONE', ( #993 ), #2263, .T. ) ;
#2590 = ORIENTED_EDGE ( 'NONE', *, *, #5554, .F. ) ;
#2591 = CARTESIAN_POINT ( 'NONE',  ( -1.250000000000000222, 0.2000000000000000111, -1.250000000000001332 ) ) ;
#2592 = AXIS2_PLACEMENT_3D ( 'NONE', #4796, #2022, #7237 ) ;
#2593 = LINE ( 'NONE', #3276, #7535 ) ;
#2594 = LINE ( 'NONE', #4291, #5191 ) ;
#2595 = CARTESIAN_POINT ( 'NONE',  ( 1.399999999999999911, 0.000000000000000000, -0.9500000000000002887 ) ) ;
#2596 = VECTOR ( 'NONE', #1243, 1000.000000000000000 ) ;
#2597 = ORIENTED_EDGE ( 'NONE', *, *, #807, .F. ) ;
#2598 = DIRECTION ( 'NONE',  ( -0.000000000000000000, -1.000000000000000000, -0.000000000000000000 ) ) ;
#2599 =( NAMED_UNIT ( * ) PLANE_ANGLE_UNIT ( ) SI_UNIT ( $, .RADIAN. ) );
#2600 = CARTESIAN_POINT ( 'NONE',  ( 1.800000000000000266, 2.436067977499789983, 1.699999999999999734 ) ) ;
#2601 = ADVANCED_FACE ( 'NONE', ( #5746 ), #6291, .T. ) ;
#2602 = LINE ( 'NONE', #6564, #5214 ) ;
#2603 = VERTEX_POINT ( 'NONE', #5047 ) ;
#2604 = VECTOR ( 'NONE', #2351, 1000.000000000000000 ) ;
#2605 = ORIENTED_EDGE ( 'NONE', *, *, #4605, .F. ) ;
#2606 = ORIENTED_EDGE ( 'NONE', *, *, #7142, .T. ) ;
#2607 = CARTESIAN_POINT ( 'NONE',  ( -1.999999999999999556, 0.2000000000000000111, 0.6749999999999991562 ) ) ;
#2608 = AXIS2_PLACEMENT_3D ( 'NONE', #4469, #408, #3915 ) ;
#2609 = DIRECTION ( 'NONE',  ( 0.000000000000000000, 0.000000000000000000, -1.000000000000000000 ) ) ;
#2610 = PLANE ( 'NONE',  #1329 ) ;
#2611 = VERTEX_POINT ( 'NONE', #7486 ) ;
#2612 = DIRECTION ( 'NONE',  ( 0.000000000000000000, 0.000000000000000000, 1.000000000000000000 ) ) ;
#2613 = EDGE_LOOP ( 'NONE', ( #5521, #5797, #2788, #1755 ) ) ;
#2614 = EDGE_LOOP ( 'NONE', ( #6883, #6323, #7332, #3789, #6930, #4887 ) ) ;
#2615 = VERTEX_POINT ( 'NONE', #329 ) ;
#2616 = CARTESIAN_POINT ( 'NONE',  ( -1.649999999999999467, 0.9000000000000000222, -1.400000000000000355 ) ) ;
#2617 = AXIS2_PLACEMENT_3D ( 'NONE', #1286, #6544, #747 ) ;
#2618 = VECTOR ( 'NONE', #5206, 1000.000000000000000 ) ;
#2619 =( NAMED_UNIT ( * ) SI_UNIT ( $, .STERADIAN. ) SOLID_ANGLE_UNIT ( ) );
#2620 = DIRECTION ( 'NONE',  ( -0.000000000000000000, -0.000000000000000000, -1.000000000000000000 ) ) ;
#2621 = ORIENTED_EDGE ( 'NONE', *, *, #4112, .T. ) ;
#2622 = CARTESIAN_POINT ( 'NONE',  ( 2.000000000000000444, 0.1000000000000000056, -0.9500000000000005107 ) ) ;
#2623 = DIRECTION ( 'NONE',  ( -0.000000000000000000, 0.000000000000000000, -1.000000000000000000 ) ) ;
#2624 = VERTEX_POINT ( 'NONE', #5127 ) ;
#2625 = LINE ( 'NONE', #5060, #4062 ) ;
#2626 = EDGE_CURVE ( 'NONE', #2919, #877, #5671, .T. ) ;
#2627 = AXIS2_PLACEMENT_3D ( 'NONE', #5893, #1290, #5382 ) ;
#2628 = CARTESIAN_POINT ( 'NONE',  ( -1.500000000000000444, 0.2000000000000000111, -0.3750000000000002220 ) ) ;
#2629 = ORIENTED_EDGE ( 'NONE', *, *, #5282, .F. ) ;
#2630 = LINE ( 'NONE', #1354, #5386 ) ;
#2631 = AXIS2_PLACEMENT_3D ( 'NONE', #3863, #2817, #5115 ) ;
#2632 = ORIENTED_EDGE ( 'NONE', *, *, #6872, .T. ) ;
#2633 = FACE_OUTER_BOUND ( 'NONE', #4646, .T. ) ;
#2634 = LINE ( 'NONE', #7470, #3316 ) ;
#2635 = SURFACE_STYLE_FILL_AREA ( #6778 ) ;
#2636 = EDGE_CURVE ( 'NONE', #1945, #1421, #4544, .T. ) ;
#2637 = ADVANCED_FACE ( 'NONE', ( #2225 ), #7406, .F. ) ;
#2638 = VERTEX_POINT ( 'NONE', #1534 ) ;
#2639 = CARTESIAN_POINT ( 'NONE',  ( -0.5000000000000001110, 2.436067977499789983, 1.250000000000000444 ) ) ;
#2640 = VECTOR ( 'NONE', #6383, 1000.000000000000000 ) ;
#2641 = EDGE_CURVE ( 'NONE', #1723, #3589, #5164, .T. ) ;
#2642 = FACE_OUTER_BOUND ( 'NONE', #618, .T. ) ;
#2643 = DIRECTION ( 'NONE',  ( -0.000000000000000000, 0.000000000000000000, 1.000000000000000000 ) ) ;
#2644 = ORIENTED_EDGE ( 'NONE', *, *, #7488, .F. ) ;
#2645 = VERTEX_POINT ( 'NONE', #2721 ) ;
#2646 = ORIENTED_EDGE ( 'NONE', *, *, #4350, .F. ) ;
#2647 = DIRECTION ( 'NONE',  ( -0.000000000000000000, -0.000000000000000000, -1.000000000000000000 ) ) ;
#2648 = LINE ( 'NONE', #5006, #2129 ) ;
#2649 = PLANE ( 'NONE',  #845 ) ;
#2650 = ORIENTED_EDGE ( 'NONE', *, *, #717, .F. ) ;
#2651 = PLANE ( 'NONE',  #7429 ) ;
#2652 = ORIENTED_EDGE ( 'NONE', *, *, #346, .T. ) ;
#2653 = ORIENTED_EDGE ( 'NONE', *, *, #5544, .T. ) ;
#2654 = EDGE_CURVE ( 'NONE', #6800, #5381, #2113, .T. ) ;
#2655 = DIRECTION ( 'NONE',  ( 0.000000000000000000, -1.000000000000000000, 0.000000000000000000 ) ) ;
#2656 = CARTESIAN_POINT ( 'NONE',  ( -1.649999999999999467, 1.000000000000000000, -1.250000000000000444 ) ) ;
#2657 = ORIENTED_EDGE ( 'NONE', *, *, #4359, .F. ) ;
#2658 = DIRECTION ( 'NONE',  ( -5.421010862427522170E-16, 0.000000000000000000, -1.000000000000000000 ) ) ;
#2659 = DIRECTION ( 'NONE',  ( -0.000000000000000000, 0.000000000000000000, -1.000000000000000000 ) ) ;
#2660 = CARTESIAN_POINT ( 'NONE',  ( -1.999999999999999556, 0.2000000000000000111, -0.6750000000000000444 ) ) ;
#2661 = DIRECTION ( 'NONE',  ( -1.000000000000000000, 0.000000000000000000, -1.232047923278982199E-17 ) ) ;
#2662 = EDGE_CURVE ( 'NONE', #4042, #6177, #3953, .T. ) ;
#2663 = VERTEX_POINT ( 'NONE', #370 ) ;
#2664 = ADVANCED_FACE ( 'NONE', ( #5086 ), #7450, .T. ) ;
#2665 = CARTESIAN_POINT ( 'NONE',  ( 0.000000000000000000, 0.000000000000000000, 0.000000000000000000 ) ) ;
#2666 = ORIENTED_EDGE ( 'NONE', *, *, #1289, .T. ) ;
#2667 = LINE ( 'NONE', #1474, #3913 ) ;
#2668 = LINE ( 'NONE', #6740, #5189 ) ;
#2669 = CLOSED_SHELL ( 'NONE', ( #6303, #1396, #4685, #3354, #1041, #3826, #1938, #6897 ) ) ;
#2670 = VECTOR ( 'NONE', #821, 1000.000000000000000 ) ;
#2671 = LINE ( 'NONE', #7509, #3977 ) ;
#2672 = SURFACE_STYLE_FILL_AREA ( #792 ) ;
#2673 = EDGE_CURVE ( 'NONE', #5158, #4775, #6947, .T. ) ;
#2674 = PLANE ( 'NONE',  #5300 ) ;
#2675 = DIRECTION ( 'NONE',  ( 0.000000000000000000, -1.000000000000000000, 0.000000000000000000 ) ) ;
#2676 = EDGE_LOOP ( 'NONE', ( #924, #4307, #4303, #1163, #6756, #4007 ) ) ;
#2677 = ADVANCED_FACE ( 'NONE', ( #441 ), #7519, .F. ) ;
#2678 = VECTOR ( 'NONE', #447, 1000.000000000000000 ) ;
#2679 = ORIENTED_EDGE ( 'NONE', *, *, #6116, .F. ) ;
#2680 = ORIENTED_EDGE ( 'NONE', *, *, #5509, .F. ) ;
#2681 = DIRECTION ( 'NONE',  ( 1.000000000000000000, -0.000000000000000000, 0.000000000000000000 ) ) ;
#2682 = DIRECTION ( 'NONE',  ( -0.000000000000000000, -1.000000000000000000, -0.000000000000000000 ) ) ;
#2683 = AXIS2_PLACEMENT_3D ( 'NONE', #374, #6293, #5673 ) ;
#2684 = PLANE ( 'NONE',  #2201 ) ;
#2685 = ADVANCED_FACE ( 'NONE', ( #1065 ), #3403, .F. ) ;
#2686 = VERTEX_POINT ( 'NONE', #4220 ) ;
#2687 = CARTESIAN_POINT ( 'NONE',  ( 1.999999999999999556, 2.436067977499789983, 0.9499999999999995115 ) ) ;
#2688 = ORIENTED_EDGE ( 'NONE', *, *, #7459, .T. ) ;
#2689 = DIRECTION ( 'NONE',  ( -0.000000000000000000, 1.000000000000000000, -0.000000000000000000 ) ) ;
#2690 = DIRECTION ( 'NONE',  ( 0.7071067811865487940, 0.000000000000000000, -0.7071067811865463515 ) ) ;
#2691 = DIRECTION ( 'NONE',  ( -1.000000000000000000, 0.000000000000000000, 0.000000000000000000 ) ) ;
#2692 = ORIENTED_EDGE ( 'NONE', *, *, #3582, .F. ) ;
#2693 = LINE ( 'NONE', #5572, #3702 ) ;
#2694 = CARTESIAN_POINT ( 'NONE',  ( -1.999999999999999556, 2.436067977499789983, 0.3749999999999992228 ) ) ;
#2695 = EDGE_CURVE ( 'NONE', #1886, #728, #5934, .T. ) ;
#2696 = DIRECTION ( 'NONE',  ( -1.232047923278982353E-17, 0.000000000000000000, 1.000000000000000000 ) ) ;
#2697 = FILL_AREA_STYLE_COLOUR ( '', #926 ) ;
#2698 = VECTOR ( 'NONE', #5193, 1000.000000000000000 ) ;
#2699 = ORIENTED_EDGE ( 'NONE', *, *, #2211, .T. ) ;
#2700 = ADVANCED_FACE ( 'NONE', ( #6432 ), #2371, .T. ) ;
#2701 = LINE ( 'NONE', #7499, #575 ) ;
#2702 = VERTEX_POINT ( 'NONE', #4690 ) ;
#2703 = CARTESIAN_POINT ( 'NONE',  ( -1.949999999999999734, 0.2000000000000000111, 1.349999999999999201 ) ) ;
#2704 = DIRECTION ( 'NONE',  ( -0.000000000000000000, 0.000000000000000000, -1.000000000000000000 ) ) ;
#2705 = VECTOR ( 'NONE', #2296, 1000.000000000000000 ) ;
#2706 = CARTESIAN_POINT ( 'NONE',  ( -1.850000000000000311, 0.2000000000000000111, 1.749999999999999556 ) ) ;
#2707 = VECTOR ( 'NONE', #7575, 1000.000000000000000 ) ;
#2708 = DIRECTION ( 'NONE',  ( 0.000000000000000000, 1.000000000000000000, 0.000000000000000000 ) ) ;
#2709 = VECTOR ( 'NONE', #4329, 1000.000000000000000 ) ;
#2710 = CARTESIAN_POINT ( 'NONE',  ( 1.999999999999999556, 0.2000000000000000111, 0.9499999999999995115 ) ) ;
#2711 = VECTOR ( 'NONE', #80, 1000.000000000000000 ) ;
#2712 = CARTESIAN_POINT ( 'NONE',  ( 1.949999999999999734, 0.1000000000000000056, 0.2000000000000000944 ) ) ;
#2713 = DIRECTION ( 'NONE',  ( 0.000000000000000000, 1.000000000000000000, 0.000000000000000000 ) ) ;
#2714 = ORIENTED_EDGE ( 'NONE', *, *, #7027, .T. ) ;
#2715 = VERTEX_POINT ( 'NONE', #7591 ) ;
#2716 = ORIENTED_EDGE ( 'NONE', *, *, #2759, .T. ) ;
#2717 = DIRECTION ( 'NONE',  ( -1.000000000000000000, 0.000000000000000000, 0.000000000000000000 ) ) ;
#2718 = DIRECTION ( 'NONE',  ( 0.000000000000000000, 0.000000000000000000, -1.000000000000000000 ) ) ;
#2719 = DIRECTION ( 'NONE',  ( -0.000000000000000000, -1.000000000000000000, 0.000000000000000000 ) ) ;
#2720 = VERTEX_POINT ( 'NONE', #1292 ) ;
#2721 = CARTESIAN_POINT ( 'NONE',  ( 1.399999999999999911, 0.1000000000000000056, -1.750000000000000444 ) ) ;
#2722 = EDGE_CURVE ( 'NONE', #1011, #148, #7093, .T. ) ;
#2723 = AXIS2_PLACEMENT_3D ( 'NONE', #3000, #71, #6572 ) ;
#2724 = LINE ( 'NONE', #2193, #7507 ) ;
#2725 = CARTESIAN_POINT ( 'NONE',  ( -1.949999999999999734, 0.1000000000000000056, -1.699999999999999512 ) ) ;
#2726 = CARTESIAN_POINT ( 'NONE',  ( -1.999999999999999556, 0.000000000000000000, 1.349999999999999201 ) ) ;
#2727 = ORIENTED_EDGE ( 'NONE', *, *, #5995, .T. ) ;
#2728 = DIRECTION ( 'NONE',  ( -1.000000000000000000, 0.000000000000000000, 0.000000000000000000 ) ) ;
#2729 = DIRECTION ( 'NONE',  ( -1.000000000000000000, 0.000000000000000000, 0.000000000000000000 ) ) ;
#2730 = EDGE_CURVE ( 'NONE', #2297, #1886, #4730, .T. ) ;
#2731 = CARTESIAN_POINT ( 'NONE',  ( 1.399999999999999911, 0.2000000000000000111, -1.750000000000000444 ) ) ;
#2732 = DIRECTION ( 'NONE',  ( -0.000000000000000000, 0.000000000000000000, -1.000000000000000000 ) ) ;
#2733 = VERTEX_POINT ( 'NONE', #5384 ) ;
#2734 = AXIS2_PLACEMENT_3D ( 'NONE', #3945, #5625, #399 ) ;
#2735 = VECTOR ( 'NONE', #3448, 1000.000000000000000 ) ;
#2736 = LINE ( 'NONE', #496, #3253 ) ;
#2737 = EDGE_LOOP ( 'NONE', ( #1737, #1747, #4198, #3685 ) ) ;
#2738 = EDGE_CURVE ( 'NONE', #2388, #6671, #2446, .T. ) ;
#2739 = DIRECTION ( 'NONE',  ( 0.000000000000000000, 0.000000000000000000, 1.000000000000000000 ) ) ;
#2740 = EDGE_LOOP ( 'NONE', ( #6068, #6877, #6910, #6406 ) ) ;
#2741 = CARTESIAN_POINT ( 'NONE',  ( 1.999999999999999556, 0.2000000000000000111, -0.1999999999999999833 ) ) ;
#2742 = VECTOR ( 'NONE', #450, 1000.000000000000000 ) ;
#2743 = LINE ( 'NONE', #5070, #3688 ) ;
#2744 = VECTOR ( 'NONE', #4968, 1000.000000000000000 ) ;
#2745 = DIRECTION ( 'NONE',  ( 0.000000000000000000, 0.000000000000000000, -1.000000000000000000 ) ) ;
#2746 = LINE ( 'NONE', #1668, #2156 ) ;
#2747 = ADVANCED_FACE ( 'NONE', ( #519 ), #4144, .F. ) ;
#2748 = VECTOR ( 'NONE', #3360, 1000.000000000000000 ) ;
#2749 = ADVANCED_FACE ( 'NONE', ( #2979 ), #6594, .F. ) ;
#2750 = LINE ( 'NONE', #3393, #41 ) ;
#2751 = LINE ( 'NONE', #2251, #5049 ) ;
#2752 = DIRECTION ( 'NONE',  ( 0.000000000000000000, -0.000000000000000000, 1.000000000000000000 ) ) ;
#2753 = PLANE ( 'NONE',  #6439 ) ;
#2754 = ORIENTED_EDGE ( 'NONE', *, *, #6946, .T. ) ;
#2755 = ORIENTED_EDGE ( 'NONE', *, *, #7581, .F. ) ;
#2756 = VERTEX_POINT ( 'NONE', #1790 ) ;
#2757 = FACE_OUTER_BOUND ( 'NONE', #4383, .T. ) ;
#2758 = LINE ( 'NONE', #5125, #2976 ) ;
#2759 = EDGE_CURVE ( 'NONE', #5103, #613, #7056, .T. ) ;
#2760 = DIRECTION ( 'NONE',  ( 0.000000000000000000, 1.000000000000000000, 0.000000000000000000 ) ) ;
#2761 = CARTESIAN_POINT ( 'NONE',  ( 0.6500000000000000222, 0.2000000000000000111, 1.699999999999999734 ) ) ;
#2762 = EDGE_LOOP ( 'NONE', ( #4004, #1953, #2500, #102, #2227, #6966 ) ) ;
#2763 = AXIS2_PLACEMENT_3D ( 'NONE', #4908, #272, #7266 ) ;
#2764 = CARTESIAN_POINT ( 'NONE',  ( -1.999999999999999556, 0.1000000000000000056, -0.6750000000000000444 ) ) ;
#2765 = CARTESIAN_POINT ( 'NONE',  ( -1.850000000000000311, 2.436067977499789983, 1.699999999999999734 ) ) ;
#2766 = LINE ( 'NONE', #5751, #4652 ) ;
#2767 = EDGE_LOOP ( 'NONE', ( #1548, #2164, #7298, #4639 ) ) ;
#2768 = CARTESIAN_POINT ( 'NONE',  ( -0.7500000000000001110, 0.2000000000000000111, -1.250000000000001332 ) ) ;
#2769 = DIRECTION ( 'NONE',  ( 0.000000000000000000, 1.000000000000000000, 0.000000000000000000 ) ) ;
#2770 = EDGE_CURVE ( 'NONE', #400, #5123, #55, .T. ) ;
#2771 = EDGE_CURVE ( 'NONE', #5821, #3629, #3595, .T. ) ;
#2772 = FACE_OUTER_BOUND ( 'NONE', #7170, .T. ) ;
#2773 = LINE ( 'NONE', #1005, #2587 ) ;
#2774 = ADVANCED_FACE ( 'NONE', ( #3482 ), #2934, .F. ) ;
#2775 = ORIENTED_EDGE ( 'NONE', *, *, #3743, .F. ) ;
#2776 = LINE ( 'NONE', #3891, #2277 ) ;
#2777 = ORIENTED_EDGE ( 'NONE', *, *, #3803, .F. ) ;
#2778 = CARTESIAN_POINT ( 'NONE',  ( -1.649999999999999467, 0.9000000000000000222, -1.550000000000000488 ) ) ;
#2779 = EDGE_LOOP ( 'NONE', ( #6451, #6401, #5517, #885 ) ) ;
#2780 = DIRECTION ( 'NONE',  ( -1.000000000000000000, -0.000000000000000000, -0.000000000000000000 ) ) ;
#2781 = LINE ( 'NONE', #4599, #4311 ) ;
#2782 = CARTESIAN_POINT ( 'NONE',  ( -1.850000000000000311, 0.1000000000000000056, -1.699999999999999512 ) ) ;
#2783 = PLANE ( 'NONE',  #7448 ) ;
#2784 = DIRECTION ( 'NONE',  ( 1.355252715606880296E-16, 0.000000000000000000, 1.000000000000000000 ) ) ;
#2785 = CARTESIAN_POINT ( 'NONE',  ( -0.5000000000000001110, 0.05000000000000000278, 0.000000000000000000 ) ) ;
#2786 = EDGE_LOOP ( 'NONE', ( #3283, #6374, #7070, #3426 ) ) ;
#2787 = EDGE_CURVE ( 'NONE', #5123, #6331, #4106, .T. ) ;
#2788 = ORIENTED_EDGE ( 'NONE', *, *, #4143, .T. ) ;
#2789 = EDGE_LOOP ( 'NONE', ( #766, #5891, #4392, #2650, #7465, #424 ) ) ;
#2790 = CARTESIAN_POINT ( 'NONE',  ( -0.7500000000000001110, 0.2000000000000000111, 1.699999999999999734 ) ) ;
#2791 = DIRECTION ( 'NONE',  ( 0.000000000000000000, 0.000000000000000000, 1.000000000000000000 ) ) ;
#2792 = LINE ( 'NONE', #3796, #3786 ) ;
#2793 = DIRECTION ( 'NONE',  ( -0.000000000000000000, -1.000000000000000000, -0.000000000000000000 ) ) ;
#2794 = VECTOR ( 'NONE', #6410, 1000.000000000000000 ) ;
#2795 = ORIENTED_EDGE ( 'NONE', *, *, #5842, .T. ) ;
#2796 = VECTOR ( 'NONE', #187, 1000.000000000000000 ) ;
#2797 = CARTESIAN_POINT ( 'NONE',  ( 1.949999999999999734, 0.1000000000000000056, 0.9499999999999996225 ) ) ;
#2798 = CARTESIAN_POINT ( 'NONE',  ( -1.250000000000000222, 0.2000000000000000111, -1.250000000000001332 ) ) ;
#2799 = CARTESIAN_POINT ( 'NONE',  ( -1.000000000000000222, 0.1000000000000000056, 1.699999999999999734 ) ) ;
#2800 = VERTEX_POINT ( 'NONE', #2899 ) ;
#2801 = LINE ( 'NONE', #3301, #4959 ) ;
#2802 = DIRECTION ( 'NONE',  ( 0.000000000000000000, 0.000000000000000000, 1.000000000000000000 ) ) ;
#2803 = CARTESIAN_POINT ( 'NONE',  ( -1.850000000000000311, 2.436067977499789983, -1.350000000000000089 ) ) ;
#2804 = VECTOR ( 'NONE', #3697, 1000.000000000000000 ) ;
#2805 = ORIENTED_EDGE ( 'NONE', *, *, #2354, .F. ) ;
#2806 = ORIENTED_EDGE ( 'NONE', *, *, #6372, .T. ) ;
#2807 =( LENGTH_UNIT ( ) NAMED_UNIT ( * ) SI_UNIT ( .MILLI., .METRE. ) );
#2808 = EDGE_LOOP ( 'NONE', ( #2274, #2247, #1460, #7620, #4631, #4534 ) ) ;
#2809 = CARTESIAN_POINT ( 'NONE',  ( -1.949999999999999734, 0.05000000000000000278, -0.9499999999999998446 ) ) ;
#2810 = ORIENTED_EDGE ( 'NONE', *, *, #5211, .T. ) ;
#2811 = DIRECTION ( 'NONE',  ( -1.000000000000000000, 0.000000000000000000, -0.000000000000000000 ) ) ;
#2812 = CARTESIAN_POINT ( 'NONE',  ( 0.6500000000000000222, 2.436067977499789983, 0.9499999999999995115 ) ) ;
#2813 = VERTEX_POINT ( 'NONE', #5895 ) ;
#2814 = PRESENTATION_STYLE_ASSIGNMENT (( #1089 ) ) ;
#2815 = CARTESIAN_POINT ( 'NONE',  ( -1.949999999999999734, 2.436067977499789983, -0.6750000000000000444 ) ) ;
#2816 = EDGE_CURVE ( 'NONE', #7233, #2842, #4651, .T. ) ;
#2817 = DIRECTION ( 'NONE',  ( -0.000000000000000000, 0.000000000000000000, 1.000000000000000000 ) ) ;
#2818 = AXIS2_PLACEMENT_3D ( 'NONE', #3827, #2819, #7046 ) ;
#2819 = DIRECTION ( 'NONE',  ( -0.7071067811865463515, 0.000000000000000000, -0.7071067811865487940 ) ) ;
#2820 = CARTESIAN_POINT ( 'NONE',  ( 1.949999999999999734, 0.1000000000000000056, 1.699999999999999734 ) ) ;
#2821 = ORIENTED_EDGE ( 'NONE', *, *, #5129, .F. ) ;
#2822 = EDGE_LOOP ( 'NONE', ( #3459, #3437, #2311, #5854 ) ) ;
#2823 = AXIS2_PLACEMENT_3D ( 'NONE', #65, #139, #5988 ) ;
#2824 = FACE_OUTER_BOUND ( 'NONE', #170, .T. ) ;
#2825 = VECTOR ( 'NONE', #1430, 1000.000000000000000 ) ;
#2826 = DIRECTION ( 'NONE',  ( 0.000000000000000000, 1.000000000000000000, 0.000000000000000000 ) ) ;
#2827 = EDGE_CURVE ( 'NONE', #3677, #3542, #1211, .T. ) ;
#2828 = DIRECTION ( 'NONE',  ( 0.000000000000000000, 1.000000000000000000, 0.000000000000000000 ) ) ;
#2829 = VECTOR ( 'NONE', #54, 1000.000000000000000 ) ;
#2830 = ORIENTED_EDGE ( 'NONE', *, *, #7268, .F. ) ;
#2831 = DIRECTION ( 'NONE',  ( 1.000000000000000000, 0.000000000000000000, -0.000000000000000000 ) ) ;
#2832 = CARTESIAN_POINT ( 'NONE',  ( 0.000000000000000000, 0.05000000000000000278, -1.699999999999999512 ) ) ;
#2833 = CARTESIAN_POINT ( 'NONE',  ( 0.000000000000000000, 0.1000000000000000056, 0.000000000000000000 ) ) ;
#2834 = ORIENTED_EDGE ( 'NONE', *, *, #7352, .F. ) ;
#2835 = DIRECTION ( 'NONE',  ( -0.000000000000000000, -1.000000000000000000, -0.000000000000000000 ) ) ;
#2836 = DIRECTION ( 'NONE',  ( -0.000000000000000000, -0.000000000000000000, -1.000000000000000000 ) ) ;
#2837 = CARTESIAN_POINT ( 'NONE',  ( -0.5000000000000002220, 0.1000000000000000056, -1.699999999999999512 ) ) ;
#2838 = EDGE_CURVE ( 'NONE', #486, #3465, #5347, .T. ) ;
#2839 = VECTOR ( 'NONE', #6888, 1000.000000000000000 ) ;
#2840 = EDGE_LOOP ( 'NONE', ( #84, #1822, #1305, #141 ) ) ;
#2841 = ORIENTED_EDGE ( 'NONE', *, *, #5659, .T. ) ;
#2842 = VERTEX_POINT ( 'NONE', #6553 ) ;
#2843 = DIRECTION ( 'NONE',  ( -1.807003620809175371E-16, 0.000000000000000000, 1.000000000000000000 ) ) ;
#2844 = VECTOR ( 'NONE', #7178, 1000.000000000000000 ) ;
#2845 = ORIENTED_EDGE ( 'NONE', *, *, #7352, .T. ) ;
#2846 = CARTESIAN_POINT ( 'NONE',  ( -1.649999999999999467, 1.000000000000000000, -1.400000000000000355 ) ) ;
#2847 = ADVANCED_FACE ( 'NONE', ( #1252 ), #5977, .T. ) ;
#2848 = CARTESIAN_POINT ( 'NONE',  ( 2.000000000000000444, 0.1000000000000000056, 0.9499999999999995115 ) ) ;
#2849 = ORIENTED_EDGE ( 'NONE', *, *, #6811, .F. ) ;
#2850 = AXIS2_PLACEMENT_3D ( 'NONE', #2337, #2451, #6518 ) ;
#2851 = FACE_OUTER_BOUND ( 'NONE', #3164, .T. ) ;
#2852 = DIRECTION ( 'NONE',  ( -1.000000000000000000, 0.000000000000000000, 1.084202172485505790E-16 ) ) ;
#2853 = AXIS2_PLACEMENT_3D ( 'NONE', #5318, #3566, #5987 ) ;
#2854 = AXIS2_PLACEMENT_3D ( 'NONE', #6061, #3103, #1915 ) ;
#2855 = CARTESIAN_POINT ( 'NONE',  ( 0.2499999999999999445, 0.2000000000000000944, -1.750000000000000444 ) ) ;
#2856 = CARTESIAN_POINT ( 'NONE',  ( -1.999999999999999556, 7.315072906367324990, 1.749999999999999556 ) ) ;
#2857 = ORIENTED_EDGE ( 'NONE', *, *, #4143, .F. ) ;
#2858 = ADVANCED_FACE ( 'NONE', ( #3705 ), #3785, .F. ) ;
#2859 = EDGE_CURVE ( 'NONE', #3612, #4734, #7319, .T. ) ;
#2860 = ORIENTED_EDGE ( 'NONE', *, *, #3801, .T. ) ;
#2861 = AXIS2_PLACEMENT_3D ( 'NONE', #3400, #475, #1675 ) ;
#2862 = CARTESIAN_POINT ( 'NONE',  ( -0.5000000000000000000, 0.2000000000000000944, -1.250000000000001332 ) ) ;
#2863 = EDGE_CURVE ( 'NONE', #567, #68, #6746, .T. ) ;
#2864 = CARTESIAN_POINT ( 'NONE',  ( -1.949999999999999734, 0.05000000000000000278, 0.000000000000000000 ) ) ;
#2865 = AXIS2_PLACEMENT_3D ( 'NONE', #871, #6626, #1325 ) ;
#2866 = DIRECTION ( 'NONE',  ( 0.000000000000000000, 0.000000000000000000, 1.000000000000000000 ) ) ;
#2867 = ORIENTED_EDGE ( 'NONE', *, *, #7589, .T. ) ;
#2868 = DIRECTION ( 'NONE',  ( 0.000000000000000000, 1.000000000000000000, 0.000000000000000000 ) ) ;
#2869 = LINE ( 'NONE', #2832, #2618 ) ;
#2870 = LINE ( 'NONE', #1722, #4282 ) ;
#2871 = ORIENTED_EDGE ( 'NONE', *, *, #7112, .F. ) ;
#2872 = AXIS2_PLACEMENT_3D ( 'NONE', #6859, #1555, #7004 ) ;
#2873 = CARTESIAN_POINT ( 'NONE',  ( -1.250000000000000222, 0.1000000000000000056, 1.250000000000000444 ) ) ;
#2874 = CARTESIAN_POINT ( 'NONE',  ( -1.500000000000000444, 2.436067977499789983, -0.6750000000000000444 ) ) ;
#2875 = ADVANCED_FACE ( 'NONE', ( #6052 ), #4336, .F. ) ;
#2876 = CARTESIAN_POINT ( 'NONE',  ( -1.999999999999999556, 0.2000000000000000111, 0.6749999999999991562 ) ) ;
#2877 = EDGE_CURVE ( 'NONE', #3890, #1639, #2523, .T. ) ;
#2878 = ORIENTED_EDGE ( 'NONE', *, *, #3350, .F. ) ;
#2879 = VERTEX_POINT ( 'NONE', #754 ) ;
#2880 = EDGE_LOOP ( 'NONE', ( #3921, #5775, #3172, #3706 ) ) ;
#2881 = CARTESIAN_POINT ( 'NONE',  ( -0.5000000000000001110, 0.09999999999999982514, -1.250000000000001332 ) ) ;
#2882 = VERTEX_POINT ( 'NONE', #3054 ) ;
#2883 = DIRECTION ( 'NONE',  ( -0.000000000000000000, -0.000000000000000000, -1.000000000000000000 ) ) ;
#2884 = DIRECTION ( 'NONE',  ( -1.000000000000000000, 0.000000000000000000, 0.000000000000000000 ) ) ;
#2885 = ORIENTED_EDGE ( 'NONE', *, *, #7097, .F. ) ;
#2886 = FILL_AREA_STYLE ('',( #2210 ) ) ;
#2887 = EDGE_CURVE ( 'NONE', #5840, #813, #7242, .T. ) ;
#2888 = DIRECTION ( 'NONE',  ( 0.000000000000000000, 0.000000000000000000, 1.000000000000000000 ) ) ;
#2889 = CARTESIAN_POINT ( 'NONE',  ( 2.000000000000000444, 0.1000000000000000056, 0.2000000000000000944 ) ) ;
#2890 =( LENGTH_UNIT ( ) NAMED_UNIT ( * ) SI_UNIT ( .MILLI., .METRE. ) );
#2891 = DIRECTION ( 'NONE',  ( 0.000000000000000000, 0.000000000000000000, -1.000000000000000000 ) ) ;
#2892 = FACE_OUTER_BOUND ( 'NONE', #3724, .T. ) ;
#2893 = ORIENTED_EDGE ( 'NONE', *, *, #443, .F. ) ;
#2894 = ORIENTED_EDGE ( 'NONE', *, *, #5814, .T. ) ;
#2895 = CARTESIAN_POINT ( 'NONE',  ( 0.000000000000000000, 0.05000000000000000278, -1.699999999999999512 ) ) ;
#2896 = EDGE_CURVE ( 'NONE', #3642, #6238, #4920, .T. ) ;
#2897 = CARTESIAN_POINT ( 'NONE',  ( 1.800000000000000266, 2.436067977499789983, -1.750000000000000444 ) ) ;
#2898 = EDGE_CURVE ( 'NONE', #680, #1312, #4296, .T. ) ;
#2899 = CARTESIAN_POINT ( 'NONE',  ( 0.6500000000000000222, 0.05000000000000000278, 0.9499999999999995115 ) ) ;
#2900 = ORIENTED_EDGE ( 'NONE', *, *, #5010, .F. ) ;
#2901 = FACE_OUTER_BOUND ( 'NONE', #6568, .T. ) ;
#2902 = CARTESIAN_POINT ( 'NONE',  ( 0.000000000000000000, 0.1000000000000000056, 0.000000000000000000 ) ) ;
#2903 = VECTOR ( 'NONE', #973, 1000.000000000000000 ) ;
#2904 = DIRECTION ( 'NONE',  ( 0.000000000000000000, -0.000000000000000000, 1.000000000000000000 ) ) ;
#2905 = ORIENTED_EDGE ( 'NONE', *, *, #6050, .T. ) ;
#2906 = DIRECTION ( 'NONE',  ( 0.000000000000000000, 0.000000000000000000, 1.000000000000000000 ) ) ;
#2907 = CARTESIAN_POINT ( 'NONE',  ( 0.000000000000000000, 0.2000000000000000111, 0.000000000000000000 ) ) ;
#2908 = CARTESIAN_POINT ( 'NONE',  ( 1.800000000000000266, 0.2000000000000000944, -1.750000000000000444 ) ) ;
#2909 = VECTOR ( 'NONE', #7259, 1000.000000000000000 ) ;
#2910 = ORIENTED_EDGE ( 'NONE', *, *, #1854, .T. ) ;
#2911 = ORIENTED_EDGE ( 'NONE', *, *, #7115, .T. ) ;
#2912 = EDGE_LOOP ( 'NONE', ( #4703, #6844, #3188, #6229, #30, #7482, #5949, #6669, #6076, #7138, #3639, #3236, #241, #7102, #4925, #4963, #151, #6639, #5128, #5066, #3523, #1288, #3072, #1447 ) ) ;
#2913 = LINE ( 'NONE', #4122, #6504 ) ;
#2914 = VERTEX_POINT ( 'NONE', #5549 ) ;
#2915 = CARTESIAN_POINT ( 'NONE',  ( 0.2499999999999999445, 0.1000000000000000056, -0.9500000000000003997 ) ) ;
#2916 = EDGE_CURVE ( 'NONE', #4215, #6468, #286, .T. ) ;
#2917 = VECTOR ( 'NONE', #5416, 1000.000000000000000 ) ;
#2918 = DIRECTION ( 'NONE',  ( 1.000000000000000000, -0.000000000000000000, 0.000000000000000000 ) ) ;
#2919 = VERTEX_POINT ( 'NONE', #6668 ) ;
#2920 =( LENGTH_UNIT ( ) NAMED_UNIT ( * ) SI_UNIT ( .MILLI., .METRE. ) );
#2921 = EDGE_CURVE ( 'NONE', #7087, #400, #6709, .T. ) ;
#2922 = FACE_OUTER_BOUND ( 'NONE', #4581, .T. ) ;
#2923 = ORIENTED_EDGE ( 'NONE', *, *, #4359, .T. ) ;
#2924 = LINE ( 'NONE', #1164, #289 ) ;
#2925 = FILL_AREA_STYLE ('',( #4132 ) ) ;
#2926 = CARTESIAN_POINT ( 'NONE',  ( -0.2000000000000005107, 2.436067977499789983, 0.2000000000000000389 ) ) ;
#2927 = LINE ( 'NONE', #5887, #6917 ) ;
#2928 = DIRECTION ( 'NONE',  ( -0.000000000000000000, -1.000000000000000000, -0.000000000000000000 ) ) ;
#2929 = ORIENTED_EDGE ( 'NONE', *, *, #2071, .F. ) ;
#2930 = ORIENTED_EDGE ( 'NONE', *, *, #5528, .T. ) ;
#2931 = STYLED_ITEM ( 'NONE', ( #509 ), #3879 ) ;
#2932 = LINE ( 'NONE', #6505, #3717 ) ;
#2933 = DIRECTION ( 'NONE',  ( 0.000000000000000000, -1.000000000000000000, 0.000000000000000000 ) ) ;
#2934 = PLANE ( 'NONE',  #6295 ) ;
#2935 = ADVANCED_FACE ( 'NONE', ( #2642 ), #1408, .T. ) ;
#2936 = EDGE_LOOP ( 'NONE', ( #2597, #3669, #2582, #5571 ) ) ;
#2937 = VECTOR ( 'NONE', #4182, 1000.000000000000000 ) ;
#2938 = VECTOR ( 'NONE', #391, 1000.000000000000000 ) ;
#2939 = CARTESIAN_POINT ( 'NONE',  ( 1.949999999999999734, 0.05000000000000000278, 0.000000000000000000 ) ) ;
#2940 = CARTESIAN_POINT ( 'NONE',  ( 1.949999999999999734, 0.1000000000000000056, -1.699999999999999512 ) ) ;
#2941 = VECTOR ( 'NONE', #2445, 1000.000000000000000 ) ;
#2942 = DIRECTION ( 'NONE',  ( 1.000000000000000000, -0.000000000000000000, -0.000000000000000000 ) ) ;
#2943 = ORIENTED_EDGE ( 'NONE', *, *, #4924, .T. ) ;
#2944 = PLANE ( 'NONE',  #4209 ) ;
#2945 = LINE ( 'NONE', #64, #770 ) ;
#2946 = DIRECTION ( 'NONE',  ( 1.000000000000000000, 0.000000000000000000, 0.000000000000000000 ) ) ;
#2947 = VECTOR ( 'NONE', #2516, 1000.000000000000000 ) ;
#2948 = EDGE_CURVE ( 'NONE', #808, #2466, #6129, .T. ) ;
#2949 = EDGE_CURVE ( 'NONE', #1473, #3366, #4961, .T. ) ;
#2950 = ORIENTED_EDGE ( 'NONE', *, *, #4332, .T. ) ;
#2951 = VERTEX_POINT ( 'NONE', #5428 ) ;
#2952 =( NAMED_UNIT ( * ) SI_UNIT ( $, .STERADIAN. ) SOLID_ANGLE_UNIT ( ) );
#2953 = EDGE_LOOP ( 'NONE', ( #2911, #2646, #4245, #1309 ) ) ;
#2954 = CARTESIAN_POINT ( 'NONE',  ( -1.850000000000000311, 0.05000000000000000278, 0.000000000000000000 ) ) ;
#2955 = EDGE_CURVE ( 'NONE', #6098, #2999, #128, .T. ) ;
#2956 = EDGE_LOOP ( 'NONE', ( #5051, #3982, #6853, #6469 ) ) ;
#2957 = CARTESIAN_POINT ( 'NONE',  ( -1.000000000000000222, 0.2000000000000000111, -1.250000000000001332 ) ) ;
#2958 = CARTESIAN_POINT ( 'NONE',  ( -0.7500000000000000000, 0.1000000000000000056, 1.699999999999999734 ) ) ;
#2959 = ORIENTED_EDGE ( 'NONE', *, *, #1710, .T. ) ;
#2960 = CARTESIAN_POINT ( 'NONE',  ( 1.800000000000000266, 0.2000000000000000111, 1.749999999999999556 ) ) ;
#2961 = CARTESIAN_POINT ( 'NONE',  ( -1.999999999999999556, 2.436067977499789983, -0.3750000000000001110 ) ) ;
#2962 = ORIENTED_EDGE ( 'NONE', *, *, #6397, .F. ) ;
#2963 = VECTOR ( 'NONE', #5716, 1000.000000000000000 ) ;
#2964 = LINE ( 'NONE', #3471, #6836 ) ;
#2965 =( NAMED_UNIT ( * ) SI_UNIT ( $, .STERADIAN. ) SOLID_ANGLE_UNIT ( ) );
#2966 = DIRECTION ( 'NONE',  ( 0.000000000000000000, -1.000000000000000000, 0.000000000000000000 ) ) ;
#2967 = CARTESIAN_POINT ( 'NONE',  ( 0.2499999999999999445, 0.2000000000000000111, -1.750000000000000444 ) ) ;
#2968 = DIRECTION ( 'NONE',  ( -0.000000000000000000, -1.000000000000000000, -0.000000000000000000 ) ) ;
#2969 = CARTESIAN_POINT ( 'NONE',  ( -1.949999999999999734, 0.000000000000000000, 0.000000000000000000 ) ) ;
#2970 = ORIENTED_EDGE ( 'NONE', *, *, #3222, .T. ) ;
#2971 = EDGE_CURVE ( 'NONE', #3006, #613, #4884, .T. ) ;
#2972 = EDGE_CURVE ( 'NONE', #1212, #3790, #1910, .T. ) ;
#2973 = VERTEX_POINT ( 'NONE', #3668 ) ;
#2974 = EDGE_CURVE ( 'NONE', #5443, #5445, #5469, .T. ) ;
#2975 = VECTOR ( 'NONE', #1058, 1000.000000000000000 ) ;
#2976 = VECTOR ( 'NONE', #1676, 1000.000000000000000 ) ;
#2977 = CARTESIAN_POINT ( 'NONE',  ( 0.000000000000000000, 0.05000000000000000278, -0.9500000000000003997 ) ) ;
#2978 = CARTESIAN_POINT ( 'NONE',  ( -1.500000000000000222, 0.000000000000000000, -0.1500000000000000222 ) ) ;
#2979 = FACE_OUTER_BOUND ( 'NONE', #3871, .T. ) ;
#2980 = ORIENTED_EDGE ( 'NONE', *, *, #1317, .F. ) ;
#2981 = VECTOR ( 'NONE', #1788, 1000.000000000000000 ) ;
#2982 = ORIENTED_EDGE ( 'NONE', *, *, #2140, .F. ) ;
#2983 = ADVANCED_FACE ( 'NONE', ( #398 ), #2674, .F. ) ;
#2984 = LINE ( 'NONE', #2336, #5836 ) ;
#2985 = AXIS2_PLACEMENT_3D ( 'NONE', #3431, #508, #2852 ) ;
#2986 = PLANE ( 'NONE',  #3710 ) ;
#2987 = PLANE ( 'NONE',  #3165 ) ;
#2988 = ORIENTED_EDGE ( 'NONE', *, *, #174, .F. ) ;
#2989 = DIRECTION ( 'NONE',  ( -1.000000000000000000, 0.000000000000000000, 0.000000000000000000 ) ) ;
#2990 = DIRECTION ( 'NONE',  ( 0.000000000000000000, 0.000000000000000000, -1.000000000000000000 ) ) ;
#2991 = CARTESIAN_POINT ( 'NONE',  ( -0.7500000000000001110, 0.2000000000000000944, -1.250000000000001332 ) ) ;
#2992 = ORIENTED_EDGE ( 'NONE', *, *, #2898, .F. ) ;
#2993 = ORIENTED_EDGE ( 'NONE', *, *, #6872, .F. ) ;
#2994 = VERTEX_POINT ( 'NONE', #5696 ) ;
#2995 = VECTOR ( 'NONE', #4604, 1000.000000000000000 ) ;
#2996 = CARTESIAN_POINT ( 'NONE',  ( -1.999999999999999556, 0.2000000000000000111, -0.1499999999999999667 ) ) ;
#2997 = EDGE_CURVE ( 'NONE', #7370, #1007, #4500, .T. ) ;
#2998 = EDGE_CURVE ( 'NONE', #5439, #647, #3980, .T. ) ;
#2999 = VERTEX_POINT ( 'NONE', #3866 ) ;
#3000 = CARTESIAN_POINT ( 'NONE',  ( 2.000000000000000444, 2.436067977499789983, -1.350000000000000533 ) ) ;
#3001 = CARTESIAN_POINT ( 'NONE',  ( -1.850000000000000311, 0.2000000000000000111, 1.699999999999999734 ) ) ;
#3002 = ORIENTED_EDGE ( 'NONE', *, *, #384, .T. ) ;
#3003 = EDGE_CURVE ( 'NONE', #5443, #7541, #433, .T. ) ;
#3004 = CARTESIAN_POINT ( 'NONE',  ( 1.949999999999999734, 0.1000000000000000056, -1.699999999999999512 ) ) ;
#3005 = DIRECTION ( 'NONE',  ( 0.000000000000000000, 0.000000000000000000, 1.000000000000000000 ) ) ;
#3006 = VERTEX_POINT ( 'NONE', #2712 ) ;
#3007 = CARTESIAN_POINT ( 'NONE',  ( -0.5000000000000001110, 0.2000000000000000111, 1.250000000000000444 ) ) ;
#3008 = CARTESIAN_POINT ( 'NONE',  ( -0.5000000000000001110, 0.1000000000000000056, -1.250000000000001332 ) ) ;
#3009 = CARTESIAN_POINT ( 'NONE',  ( -1.700000000000001066, 0.2000000000000000111, -0.9499999999999998446 ) ) ;
#3010 = LINE ( 'NONE', #786, #5933 ) ;
#3011 = DIRECTION ( 'NONE',  ( 0.000000000000000000, 0.000000000000000000, 1.000000000000000000 ) ) ;
#3012 = PLANE ( 'NONE',  #2617 ) ;
#3013 = ORIENTED_EDGE ( 'NONE', *, *, #93, .T. ) ;
#3014 = ORIENTED_EDGE ( 'NONE', *, *, #5421, .T. ) ;
#3015 = DIRECTION ( 'NONE',  ( 1.000000000000000000, -0.000000000000000000, 0.000000000000000000 ) ) ;
#3016 = DIRECTION ( 'NONE',  ( 0.000000000000000000, -1.000000000000000000, 0.000000000000000000 ) ) ;
#3017 = CARTESIAN_POINT ( 'NONE',  ( -1.500000000000000444, 0.2000000000000000944, -0.3750000000000002220 ) ) ;
#3018 = EDGE_CURVE ( 'NONE', #646, #3608, #1593, .T. ) ;
#3019 = ORIENTED_EDGE ( 'NONE', *, *, #3452, .T. ) ;
#3020 = EDGE_CURVE ( 'NONE', #6096, #2473, #3249, .T. ) ;
#3021 = ORIENTED_EDGE ( 'NONE', *, *, #4000, .T. ) ;
#3022 = CARTESIAN_POINT ( 'NONE',  ( 0.000000000000000000, 0.05000000000000000278, 0.000000000000000000 ) ) ;
#3023 = DIRECTION ( 'NONE',  ( 0.000000000000000000, 1.000000000000000000, 0.000000000000000000 ) ) ;
#3024 = CARTESIAN_POINT ( 'NONE',  ( -0.5000000000000001110, 2.436067977499789983, 1.749999999999999556 ) ) ;
#3025 = EDGE_LOOP ( 'NONE', ( #1658, #3609, #1728, #2447 ) ) ;
#3026 = LINE ( 'NONE', #4659, #7181 ) ;
#3027 = DIRECTION ( 'NONE',  ( 0.000000000000000000, 0.000000000000000000, 1.000000000000000000 ) ) ;
#3028 = CARTESIAN_POINT ( 'NONE',  ( -1.649999999999999467, 1.000000000000000000, -1.400000000000000355 ) ) ;
#3029 = ORIENTED_EDGE ( 'NONE', *, *, #5388, .F. ) ;
#3030 = ORIENTED_EDGE ( 'NONE', *, *, #3664, .F. ) ;
#3031 = VECTOR ( 'NONE', #5179, 1000.000000000000000 ) ;
#3032 = VERTEX_POINT ( 'NONE', #7396 ) ;
#3033 = LINE ( 'NONE', #3533, #5149 ) ;
#3034 = ORIENTED_EDGE ( 'NONE', *, *, #2738, .F. ) ;
#3035 = PLANE ( 'NONE',  #6431 ) ;
#3036 = CARTESIAN_POINT ( 'NONE',  ( 1.800000000000000266, 0.2000000000000000111, 1.749999999999999556 ) ) ;
#3037 = ORIENTED_EDGE ( 'NONE', *, *, #1527, .T. ) ;
#3038 = DIRECTION ( 'NONE',  ( 1.355252715606880296E-16, 0.000000000000000000, 1.000000000000000000 ) ) ;
#3039 = VECTOR ( 'NONE', #4081, 1000.000000000000000 ) ;
#3040 = CARTESIAN_POINT ( 'NONE',  ( -1.250000000000000222, 0.2000000000000000111, 1.250000000000000444 ) ) ;
#3041 = ORIENTED_EDGE ( 'NONE', *, *, #773, .F. ) ;
#3042 = VECTOR ( 'NONE', #2760, 1000.000000000000000 ) ;
#3043 = CARTESIAN_POINT ( 'NONE',  ( -0.7500000000000000000, 0.1000000000000000056, -1.699999999999999512 ) ) ;
#3044 = LINE ( 'NONE', #6362, #2917 ) ;
#3045 = LINE ( 'NONE', #3661, #616 ) ;
#3046 = CARTESIAN_POINT ( 'NONE',  ( 1.399999999999999911, 0.09999999999999982514, 0.9499999999999995115 ) ) ;
#3047 = CARTESIAN_POINT ( 'NONE',  ( 0.000000000000000000, 0.2000000000000000111, 0.000000000000000000 ) ) ;
#3048 = VECTOR ( 'NONE', #7098, 1000.000000000000000 ) ;
#3049 = ORIENTED_EDGE ( 'NONE', *, *, #275, .F. ) ;
#3050 = ADVANCED_FACE ( 'NONE', ( #6901 ), #6938, .F. ) ;
#3051 = LINE ( 'NONE', #2062, #4601 ) ;
#3052 = DIRECTION ( 'NONE',  ( 0.000000000000000000, -1.000000000000000000, 0.000000000000000000 ) ) ;
#3053 = EDGE_CURVE ( 'NONE', #777, #7108, #5119, .T. ) ;
#3054 = CARTESIAN_POINT ( 'NONE',  ( -1.850000000000000311, 0.2000000000000000944, 1.349999999999999201 ) ) ;
#3055 = ORIENTED_EDGE ( 'NONE', *, *, #2955, .T. ) ;
#3056 = VERTEX_POINT ( 'NONE', #470 ) ;
#3057 = STYLED_ITEM ( 'NONE', ( #2814 ), #1441 ) ;
#3058 =( GEOMETRIC_REPRESENTATION_CONTEXT ( 3 ) GLOBAL_UNCERTAINTY_ASSIGNED_CONTEXT ( ( #2567 ) ) GLOBAL_UNIT_ASSIGNED_CONTEXT ( ( #6318, #3942, #6279 ) ) REPRESENTATION_CONTEXT ( 'NONE', 'WORKASPACE' ) );
#3059 = DIRECTION ( 'NONE',  ( 0.000000000000000000, -1.000000000000000000, 0.000000000000000000 ) ) ;
#3060 = EDGE_CURVE ( 'NONE', #4086, #6802, #7437, .T. ) ;
#3061 = FACE_OUTER_BOUND ( 'NONE', #538, .T. ) ;
#3062 = CARTESIAN_POINT ( 'NONE',  ( -0.5000000000000002220, 0.1000000000000000056, -1.699999999999999512 ) ) ;
#3063 = CARTESIAN_POINT ( 'NONE',  ( 2.000000000000000444, 0.1000000000000000056, -1.750000000000000444 ) ) ;
#3064 = ORIENTED_EDGE ( 'NONE', *, *, #5623, .F. ) ;
#3065 = DIRECTION ( 'NONE',  ( 0.000000000000000000, 0.000000000000000000, -1.000000000000000000 ) ) ;
#3066 = AXIS2_PLACEMENT_3D ( 'NONE', #3905, #3944, #4457 ) ;
#3067 = PLANE ( 'NONE',  #2823 ) ;
#3068 = ORIENTED_EDGE ( 'NONE', *, *, #4541, .F. ) ;
#3069 = VERTEX_POINT ( 'NONE', #2145 ) ;
#3070 = AXIS2_PLACEMENT_3D ( 'NONE', #6586, #1284, #6405 ) ;
#3071 = AXIS2_PLACEMENT_3D ( 'NONE', #4871, #2163, #7419 ) ;
#3072 = ORIENTED_EDGE ( 'NONE', *, *, #4439, .F. ) ;
#3073 = PLANE ( 'NONE',  #1324 ) ;
#3074 = ADVANCED_FACE ( 'NONE', ( #1482 ), #2178, .F. ) ;
#3075 = VECTOR ( 'NONE', #150, 1000.000000000000000 ) ;
#3076 = ORIENTED_EDGE ( 'NONE', *, *, #7124, .T. ) ;
#3077 = LINE ( 'NONE', #3535, #507 ) ;
#3078 = DIRECTION ( 'NONE',  ( -1.000000000000000000, 0.000000000000000000, -0.000000000000000000 ) ) ;
#3079 = ORIENTED_EDGE ( 'NONE', *, *, #3701, .F. ) ;
#3080 = FACE_OUTER_BOUND ( 'NONE', #4230, .T. ) ;
#3081 = DIRECTION ( 'NONE',  ( -0.000000000000000000, -0.000000000000000000, -1.000000000000000000 ) ) ;
#3082 = EDGE_LOOP ( 'NONE', ( #2680, #7152, #750, #5472 ) ) ;
#3083 = ADVANCED_FACE ( 'NONE', ( #6206 ), #981, .T. ) ;
#3084 = DIRECTION ( 'NONE',  ( 0.000000000000000000, 0.000000000000000000, -1.000000000000000000 ) ) ;
#3085 = PLANE ( 'NONE',  #1360 ) ;
#3086 = CARTESIAN_POINT ( 'NONE',  ( -1.949999999999999734, 0.000000000000000000, 0.1499999999999999667 ) ) ;
#3087 = SURFACE_STYLE_USAGE ( .BOTH. , #3626 ) ;
#3088 = ORIENTED_EDGE ( 'NONE', *, *, #1995, .F. ) ;
#3089 = VECTOR ( 'NONE', #6188, 1000.000000000000000 ) ;
#3090 = CARTESIAN_POINT ( 'NONE',  ( -1.649999999999999467, 0.9000000000000000222, -1.400000000000000355 ) ) ;
#3091 = CARTESIAN_POINT ( 'NONE',  ( 1.949999999999999734, 0.1000000000000000056, -1.699999999999999512 ) ) ;
#3092 = EDGE_CURVE ( 'NONE', #442, #1551, #3363, .T. ) ;
#3093 = EDGE_CURVE ( 'NONE', #4849, #1945, #1559, .T. ) ;
#3094 = VECTOR ( 'NONE', #5943, 1000.000000000000000 ) ;
#3095 = CARTESIAN_POINT ( 'NONE',  ( -1.949999999999999734, 0.2000000000000000111, -0.6750000000000000444 ) ) ;
#3096 = ORIENTED_EDGE ( 'NONE', *, *, #751, .T. ) ;
#3097 = VECTOR ( 'NONE', #2928, 1000.000000000000000 ) ;
#3098 = EDGE_LOOP ( 'NONE', ( #5470, #5985 ) ) ;
#3099 = VECTOR ( 'NONE', #5083, 1000.000000000000000 ) ;
#3100 = ORIENTED_EDGE ( 'NONE', *, *, #6798, .T. ) ;
#3101 = ADVANCED_FACE ( 'NONE', ( #7511 ), #6356, .F. ) ;
#3102 = LINE ( 'NONE', #5198, #155 ) ;
#3103 = DIRECTION ( 'NONE',  ( 0.000000000000000000, -1.000000000000000000, 0.000000000000000000 ) ) ;
#3104 = DIRECTION ( 'NONE',  ( 0.000000000000000000, 0.000000000000000000, -1.000000000000000000 ) ) ;
#3105 = VECTOR ( 'NONE', #7599, 1000.000000000000000 ) ;
#3106 = VECTOR ( 'NONE', #710, 1000.000000000000000 ) ;
#3107 = ORIENTED_EDGE ( 'NONE', *, *, #3549, .F. ) ;
#3108 = CARTESIAN_POINT ( 'NONE',  ( 1.949999999999999734, 0.1000000000000000056, -1.699999999999999512 ) ) ;
#3109 = CARTESIAN_POINT ( 'NONE',  ( 2.000000000000000444, 2.436067977499789983, 1.349999999999999645 ) ) ;
#3110 = ORIENTED_EDGE ( 'NONE', *, *, #6729, .F. ) ;
#3111 = EDGE_LOOP ( 'NONE', ( #5698, #2150, #7094, #6297 ) ) ;
#3112 = VECTOR ( 'NONE', #430, 1000.000000000000000 ) ;
#3113 = ORIENTED_EDGE ( 'NONE', *, *, #3776, .F. ) ;
#3114 = DIRECTION ( 'NONE',  ( -0.000000000000000000, 0.000000000000000000, 1.000000000000000000 ) ) ;
#3115 = DIRECTION ( 'NONE',  ( -0.000000000000000000, 0.000000000000000000, 1.000000000000000000 ) ) ;
#3116 = ADVANCED_FACE ( 'NONE', ( #4569 ), #5773, .F. ) ;
#3117 = VERTEX_POINT ( 'NONE', #6424 ) ;
#3118 = CARTESIAN_POINT ( 'NONE',  ( -1.949999999999999734, 0.05000000000000000278, 0.000000000000000000 ) ) ;
#3119 = LINE ( 'NONE', #5018, #6180 ) ;
#3120 = VERTEX_POINT ( 'NONE', #4678 ) ;
#3121 = AXIS2_PLACEMENT_3D ( 'NONE', #7595, #1070, #7524 ) ;
#3122 = EDGE_CURVE ( 'NONE', #3499, #2554, #9, .T. ) ;
#3123 = DIRECTION ( 'NONE',  ( -0.000000000000000000, 0.000000000000000000, 1.000000000000000000 ) ) ;
#3124 = CARTESIAN_POINT ( 'NONE',  ( -1.850000000000000311, 0.2000000000000000111, -1.750000000000000444 ) ) ;
#3125 = EDGE_LOOP ( 'NONE', ( #5701, #4975, #7183, #4931 ) ) ;
#3126 = SURFACE_STYLE_FILL_AREA ( #196 ) ;
#3127 = FACE_OUTER_BOUND ( 'NONE', #5851, .T. ) ;
#3128 = CARTESIAN_POINT ( 'NONE',  ( -1.500000000000000222, 0.2000000000000000944, -0.1500000000000000222 ) ) ;
#3129 = PLANE ( 'NONE',  #876 ) ;
#3130 = VECTOR ( 'NONE', #3081, 1000.000000000000000 ) ;
#3131 = EDGE_CURVE ( 'NONE', #1381, #2720, #2927, .T. ) ;
#3132 = FILL_AREA_STYLE ('',( #788 ) ) ;
#3133 = ORIENTED_EDGE ( 'NONE', *, *, #2354, .T. ) ;
#3134 = FACE_OUTER_BOUND ( 'NONE', #6107, .T. ) ;
#3135 = CARTESIAN_POINT ( 'NONE',  ( -1.250000000000000222, 2.436067977499789983, -1.250000000000001332 ) ) ;
#3136 = ORIENTED_EDGE ( 'NONE', *, *, #5147, .F. ) ;
#3137 = ORIENTED_EDGE ( 'NONE', *, *, #2770, .T. ) ;
#3138 = CARTESIAN_POINT ( 'NONE',  ( -1.000000000000000222, 0.2000000000000000111, -1.250000000000001332 ) ) ;
#3139 = DIRECTION ( 'NONE',  ( -1.000000000000000000, 0.000000000000000000, 1.084202172485505790E-16 ) ) ;
#3140 = CARTESIAN_POINT ( 'NONE',  ( -1.500000000000000222, 0.1000000000000000056, -1.699999999999999512 ) ) ;
#3141 = CARTESIAN_POINT ( 'NONE',  ( -1.250000000000000222, 2.436067977499789983, 1.699999999999999734 ) ) ;
#3142 = ORIENTED_EDGE ( 'NONE', *, *, #6614, .F. ) ;
#3143 = DIRECTION ( 'NONE',  ( 0.000000000000000000, -1.000000000000000000, 0.000000000000000000 ) ) ;
#3144 = ORIENTED_EDGE ( 'NONE', *, *, #4202, .F. ) ;
#3145 = EDGE_CURVE ( 'NONE', #2994, #3069, #7121, .T. ) ;
#3146 = EDGE_LOOP ( 'NONE', ( #915, #2900, #3079, #4224 ) ) ;
#3147 = ORIENTED_EDGE ( 'NONE', *, *, #2179, .F. ) ;
#3148 = DIRECTION ( 'NONE',  ( -5.421010862427523156E-16, 0.000000000000000000, 1.000000000000000000 ) ) ;
#3149 = LINE ( 'NONE', #1345, #86 ) ;
#3150 = ORIENTED_EDGE ( 'NONE', *, *, #5826, .F. ) ;
#3151 = PLANE ( 'NONE',  #6077 ) ;
#3152 = DIRECTION ( 'NONE',  ( 0.000000000000000000, 0.000000000000000000, 1.000000000000000000 ) ) ;
#3153 = ORIENTED_EDGE ( 'NONE', *, *, #5001, .F. ) ;
#3154 = LINE ( 'NONE', #5100, #7523 ) ;
#3155 = LINE ( 'NONE', #781, #1653 ) ;
#3156 = ORIENTED_EDGE ( 'NONE', *, *, #2070, .F. ) ;
#3157 = ADVANCED_FACE ( 'NONE', ( #1204 ), #6975, .T. ) ;
#3158 = LINE ( 'NONE', #3777, #6516 ) ;
#3159 = CIRCLE ( 'NONE', #6382, 0.1499999999999999667 ) ;
#3160 = DIRECTION ( 'NONE',  ( 1.000000000000000000, 0.000000000000000000, -0.000000000000000000 ) ) ;
#3161 = CARTESIAN_POINT ( 'NONE',  ( 1.949999999999999734, 0.05000000000000000278, 0.000000000000000000 ) ) ;
#3162 = CARTESIAN_POINT ( 'NONE',  ( -1.999999999999999556, 0.1000000000000000056, 0.9499999999999988454 ) ) ;
#3163 = EDGE_CURVE ( 'NONE', #7362, #2462, #5301, .T. ) ;
#3164 = EDGE_LOOP ( 'NONE', ( #2485, #3263, #7123, #1501 ) ) ;
#3165 = AXIS2_PLACEMENT_3D ( 'NONE', #4113, #7021, #4626 ) ;
#3166 = VECTOR ( 'NONE', #904, 1000.000000000000000 ) ;
#3167 = DIRECTION ( 'NONE',  ( 0.000000000000000000, 1.000000000000000000, 0.000000000000000000 ) ) ;
#3168 = FILL_AREA_STYLE_COLOUR ( '', #5555 ) ;
#3169 = DIRECTION ( 'NONE',  ( 0.000000000000000000, -1.000000000000000000, 0.000000000000000000 ) ) ;
#3170 = VECTOR ( 'NONE', #3312, 1000.000000000000000 ) ;
#3171 = DIRECTION ( 'NONE',  ( -1.000000000000000000, 0.000000000000000000, -2.168404344971012566E-16 ) ) ;
#3172 = ORIENTED_EDGE ( 'NONE', *, *, #2464, .F. ) ;
#3173 = ORIENTED_EDGE ( 'NONE', *, *, #4330, .F. ) ;
#3174 = ORIENTED_EDGE ( 'NONE', *, *, #2565, .T. ) ;
#3175 = UNCERTAINTY_MEASURE_WITH_UNIT (LENGTH_MEASURE( 1.000000000000000082E-05 ), #2807, 'distance_accuracy_value', 'NONE');
#3176 = LINE ( 'NONE', #6716, #6952 ) ;
#3177 = DIRECTION ( 'NONE',  ( 1.000000000000000000, 0.000000000000000000, 0.000000000000000000 ) ) ;
#3178 = EDGE_CURVE ( 'NONE', #5230, #7629, #3475, .T. ) ;
#3179 = DIRECTION ( 'NONE',  ( 0.000000000000000000, 1.000000000000000000, 0.000000000000000000 ) ) ;
#3180 = VERTEX_POINT ( 'NONE', #81 ) ;
#3181 = PLANE ( 'NONE',  #270 ) ;
#3182 = EDGE_LOOP ( 'NONE', ( #4519, #3550, #3390, #5874 ) ) ;
#3183 = ORIENTED_EDGE ( 'NONE', *, *, #721, .T. ) ;
#3184 = EDGE_LOOP ( 'NONE', ( #1786, #841, #3870, #332, #4668, #7410 ) ) ;
#3185 = PLANE ( 'NONE',  #4739 ) ;
#3186 = STYLED_ITEM ( 'NONE', ( #1281 ), #3979 ) ;
#3187 = DIRECTION ( 'NONE',  ( -1.000000000000000000, -0.000000000000000000, -1.232047923278982199E-17 ) ) ;
#3188 = ORIENTED_EDGE ( 'NONE', *, *, #372, .F. ) ;
#3189 = DIRECTION ( 'NONE',  ( 1.000000000000000000, 0.000000000000000000, 0.000000000000000000 ) ) ;
#3190 = CARTESIAN_POINT ( 'NONE',  ( 1.949999999999999734, 0.1000000000000000056, 1.699999999999999734 ) ) ;
#3191 = EDGE_CURVE ( 'NONE', #886, #573, #1671, .T. ) ;
#3192 = ORIENTED_EDGE ( 'NONE', *, *, #6557, .T. ) ;
#3193 = EDGE_CURVE ( 'NONE', #5591, #680, #1820, .T. ) ;
#3194 = CARTESIAN_POINT ( 'NONE',  ( -1.949999999999999734, 0.1000000000000000056, -0.9499999999999998446 ) ) ;
#3195 = VECTOR ( 'NONE', #5228, 1000.000000000000000 ) ;
#3196 = DIRECTION ( 'NONE',  ( 0.000000000000000000, 0.000000000000000000, 1.000000000000000000 ) ) ;
#3197 = ORIENTED_EDGE ( 'NONE', *, *, #574, .F. ) ;
#3198 = EDGE_CURVE ( 'NONE', #3056, #2191, #7584, .T. ) ;
#3199 = CARTESIAN_POINT ( 'NONE',  ( 1.949999999999999512, 0.2000000000000000111, 0.2000000000000000389 ) ) ;
#3200 = VERTEX_POINT ( 'NONE', #5811 ) ;
#3201 = CARTESIAN_POINT ( 'NONE',  ( 1.399999999999999911, 0.000000000000000000, 0.9499999999999995115 ) ) ;
#3202 = VECTOR ( 'NONE', #1766, 1000.000000000000000 ) ;
#3203 = LINE ( 'NONE', #7309, #4568 ) ;
#3204 = LINE ( 'NONE', #6661, #6305 ) ;
#3205 = CARTESIAN_POINT ( 'NONE',  ( 1.949999999999999734, 0.1000000000000000056, 1.699999999999999734 ) ) ;
#3206 = VECTOR ( 'NONE', #3059, 1000.000000000000000 ) ;
#3207 = PLANE ( 'NONE',  #2141 ) ;
#3208 = FACE_OUTER_BOUND ( 'NONE', #5829, .T. ) ;
#3209 = CARTESIAN_POINT ( 'NONE',  ( -1.700000000000001066, 2.436067977499789983, -0.9499999999999998446 ) ) ;
#3210 = CARTESIAN_POINT ( 'NONE',  ( -1.500000000000000444, 0.2000000000000000111, -0.6750000000000000444 ) ) ;
#3211 = VERTEX_POINT ( 'NONE', #4722 ) ;
#3212 = VECTOR ( 'NONE', #189, 1000.000000000000000 ) ;
#3213 = EDGE_CURVE ( 'NONE', #2084, #5591, #7085, .T. ) ;
#3214 = ORIENTED_EDGE ( 'NONE', *, *, #5118, .F. ) ;
#3215 = ORIENTED_EDGE ( 'NONE', *, *, #5160, .T. ) ;
#3216 = DIRECTION ( 'NONE',  ( 0.000000000000000000, 0.000000000000000000, -1.000000000000000000 ) ) ;
#3217 = VECTOR ( 'NONE', #6442, 1000.000000000000000 ) ;
#3218 = LINE ( 'NONE', #1372, #7194 ) ;
#3219 = LINE ( 'NONE', #2153, #6770 ) ;
#3220 = ORIENTED_EDGE ( 'NONE', *, *, #1097, .T. ) ;
#3221 = CARTESIAN_POINT ( 'NONE',  ( 1.800000000000000266, 2.436067977499789983, 1.749999999999999556 ) ) ;
#3222 = EDGE_CURVE ( 'NONE', #4732, #3419, #510, .T. ) ;
#3223 = VERTEX_POINT ( 'NONE', #7009 ) ;
#3224 = EDGE_CURVE ( 'NONE', #2702, #6940, #5849, .T. ) ;
#3225 = EDGE_LOOP ( 'NONE', ( #2930, #2653, #5312, #6996 ) ) ;
#3226 = DIRECTION ( 'NONE',  ( 0.000000000000000000, -1.000000000000000000, 0.000000000000000000 ) ) ;
#3227 = VECTOR ( 'NONE', #6145, 1000.000000000000000 ) ;
#3228 = CARTESIAN_POINT ( 'NONE',  ( -1.500000000000000444, 0.2000000000000000944, 0.3749999999999993339 ) ) ;
#3229 = CARTESIAN_POINT ( 'NONE',  ( -0.2000000000000005662, 0.000000000000000000, -0.2000000000000000111 ) ) ;
#3230 = ORIENTED_EDGE ( 'NONE', *, *, #971, .T. ) ;
#3231 = LINE ( 'NONE', #6149, #7055 ) ;
#3232 = CARTESIAN_POINT ( 'NONE',  ( -1.850000000000000311, 0.1000000000000000056, 1.699999999999999734 ) ) ;
#3233 = PLANE ( 'NONE',  #7408 ) ;
#3234 = VECTOR ( 'NONE', #1451, 1000.000000000000000 ) ;
#3235 = DIRECTION ( 'NONE',  ( -1.000000000000000000, 0.000000000000000000, 0.000000000000000000 ) ) ;
#3236 = ORIENTED_EDGE ( 'NONE', *, *, #4140, .T. ) ;
#3237 = EDGE_CURVE ( 'NONE', #3180, #6098, #5339, .T. ) ;
#3238 = ADVANCED_FACE ( 'NONE', ( #4759 ), #5377, .F. ) ;
#3239 =( NAMED_UNIT ( * ) SI_UNIT ( $, .STERADIAN. ) SOLID_ANGLE_UNIT ( ) );
#3240 = ADVANCED_FACE ( 'NONE', ( #5262 ), #2436, .T. ) ;
#3241 = AXIS2_PLACEMENT_3D ( 'NONE', #1425, #6003, #3763 ) ;
#3242 = ORIENTED_EDGE ( 'NONE', *, *, #4499, .T. ) ;
#3243 = PLANE ( 'NONE',  #2073 ) ;
#3244 = LINE ( 'NONE', #2021, #3441 ) ;
#3245 = DIRECTION ( 'NONE',  ( -5.421010862427522170E-16, 0.000000000000000000, -1.000000000000000000 ) ) ;
#3246 = EDGE_CURVE ( 'NONE', #810, #4574, #5968, .T. ) ;
#3247 = CARTESIAN_POINT ( 'NONE',  ( 1.399999999999999911, 0.000000000000000000, -0.9500000000000002887 ) ) ;
#3248 = VECTOR ( 'NONE', #1121, 1000.000000000000000 ) ;
#3249 = LINE ( 'NONE', #4610, #3936 ) ;
#3250 = CARTESIAN_POINT ( 'NONE',  ( 0.000000000000000000, 0.1000000000000000056, 0.000000000000000000 ) ) ;
#3251 = ORIENTED_EDGE ( 'NONE', *, *, #1620, .T. ) ;
#3252 = ORIENTED_EDGE ( 'NONE', *, *, #6244, .T. ) ;
#3253 = VECTOR ( 'NONE', #1509, 1000.000000000000000 ) ;
#3254 = ORIENTED_EDGE ( 'NONE', *, *, #1602, .F. ) ;
#3255 = UNCERTAINTY_MEASURE_WITH_UNIT (LENGTH_MEASURE( 1.000000000000000082E-05 ), #6899, 'distance_accuracy_value', 'NONE');
#3256 = PLANE ( 'NONE',  #1517 ) ;
#3257 = CARTESIAN_POINT ( 'NONE',  ( 1.999999999999999556, 0.000000000000000000, -0.9500000000000003997 ) ) ;
#3258 = EDGE_CURVE ( 'NONE', #6574, #448, #1094, .T. ) ;
#3259 = CARTESIAN_POINT ( 'NONE',  ( -0.5000000000000001110, 0.000000000000000000, -1.250000000000001332 ) ) ;
#3260 = ORIENTED_EDGE ( 'NONE', *, *, #372, .T. ) ;
#3261 = CARTESIAN_POINT ( 'NONE',  ( 0.000000000000000000, 0.1000000000000000056, 0.000000000000000000 ) ) ;
#3262 = EDGE_CURVE ( 'NONE', #2554, #1922, #3780, .T. ) ;
#3263 = ORIENTED_EDGE ( 'NONE', *, *, #1383, .F. ) ;
#3264 = ORIENTED_EDGE ( 'NONE', *, *, #183, .T. ) ;
#3265 = DIRECTION ( 'NONE',  ( -0.000000000000000000, -1.000000000000000000, -0.000000000000000000 ) ) ;
#3266 = LINE ( 'NONE', #7375, #3856 ) ;
#3267 = LINE ( 'NONE', #6296, #2192 ) ;
#3268 = ORIENTED_EDGE ( 'NONE', *, *, #6050, .F. ) ;
#3269 = PLANE ( 'NONE',  #1741 ) ;
#3270 = PLANE ( 'NONE',  #2101 ) ;
#3271 = DIRECTION ( 'NONE',  ( 1.000000000000000000, 0.000000000000000000, 0.000000000000000000 ) ) ;
#3272 = VERTEX_POINT ( 'NONE', #4212 ) ;
#3273 = FACE_OUTER_BOUND ( 'NONE', #1542, .T. ) ;
#3274 = VERTEX_POINT ( 'NONE', #162 ) ;
#3275 = DIRECTION ( 'NONE',  ( -0.000000000000000000, -1.000000000000000000, -0.000000000000000000 ) ) ;
#3276 = CARTESIAN_POINT ( 'NONE',  ( -0.7500000000000001110, 2.436067977499789983, -1.250000000000001332 ) ) ;
#3277 = CARTESIAN_POINT ( 'NONE',  ( -1.500000000000000444, 0.05000000000000000278, 0.000000000000000000 ) ) ;
#3278 = LINE ( 'NONE', #6972, #5487 ) ;
#3279 = VECTOR ( 'NONE', #6121, 1000.000000000000000 ) ;
#3280 = CARTESIAN_POINT ( 'NONE',  ( -1.500000000000000222, 0.05000000000000000278, -1.699999999999999512 ) ) ;
#3281 = DIRECTION ( 'NONE',  ( 0.000000000000000000, 1.000000000000000000, 0.000000000000000000 ) ) ;
#3282 = LINE ( 'NONE', #911, #5459 ) ;
#3283 = ORIENTED_EDGE ( 'NONE', *, *, #3898, .T. ) ;
#3284 = EDGE_CURVE ( 'NONE', #6681, #3387, #2477, .T. ) ;
#3285 = VECTOR ( 'NONE', #5278, 1000.000000000000000 ) ;
#3286 = ORIENTED_EDGE ( 'NONE', *, *, #4288, .F. ) ;
#3287 = COLOUR_RGB ( '',0.7921568627450980005, 0.8196078431372548767, 0.9333333333333333481 ) ;
#3288 = ORIENTED_EDGE ( 'NONE', *, *, #2299, .F. ) ;
#3289 = FACE_OUTER_BOUND ( 'NONE', #3841, .T. ) ;
#3290 = EDGE_CURVE ( 'NONE', #4448, #4574, #5462, .T. ) ;
#3291 = DIRECTION ( 'NONE',  ( 0.000000000000000000, -0.000000000000000000, 1.000000000000000000 ) ) ;
#3292 = AXIS2_PLACEMENT_3D ( 'NONE', #5501, #6239, #5540 ) ;
#3293 = DIRECTION ( 'NONE',  ( -1.807003620809175125E-16, 0.000000000000000000, -1.000000000000000000 ) ) ;
#3294 = ORIENTED_EDGE ( 'NONE', *, *, #6327, .T. ) ;
#3295 = DIRECTION ( 'NONE',  ( 0.000000000000000000, -0.000000000000000000, 1.000000000000000000 ) ) ;
#3296 = EDGE_CURVE ( 'NONE', #4775, #3488, #1936, .T. ) ;
#3297 = FACE_OUTER_BOUND ( 'NONE', #5011, .T. ) ;
#3298 = SURFACE_SIDE_STYLE ('',( #7453 ) ) ;
#3299 = CARTESIAN_POINT ( 'NONE',  ( -1.500000000000000222, 2.436067977499789983, -0.1500000000000000222 ) ) ;
#3300 = EDGE_LOOP ( 'NONE', ( #6685, #6106, #7314, #5813, #5367, #2133 ) ) ;
#3301 = CARTESIAN_POINT ( 'NONE',  ( 1.949999999999999734, 0.1000000000000000056, 1.699999999999999734 ) ) ;
#3302 = PLANE ( 'NONE',  #4844 ) ;
#3303 = DIRECTION ( 'NONE',  ( 5.421010862427523156E-16, 0.000000000000000000, 1.000000000000000000 ) ) ;
#3304 = EDGE_CURVE ( 'NONE', #1467, #3117, #6703, .T. ) ;
#3305 = ADVANCED_FACE ( 'NONE', ( #787 ), #826, .T. ) ;
#3306 = ORIENTED_EDGE ( 'NONE', *, *, #5519, .T. ) ;
#3307 = CARTESIAN_POINT ( 'NONE',  ( 0.2499999999999999445, 2.436067977499789983, 1.749999999999999556 ) ) ;
#3308 = VECTOR ( 'NONE', #5735, 1000.000000000000000 ) ;
#3309 = ORIENTED_EDGE ( 'NONE', *, *, #1215, .T. ) ;
#3310 = CARTESIAN_POINT ( 'NONE',  ( -1.850000000000000311, 2.436067977499789983, -1.699999999999999512 ) ) ;
#3311 = VERTEX_POINT ( 'NONE', #1400 ) ;
#3312 = DIRECTION ( 'NONE',  ( 0.000000000000000000, -1.000000000000000000, 0.000000000000000000 ) ) ;
#3313 = DIRECTION ( 'NONE',  ( 1.000000000000000000, -0.000000000000000000, 0.000000000000000000 ) ) ;
#3314 = AXIS2_PLACEMENT_3D ( 'NONE', #2188, #4580, #1606 ) ;
#3315 = LINE ( 'NONE', #3277, #5157 ) ;
#3316 = VECTOR ( 'NONE', #3313, 1000.000000000000000 ) ;
#3317 = DIRECTION ( 'NONE',  ( 0.000000000000000000, 1.000000000000000000, 0.000000000000000000 ) ) ;
#3318 = ADVANCED_FACE ( 'NONE', ( #1321 ), #4956, .F. ) ;
#3319 = VECTOR ( 'NONE', #7179, 1000.000000000000000 ) ;
#3320 = LINE ( 'NONE', #5073, #2748 ) ;
#3321 = CARTESIAN_POINT ( 'NONE',  ( -1.500000000000000222, 2.436067977499789983, 0.1499999999999999667 ) ) ;
#3322 = VECTOR ( 'NONE', #636, 1000.000000000000000 ) ;
#3323 = DIRECTION ( 'NONE',  ( -0.000000000000000000, -0.000000000000000000, 1.000000000000000000 ) ) ;
#3324 = FACE_OUTER_BOUND ( 'NONE', #2614, .T. ) ;
#3325 = ORIENTED_EDGE ( 'NONE', *, *, #4481, .T. ) ;
#3326 = ORIENTED_EDGE ( 'NONE', *, *, #5579, .F. ) ;
#3327 = ORIENTED_EDGE ( 'NONE', *, *, #2506, .F. ) ;
#3328 = CARTESIAN_POINT ( 'NONE',  ( -1.999999999999999556, 0.1000000000000000056, -1.750000000000000444 ) ) ;
#3329 = EDGE_CURVE ( 'NONE', #3881, #6177, #2594, .T. ) ;
#3330 = EDGE_CURVE ( 'NONE', #565, #2196, #3739, .T. ) ;
#3331 = FACE_OUTER_BOUND ( 'NONE', #2458, .T. ) ;
#3332 = DIRECTION ( 'NONE',  ( 0.000000000000000000, -0.000000000000000000, -1.000000000000000000 ) ) ;
#3333 = EDGE_CURVE ( 'NONE', #2914, #3892, #3204, .T. ) ;
#3334 = CARTESIAN_POINT ( 'NONE',  ( -0.2000000000000005107, 0.000000000000000000, 0.2000000000000000389 ) ) ;
#3335 = ORIENTED_EDGE ( 'NONE', *, *, #5947, .F. ) ;
#3336 = ADVANCED_FACE ( 'NONE', ( #239 ), #3129, .F. ) ;
#3337 = AXIS2_PLACEMENT_3D ( 'NONE', #7037, #1735, #6312 ) ;
#3338 = CARTESIAN_POINT ( 'NONE',  ( 1.949999999999999734, 0.1000000000000000056, 1.349999999999999423 ) ) ;
#3339 = CARTESIAN_POINT ( 'NONE',  ( -0.7500000000000001110, 0.000000000000000000, 1.250000000000000444 ) ) ;
#3340 = VERTEX_POINT ( 'NONE', #7202 ) ;
#3341 = CARTESIAN_POINT ( 'NONE',  ( -0.2000000000000005107, 0.04999999999999999584, 0.2000000000000000389 ) ) ;
#3342 = CARTESIAN_POINT ( 'NONE',  ( 1.949999999999999734, 0.2000000000000000111, -0.9500000000000003997 ) ) ;
#3343 = CARTESIAN_POINT ( 'NONE',  ( -1.949999999999999734, 0.1000000000000000056, -0.1499999999999999667 ) ) ;
#3344 = PLANE ( 'NONE',  #6053 ) ;
#3345 = ORIENTED_EDGE ( 'NONE', *, *, #7279, .F. ) ;
#3346 = AXIS2_PLACEMENT_3D ( 'NONE', #2856, #5888, #4056 ) ;
#3347 = VECTOR ( 'NONE', #6717, 1000.000000000000000 ) ;
#3348 = CARTESIAN_POINT ( 'NONE',  ( -1.999999999999999556, 0.2000000000000000111, 0.3749999999999992228 ) ) ;
#3349 = ORIENTED_EDGE ( 'NONE', *, *, #6557, .F. ) ;
#3350 = EDGE_CURVE ( 'NONE', #3603, #7618, #4252, .T. ) ;
#3351 = DIRECTION ( 'NONE',  ( -1.000000000000000000, -0.000000000000000000, -0.000000000000000000 ) ) ;
#3352 = ORIENTED_EDGE ( 'NONE', *, *, #4683, .F. ) ;
#3353 = FACE_OUTER_BOUND ( 'NONE', #5628, .T. ) ;
#3354 = ADVANCED_FACE ( 'NONE', ( #3662 ), #6163, .F. ) ;
#3355 = EDGE_CURVE ( 'NONE', #2438, #5483, #3625, .T. ) ;
#3356 = VECTOR ( 'NONE', #1075, 1000.000000000000000 ) ;
#3357 = DIRECTION ( 'NONE',  ( -1.000000000000000000, 0.000000000000000000, 0.000000000000000000 ) ) ;
#3358 = AXIS2_PLACEMENT_3D ( 'NONE', #5816, #7553, #1530 ) ;
#3359 = FACE_OUTER_BOUND ( 'NONE', #1304, .T. ) ;
#3360 = DIRECTION ( 'NONE',  ( 0.000000000000000000, 0.000000000000000000, -1.000000000000000000 ) ) ;
#3361 = CARTESIAN_POINT ( 'NONE',  ( -1.500000000000000444, 0.2000000000000000944, -0.6750000000000000444 ) ) ;
#3362 = EDGE_CURVE ( 'NONE', #383, #2127, #199, .T. ) ;
#3363 = LINE ( 'NONE', #5660, #5054 ) ;
#3364 = DIRECTION ( 'NONE',  ( -1.000000000000000000, -0.000000000000000000, -0.000000000000000000 ) ) ;
#3365 = EDGE_LOOP ( 'NONE', ( #2573, #7500, #2679, #2414, #2574, #4123 ) ) ;
#3366 = VERTEX_POINT ( 'NONE', #7162 ) ;
#3367 = ORIENTED_EDGE ( 'NONE', *, *, #1827, .T. ) ;
#3368 = LINE ( 'NONE', #5124, #6449 ) ;
#3369 = CARTESIAN_POINT ( 'NONE',  ( 0.000000000000000000, 0.1000000000000000056, 0.000000000000000000 ) ) ;
#3370 = DIRECTION ( 'NONE',  ( 1.000000000000000000, 0.000000000000000000, 0.000000000000000000 ) ) ;
#3371 = CARTESIAN_POINT ( 'NONE',  ( 1.399999999999999911, 2.436067977499789983, 1.699999999999999734 ) ) ;
#3372 = VERTEX_POINT ( 'NONE', #3086 ) ;
#3373 = AXIS2_PLACEMENT_3D ( 'NONE', #6696, #6155, #1394 ) ;
#3374 = LINE ( 'NONE', #7489, #2432 ) ;
#3375 = SURFACE_STYLE_USAGE ( .BOTH. , #962 ) ;
#3376 = LINE ( 'NONE', #376, #5652 ) ;
#3377 = VERTEX_POINT ( 'NONE', #2552 ) ;
#3378 = DIRECTION ( 'NONE',  ( 0.000000000000000000, 0.000000000000000000, -1.000000000000000000 ) ) ;
#3379 = CARTESIAN_POINT ( 'NONE',  ( 0.000000000000000000, 0.05000000000000000278, -1.350000000000000533 ) ) ;
#3380 = CARTESIAN_POINT ( 'NONE',  ( 1.949999999999999734, 0.1000000000000000056, 1.699999999999999734 ) ) ;
#3381 = ADVANCED_FACE ( 'NONE', ( #4915 ), #7271, .T. ) ;
#3382 = ORIENTED_EDGE ( 'NONE', *, *, #1377, .T. ) ;
#3383 = EDGE_LOOP ( 'NONE', ( #651, #5632, #7603, #6456 ) ) ;
#3384 = SURFACE_STYLE_USAGE ( .BOTH. , #7420 ) ;
#3385 = VERTEX_POINT ( 'NONE', #1042 ) ;
#3386 = CARTESIAN_POINT ( 'NONE',  ( -0.7500000000000001110, 0.2000000000000000111, -1.250000000000001332 ) ) ;
#3387 = VERTEX_POINT ( 'NONE', #4517 ) ;
#3388 = DIRECTION ( 'NONE',  ( 0.000000000000000000, 1.000000000000000000, 0.000000000000000000 ) ) ;
#3389 = PLANE ( 'NONE',  #872 ) ;
#3390 = ORIENTED_EDGE ( 'NONE', *, *, #3093, .T. ) ;
#3391 = PLANE ( 'NONE',  #5233 ) ;
#3392 = EDGE_CURVE ( 'NONE', #3750, #2191, #2236, .T. ) ;
#3393 = CARTESIAN_POINT ( 'NONE',  ( -1.999999999999999556, 0.1000000000000000056, 1.749999999999999556 ) ) ;
#3394 = DIRECTION ( 'NONE',  ( 0.000000000000000000, 0.000000000000000000, -1.000000000000000000 ) ) ;
#3395 = DIRECTION ( 'NONE',  ( -1.232047923278982199E-17, 0.000000000000000000, 1.000000000000000000 ) ) ;
#3396 = CARTESIAN_POINT ( 'NONE',  ( 2.000000000000000444, 0.1000000000000000056, 1.749999999999999556 ) ) ;
#3397 = ORIENTED_EDGE ( 'NONE', *, *, #7581, .T. ) ;
#3398 = ORIENTED_EDGE ( 'NONE', *, *, #3020, .F. ) ;
#3399 = AXIS2_PLACEMENT_3D ( 'NONE', #7234, #861, #6698 ) ;
#3400 = CARTESIAN_POINT ( 'NONE',  ( -0.2000000000000005107, 0.2000000000000000111, 0.2000000000000000389 ) ) ;
#3401 = FACE_OUTER_BOUND ( 'NONE', #1775, .T. ) ;
#3402 = DIRECTION ( 'NONE',  ( -1.000000000000000000, 0.000000000000000000, -1.232047923278982353E-17 ) ) ;
#3403 = PLANE ( 'NONE',  #2335 ) ;
#3404 = VECTOR ( 'NONE', #2620, 1000.000000000000000 ) ;
#3405 = ORIENTED_EDGE ( 'NONE', *, *, #3213, .F. ) ;
#3406 = AXIS2_PLACEMENT_3D ( 'NONE', #4547, #4655, #1105 ) ;
#3407 = ADVANCED_FACE ( 'NONE', ( #2772 ), #7530, .T. ) ;
#3408 = LINE ( 'NONE', #4623, #3415 ) ;
#3409 = DIRECTION ( 'NONE',  ( 0.000000000000000000, 0.000000000000000000, -1.000000000000000000 ) ) ;
#3410 = DIRECTION ( 'NONE',  ( 0.000000000000000000, 0.000000000000000000, 1.000000000000000000 ) ) ;
#3411 = ORIENTED_EDGE ( 'NONE', *, *, #5946, .T. ) ;
#3412 = LINE ( 'NONE', #4551, #5939 ) ;
#3413 = LINE ( 'NONE', #1685, #3105 ) ;
#3414 = LINE ( 'NONE', #3962, #5061 ) ;
#3415 = VECTOR ( 'NONE', #5091, 1000.000000000000000 ) ;
#3416 = ORIENTED_EDGE ( 'NONE', *, *, #5620, .T. ) ;
#3417 = EDGE_LOOP ( 'NONE', ( #185, #3049, #7267, #1391 ) ) ;
#3418 = DIRECTION ( 'NONE',  ( 1.000000000000000000, 0.000000000000000000, 0.000000000000000000 ) ) ;
#3419 = VERTEX_POINT ( 'NONE', #3343 ) ;
#3420 = CARTESIAN_POINT ( 'NONE',  ( 1.800000000000000488, 0.04999999999999999584, -1.350000000000000533 ) ) ;
#3421 = ADVANCED_FACE ( 'NONE', ( #1617 ), #5719, .F. ) ;
#3422 = EDGE_CURVE ( 'NONE', #4716, #6029, #1686, .T. ) ;
#3423 = VERTEX_POINT ( 'NONE', #2731 ) ;
#3424 = CARTESIAN_POINT ( 'NONE',  ( 0.000000000000000000, 0.1000000000000000056, 0.000000000000000000 ) ) ;
#3425 = DIRECTION ( 'NONE',  ( -0.000000000000000000, -1.000000000000000000, -0.000000000000000000 ) ) ;
#3426 = ORIENTED_EDGE ( 'NONE', *, *, #3676, .T. ) ;
#3427 = DIRECTION ( 'NONE',  ( 0.000000000000000000, 1.000000000000000000, 0.000000000000000000 ) ) ;
#3428 = VECTOR ( 'NONE', #1703, 1000.000000000000000 ) ;
#3429 = EDGE_CURVE ( 'NONE', #7449, #853, #4039, .T. ) ;
#3430 = DIRECTION ( 'NONE',  ( -1.000000000000000000, -0.000000000000000000, -0.000000000000000000 ) ) ;
#3431 = CARTESIAN_POINT ( 'NONE',  ( -1.500000000000000222, 2.436067977499789983, 0.1499999999999999667 ) ) ;
#3432 = CARTESIAN_POINT ( 'NONE',  ( -1.000000000000000222, 0.1000000000000000056, 1.749999999999999556 ) ) ;
#3433 = VECTOR ( 'NONE', #205, 1000.000000000000000 ) ;
#3434 = DIRECTION ( 'NONE',  ( 0.000000000000000000, 0.000000000000000000, -1.000000000000000000 ) ) ;
#3435 = PLANE ( 'NONE',  #1767 ) ;
#3436 = ORIENTED_EDGE ( 'NONE', *, *, #2299, .T. ) ;
#3437 = ORIENTED_EDGE ( 'NONE', *, *, #2972, .F. ) ;
#3438 = VECTOR ( 'NONE', #6958, 1000.000000000000000 ) ;
#3439 = DIRECTION ( 'NONE',  ( -1.000000000000000000, 0.000000000000000000, 0.000000000000000000 ) ) ;
#3440 = EDGE_CURVE ( 'NONE', #33, #3651, #5832, .T. ) ;
#3441 = VECTOR ( 'NONE', #3859, 1000.000000000000000 ) ;
#3442 = LINE ( 'NONE', #7555, #1018 ) ;
#3443 = PLANE ( 'NONE',  #2608 ) ;
#3444 = ADVANCED_FACE ( 'NONE', ( #7460 ), #1150, .F. ) ;
#3445 = AXIS2_PLACEMENT_3D ( 'NONE', #4687, #125, #6473 ) ;
#3446 = ORIENTED_EDGE ( 'NONE', *, *, #3823, .T. ) ;
#3447 = LINE ( 'NONE', #5785, #1091 ) ;
#3448 = DIRECTION ( 'NONE',  ( 2.168404344971008474E-15, 0.000000000000000000, -1.000000000000000000 ) ) ;
#3449 = CARTESIAN_POINT ( 'NONE',  ( 0.000000000000000000, 0.1000000000000000056, 0.000000000000000000 ) ) ;
#3450 = ORIENTED_EDGE ( 'NONE', *, *, #6304, .F. ) ;
#3451 = LINE ( 'NONE', #6878, #4700 ) ;
#3452 = EDGE_CURVE ( 'NONE', #3372, #5333, #532, .T. ) ;
#3453 = CARTESIAN_POINT ( 'NONE',  ( 0.2499999999999999445, 0.2000000000000000111, -1.750000000000000444 ) ) ;
#3454 = DIRECTION ( 'NONE',  ( -0.000000000000000000, 0.000000000000000000, -1.000000000000000000 ) ) ;
#3455 = EDGE_CURVE ( 'NONE', #2219, #6681, #3414, .T. ) ;
#3456 = VECTOR ( 'NONE', #3613, 1000.000000000000000 ) ;
#3457 = ORIENTED_EDGE ( 'NONE', *, *, #6752, .F. ) ;
#3458 = ORIENTED_EDGE ( 'NONE', *, *, #7334, .F. ) ;
#3459 = ORIENTED_EDGE ( 'NONE', *, *, #942, .T. ) ;
#3460 = LINE ( 'NONE', #1115, #7127 ) ;
#3461 = VECTOR ( 'NONE', #3757, 1000.000000000000000 ) ;
#3462 = ORIENTED_EDGE ( 'NONE', *, *, #843, .T. ) ;
#3463 = LINE ( 'NONE', #539, #6815 ) ;
#3464 = LINE ( 'NONE', #2812, #7035 ) ;
#3465 = VERTEX_POINT ( 'NONE', #4630 ) ;
#3466 = CARTESIAN_POINT ( 'NONE',  ( -1.850000000000000311, 0.1000000000000000056, -1.699999999999999512 ) ) ;
#3467 = AXIS2_PLACEMENT_3D ( 'NONE', #7175, #638, #3601 ) ;
#3468 = EDGE_CURVE ( 'NONE', #5650, #6837, #6880, .T. ) ;
#3469 = CARTESIAN_POINT ( 'NONE',  ( 1.999999999999999556, 0.1000000000000000056, -0.9500000000000003997 ) ) ;
#3470 = ADVANCED_FACE ( 'NONE', ( #7600 ), #4553, .F. ) ;
#3471 = CARTESIAN_POINT ( 'NONE',  ( 0.2499999999999999445, 0.2000000000000000111, -0.9500000000000003997 ) ) ;
#3472 = LINE ( 'NONE', #2360, #5022 ) ;
#3473 = VECTOR ( 'NONE', #4516, 1000.000000000000000 ) ;
#3474 = VECTOR ( 'NONE', #3987, 1000.000000000000000 ) ;
#3475 = LINE ( 'NONE', #2289, #614 ) ;
#3476 = DIRECTION ( 'NONE',  ( 0.000000000000000000, -1.000000000000000000, 0.000000000000000000 ) ) ;
#3477 = VERTEX_POINT ( 'NONE', #2162 ) ;
#3478 = VERTEX_POINT ( 'NONE', #6341 ) ;
#3479 = ADVANCED_FACE ( 'NONE', ( #2272 ), #451, .F. ) ;
#3480 = CARTESIAN_POINT ( 'NONE',  ( -1.500000000000000444, 0.05000000000000000278, 0.6749999999999991562 ) ) ;
#3481 = FACE_OUTER_BOUND ( 'NONE', #1152, .T. ) ;
#3482 = FACE_OUTER_BOUND ( 'NONE', #7036, .T. ) ;
#3483 = ORIENTED_EDGE ( 'NONE', *, *, #556, .F. ) ;
#3484 = EDGE_CURVE ( 'NONE', #1060, #5936, #6371, .T. ) ;
#3485 = CARTESIAN_POINT ( 'NONE',  ( 0.6500000000000000222, 0.2000000000000000111, 0.9499999999999995115 ) ) ;
#3486 = DIRECTION ( 'NONE',  ( -0.000000000000000000, -1.000000000000000000, -0.000000000000000000 ) ) ;
#3487 = CARTESIAN_POINT ( 'NONE',  ( -1.500000000000000444, 0.2000000000000000111, 0.6749999999999991562 ) ) ;
#3488 = VERTEX_POINT ( 'NONE', #5792 ) ;
#3489 = VECTOR ( 'NONE', #943, 1000.000000000000000 ) ;
#3490 = LINE ( 'NONE', #6604, #2844 ) ;
#3491 = PLANE ( 'NONE',  #7193 ) ;
#3492 = EDGE_CURVE ( 'NONE', #3671, #3056, #4075, .T. ) ;
#3493 = CARTESIAN_POINT ( 'NONE',  ( 0.2499999999999999445, 2.436067977499789983, -1.750000000000000444 ) ) ;
#3494 = ORIENTED_EDGE ( 'NONE', *, *, #228, .T. ) ;
#3495 = ORIENTED_EDGE ( 'NONE', *, *, #6017, .F. ) ;
#3496 = CARTESIAN_POINT ( 'NONE',  ( 0.000000000000000000, 0.000000000000000000, 0.000000000000000000 ) ) ;
#3497 = ORIENTED_EDGE ( 'NONE', *, *, #515, .F. ) ;
#3498 = DIRECTION ( 'NONE',  ( 0.000000000000000000, 0.000000000000000000, -1.000000000000000000 ) ) ;
#3499 = VERTEX_POINT ( 'NONE', #1578 ) ;
#3500 = CARTESIAN_POINT ( 'NONE',  ( 1.800000000000000266, 0.1000000000000000056, 1.749999999999999556 ) ) ;
#3501 = LINE ( 'NONE', #5765, #1603 ) ;
#3502 = ORIENTED_EDGE ( 'NONE', *, *, #1186, .T. ) ;
#3503 =( LENGTH_UNIT ( ) NAMED_UNIT ( * ) SI_UNIT ( .MILLI., .METRE. ) );
#3504 = CARTESIAN_POINT ( 'NONE',  ( -1.500000000000000444, 0.000000000000000000, -0.6750000000000000444 ) ) ;
#3505 = ORIENTED_EDGE ( 'NONE', *, *, #4439, .T. ) ;
#3506 = DIRECTION ( 'NONE',  ( 0.000000000000000000, -1.000000000000000000, 0.000000000000000000 ) ) ;
#3507 = PLANE ( 'NONE',  #1569 ) ;
#3508 = CARTESIAN_POINT ( 'NONE',  ( -1.949999999999999734, 0.2000000000000000111, 0.6749999999999991562 ) ) ;
#3509 = CARTESIAN_POINT ( 'NONE',  ( -1.500000000000000222, 0.2000000000000000944, -0.1500000000000000222 ) ) ;
#3510 = VERTEX_POINT ( 'NONE', #2837 ) ;
#3511 = ORIENTED_EDGE ( 'NONE', *, *, #2916, .T. ) ;
#3512 = LINE ( 'NONE', #2895, #6831 ) ;
#3513 = CARTESIAN_POINT ( 'NONE',  ( -1.949999999999999734, 0.2000000000000000111, 0.1500000000000000222 ) ) ;
#3514 = EDGE_CURVE ( 'NONE', #4177, #4675, #5212, .T. ) ;
#3515 = EDGE_CURVE ( 'NONE', #950, #4710, #7219, .T. ) ;
#3516 = DIRECTION ( 'NONE',  ( 0.000000000000000000, 0.000000000000000000, 1.000000000000000000 ) ) ;
#3517 = ORIENTED_EDGE ( 'NONE', *, *, #1491, .F. ) ;
#3518 = EDGE_CURVE ( 'NONE', #6750, #4086, #29, .T. ) ;
#3519 = DIRECTION ( 'NONE',  ( -5.421010862427523156E-16, -0.000000000000000000, -1.000000000000000000 ) ) ;
#3520 = DIRECTION ( 'NONE',  ( -1.000000000000000000, 0.000000000000000000, 2.168404344971012566E-16 ) ) ;
#3521 = MECHANICAL_DESIGN_GEOMETRIC_PRESENTATION_REPRESENTATION (  '', ( #7369 ), #4648 ) ;
#3522 = FACE_OUTER_BOUND ( 'NONE', #6955, .T. ) ;
#3523 = ORIENTED_EDGE ( 'NONE', *, *, #556, .T. ) ;
#3524 = PLANE ( 'NONE',  #5586 ) ;
#3525 = DIRECTION ( 'NONE',  ( 1.000000000000000000, 0.000000000000000000, 0.000000000000000000 ) ) ;
#3526 = LINE ( 'NONE', #4154, #3319 ) ;
#3527 = EDGE_CURVE ( 'NONE', #7361, #1832, #2382, .T. ) ;
#3528 = APPLICATION_CONTEXT ( 'automotive_design' ) ;
#3529 = AXIS2_PLACEMENT_3D ( 'NONE', #6755, #3755, #3602 ) ;
#3530 = VERTEX_POINT ( 'NONE', #6605 ) ;
#3531 = ORIENTED_EDGE ( 'NONE', *, *, #7517, .T. ) ;
#3532 = ORIENTED_EDGE ( 'NONE', *, *, #1718, .T. ) ;
#3533 = CARTESIAN_POINT ( 'NONE',  ( -1.949999999999999734, -0.000000000000000000, 0.000000000000000000 ) ) ;
#3534 = ORIENTED_EDGE ( 'NONE', *, *, #1995, .T. ) ;
#3535 = CARTESIAN_POINT ( 'NONE',  ( -1.500000000000000444, 2.436067977499789983, 0.6749999999999991562 ) ) ;
#3536 = EDGE_CURVE ( 'NONE', #4472, #573, #4269, .T. ) ;
#3537 = VECTOR ( 'NONE', #7389, 1000.000000000000000 ) ;
#3538 = PLANE ( 'NONE',  #5928 ) ;
#3539 = VERTEX_POINT ( 'NONE', #4778 ) ;
#3540 = EDGE_CURVE ( 'NONE', #2879, #985, #3567, .T. ) ;
#3541 = CARTESIAN_POINT ( 'NONE',  ( -1.700000000000001066, 0.2000000000000000111, -0.9499999999999998446 ) ) ;
#3542 = VERTEX_POINT ( 'NONE', #1885 ) ;
#3543 = FILL_AREA_STYLE ('',( #1199 ) ) ;
#3544 = DIRECTION ( 'NONE',  ( 0.000000000000000000, -1.000000000000000000, 0.000000000000000000 ) ) ;
#3545 = CARTESIAN_POINT ( 'NONE',  ( -1.999999999999999556, 0.2000000000000000944, -0.6750000000000000444 ) ) ;
#3546 = DIRECTION ( 'NONE',  ( -1.000000000000000000, 0.000000000000000000, 0.000000000000000000 ) ) ;
#3547 = CARTESIAN_POINT ( 'NONE',  ( 1.800000000000000488, 0.2000000000000000111, -1.350000000000000533 ) ) ;
#3548 = ORIENTED_EDGE ( 'NONE', *, *, #7239, .T. ) ;
#3549 = EDGE_CURVE ( 'NONE', #5821, #4981, #4743, .T. ) ;
#3550 = ORIENTED_EDGE ( 'NONE', *, *, #4351, .T. ) ;
#3551 = AXIS2_PLACEMENT_3D ( 'NONE', #3745, #6166, #2522 ) ;
#3552 = DIRECTION ( 'NONE',  ( -1.000000000000000000, 0.000000000000000000, 0.000000000000000000 ) ) ;
#3553 = LINE ( 'NONE', #5346, #2829 ) ;
#3554 = CARTESIAN_POINT ( 'NONE',  ( 1.949999999999999734, 0.1000000000000000056, -1.699999999999999512 ) ) ;
#3555 = ORIENTED_EDGE ( 'NONE', *, *, #6894, .T. ) ;
#3556 = AXIS2_PLACEMENT_3D ( 'NONE', #2063, #6167, #169 ) ;
#3557 = EDGE_CURVE ( 'NONE', #813, #3211, #5906, .T. ) ;
#3558 = LINE ( 'NONE', #5387, #6675 ) ;
#3559 = EDGE_CURVE ( 'NONE', #7187, #6760, #1841, .T. ) ;
#3560 = CARTESIAN_POINT ( 'NONE',  ( 0.000000000000000000, 0.2000000000000000111, 0.000000000000000000 ) ) ;
#3561 = CARTESIAN_POINT ( 'NONE',  ( -1.999999999999999556, 0.09999999999999982514, -1.350000000000000089 ) ) ;
#3562 = VECTOR ( 'NONE', #1726, 1000.000000000000000 ) ;
#3563 = PLANE ( 'NONE',  #1688 ) ;
#3564 = EDGE_LOOP ( 'NONE', ( #4784, #1361, #2453, #6629 ) ) ;
#3565 = FACE_OUTER_BOUND ( 'NONE', #6977, .T. ) ;
#3566 = DIRECTION ( 'NONE',  ( 0.000000000000000000, -1.000000000000000000, 0.000000000000000000 ) ) ;
#3567 = LINE ( 'NONE', #1183, #6183 ) ;
#3568 = VECTOR ( 'NONE', #4290, 1000.000000000000000 ) ;
#3569 = VERTEX_POINT ( 'NONE', #1223 ) ;
#3570 = ORIENTED_EDGE ( 'NONE', *, *, #6116, .T. ) ;
#3571 = ORIENTED_EDGE ( 'NONE', *, *, #3927, .T. ) ;
#3572 = FACE_OUTER_BOUND ( 'NONE', #796, .T. ) ;
#3573 = ORIENTED_EDGE ( 'NONE', *, *, #3620, .T. ) ;
#3574 = FACE_OUTER_BOUND ( 'NONE', #1464, .T. ) ;
#3575 = PLANE ( 'NONE',  #491 ) ;
#3576 = ORIENTED_EDGE ( 'NONE', *, *, #6531, .F. ) ;
#3577 = AXIS2_PLACEMENT_3D ( 'NONE', #5245, #6402, #529 ) ;
#3578 = CARTESIAN_POINT ( 'NONE',  ( -0.2000000000000005662, 0.2000000000000000111, -0.2000000000000000111 ) ) ;
#3579 = LINE ( 'NONE', #2430, #4115 ) ;
#3580 = ORIENTED_EDGE ( 'NONE', *, *, #7418, .T. ) ;
#3581 = VECTOR ( 'NONE', #5280, 1000.000000000000000 ) ;
#3582 = EDGE_CURVE ( 'NONE', #3211, #2388, #1801, .T. ) ;
#3583 = LINE ( 'NONE', #4834, #3723 ) ;
#3584 = DIRECTION ( 'NONE',  ( 0.000000000000000000, 0.000000000000000000, -1.000000000000000000 ) ) ;
#3585 = CARTESIAN_POINT ( 'NONE',  ( -1.949999999999999734, 0.1000000000000000056, -1.699999999999999512 ) ) ;
#3586 = DIRECTION ( 'NONE',  ( 1.000000000000000000, -0.000000000000000000, 0.000000000000000000 ) ) ;
#3587 = DIRECTION ( 'NONE',  ( 0.000000000000000000, -1.000000000000000000, 0.000000000000000000 ) ) ;
#3588 = LINE ( 'NONE', #4798, #6949 ) ;
#3589 = VERTEX_POINT ( 'NONE', #4699 ) ;
#3590 = EDGE_LOOP ( 'NONE', ( #495, #1927, #6866, #5999 ) ) ;
#3591 = VECTOR ( 'NONE', #7047, 1000.000000000000000 ) ;
#3592 = VECTOR ( 'NONE', #2267, 1000.000000000000000 ) ;
#3593 = FACE_OUTER_BOUND ( 'NONE', #5706, .T. ) ;
#3594 = DIRECTION ( 'NONE',  ( 2.168404344971008474E-15, -0.000000000000000000, -1.000000000000000000 ) ) ;
#3595 = LINE ( 'NONE', #5311, #4184 ) ;
#3596 = ORIENTED_EDGE ( 'NONE', *, *, #353, .T. ) ;
#3597 = VECTOR ( 'NONE', #5082, 1000.000000000000000 ) ;
#3598 = FACE_OUTER_BOUND ( 'NONE', #6250, .T. ) ;
#3599 = CARTESIAN_POINT ( 'NONE',  ( -1.999999999999999556, 0.2000000000000000111, -0.3750000000000001110 ) ) ;
#3600 = VECTOR ( 'NONE', #1363, 1000.000000000000000 ) ;
#3601 = DIRECTION ( 'NONE',  ( -0.000000000000000000, 0.000000000000000000, -1.000000000000000000 ) ) ;
#3602 = DIRECTION ( 'NONE',  ( 0.000000000000000000, -0.000000000000000000, 1.000000000000000000 ) ) ;
#3603 = VERTEX_POINT ( 'NONE', #2497 ) ;
#3604 = LINE ( 'NONE', #5986, #3581 ) ;
#3605 = CARTESIAN_POINT ( 'NONE',  ( 1.949999999999999956, 2.436067977499789983, -0.1999999999999999833 ) ) ;
#3606 = CARTESIAN_POINT ( 'NONE',  ( -0.5000000000000001110, 0.2000000000000000944, -1.750000000000000444 ) ) ;
#3607 = VERTEX_POINT ( 'NONE', #2908 ) ;
#3608 = VERTEX_POINT ( 'NONE', #1340 ) ;
#3609 = ORIENTED_EDGE ( 'NONE', *, *, #4924, .F. ) ;
#3610 = VECTOR ( 'NONE', #544, 1000.000000000000000 ) ;
#3611 = CARTESIAN_POINT ( 'NONE',  ( 2.000000000000000444, 0.1000000000000000056, -0.1999999999999998723 ) ) ;
#3612 = VERTEX_POINT ( 'NONE', #4118 ) ;
#3613 = DIRECTION ( 'NONE',  ( 0.000000000000000000, 1.000000000000000000, 0.000000000000000000 ) ) ;
#3614 = FACE_OUTER_BOUND ( 'NONE', #7281, .T. ) ;
#3615 = EDGE_LOOP ( 'NONE', ( #3021, #4389, #3954, #2079 ) ) ;
#3616 = EDGE_CURVE ( 'NONE', #668, #3569, #2456, .T. ) ;
#3617 = DIRECTION ( 'NONE',  ( -1.000000000000000000, 0.000000000000000000, -0.000000000000000000 ) ) ;
#3618 = PLANE ( 'NONE',  #1904 ) ;
#3619 = ORIENTED_EDGE ( 'NONE', *, *, #7221, .F. ) ;
#3620 = EDGE_CURVE ( 'NONE', #5362, #6345, #4819, .T. ) ;
#3621 = DIRECTION ( 'NONE',  ( 0.000000000000000000, 0.000000000000000000, 1.000000000000000000 ) ) ;
#3622 =( LENGTH_UNIT ( ) NAMED_UNIT ( * ) SI_UNIT ( .MILLI., .METRE. ) );
#3623 = LINE ( 'NONE', #2926, #4786 ) ;
#3624 = LINE ( 'NONE', #4795, #6309 ) ;
#3625 = LINE ( 'NONE', #281, #4566 ) ;
#3626 = SURFACE_SIDE_STYLE ('',( #6587 ) ) ;
#3627 = EDGE_LOOP ( 'NONE', ( #6359, #3683, #6235, #659 ) ) ;
#3628 = EDGE_CURVE ( 'NONE', #3069, #1414, #3526, .T. ) ;
#3629 = VERTEX_POINT ( 'NONE', #3606 ) ;
#3630 = CARTESIAN_POINT ( 'NONE',  ( -0.7500000000000001110, 0.2000000000000000111, 1.250000000000000444 ) ) ;
#3631 = LINE ( 'NONE', #5932, #1485 ) ;
#3632 = DIRECTION ( 'NONE',  ( -0.000000000000000000, -1.000000000000000000, -0.000000000000000000 ) ) ;
#3633 = ORIENTED_EDGE ( 'NONE', *, *, #5520, .F. ) ;
#3634 = ORIENTED_EDGE ( 'NONE', *, *, #4241, .T. ) ;
#3635 = DIRECTION ( 'NONE',  ( -0.000000000000000000, 0.000000000000000000, -1.000000000000000000 ) ) ;
#3636 = CARTESIAN_POINT ( 'NONE',  ( 0.6500000000000000222, 0.000000000000000000, 0.9499999999999995115 ) ) ;
#3637 = FACE_OUTER_BOUND ( 'NONE', #7039, .T. ) ;
#3638 = PLANE ( 'NONE',  #1814 ) ;
#3639 = ORIENTED_EDGE ( 'NONE', *, *, #2877, .F. ) ;
#3640 = DIRECTION ( 'NONE',  ( 0.000000000000000000, -1.000000000000000000, 0.000000000000000000 ) ) ;
#3641 = FACE_OUTER_BOUND ( 'NONE', #1179, .T. ) ;
#3642 = VERTEX_POINT ( 'NONE', #5319 ) ;
#3643 = EDGE_CURVE ( 'NONE', #2999, #1484, #725, .T. ) ;
#3644 = VERTEX_POINT ( 'NONE', #1919 ) ;
#3645 = COLOUR_RGB ( '',0.7921568627450980005, 0.8196078431372548767, 0.9333333333333333481 ) ;
#3646 = ORIENTED_EDGE ( 'NONE', *, *, #3092, .T. ) ;
#3647 = CARTESIAN_POINT ( 'NONE',  ( 0.000000000000000000, 0.1000000000000000056, 0.000000000000000000 ) ) ;
#3648 = VERTEX_POINT ( 'NONE', #2991 ) ;
#3649 = FACE_OUTER_BOUND ( 'NONE', #3025, .T. ) ;
#3650 = FACE_OUTER_BOUND ( 'NONE', #6989, .T. ) ;
#3651 = VERTEX_POINT ( 'NONE', #5357 ) ;
#3652 = LINE ( 'NONE', #6036, #6420 ) ;
#3653 = AXIS2_PLACEMENT_3D ( 'NONE', #5488, #731, #3687 ) ;
#3654 = STYLED_ITEM ( 'NONE', ( #6856 ), #1387 ) ;
#3655 = LINE ( 'NONE', #2628, #2392 ) ;
#3656 = ORIENTED_EDGE ( 'NONE', *, *, #3559, .F. ) ;
#3657 = ADVANCED_FACE ( 'NONE', ( #3641 ), #3067, .F. ) ;
#3658 = EDGE_CURVE ( 'NONE', #3542, #2127, #2417, .T. ) ;
#3659 = AXIS2_PLACEMENT_3D ( 'NONE', #7269, #2550, #4913 ) ;
#3660 = CARTESIAN_POINT ( 'NONE',  ( -1.999999999999999556, 0.2000000000000000111, 0.1500000000000000222 ) ) ;
#3661 = CARTESIAN_POINT ( 'NONE',  ( -0.5000000000000001110, 0.09999999999999982514, 1.250000000000000444 ) ) ;
#3662 = FACE_OUTER_BOUND ( 'NONE', #7145, .T. ) ;
#3663 = CARTESIAN_POINT ( 'NONE',  ( 0.6500000000000000222, 2.436067977499789983, -1.750000000000000444 ) ) ;
#3664 = EDGE_CURVE ( 'NONE', #6548, #6148, #1607, .T. ) ;
#3665 = VERTEX_POINT ( 'NONE', #6065 ) ;
#3666 = CARTESIAN_POINT ( 'NONE',  ( -1.949999999999999734, 0.000000000000000000, 1.349999999999999423 ) ) ;
#3667 = CARTESIAN_POINT ( 'NONE',  ( 0.000000000000000000, 0.05000000000000000278, -0.9499999999999998446 ) ) ;
#3668 = CARTESIAN_POINT ( 'NONE',  ( -1.850000000000000311, 0.2000000000000000944, 1.749999999999999556 ) ) ;
#3669 = ORIENTED_EDGE ( 'NONE', *, *, #6326, .T. ) ;
#3670 = VERTEX_POINT ( 'NONE', #2533 ) ;
#3671 = VERTEX_POINT ( 'NONE', #181 ) ;
#3672 = LINE ( 'NONE', #211, #1640 ) ;
#3673 = CARTESIAN_POINT ( 'NONE',  ( -1.250000000000000222, 0.000000000000000000, -1.250000000000001332 ) ) ;
#3674 = EDGE_CURVE ( 'NONE', #5677, #7541, #4310, .T. ) ;
#3675 = PLANE ( 'NONE',  #1086 ) ;
#3676 = EDGE_CURVE ( 'NONE', #877, #2012, #1955, .T. ) ;
#3677 = VERTEX_POINT ( 'NONE', #1376 ) ;
#3678 = CARTESIAN_POINT ( 'NONE',  ( 1.800000000000000488, 0.000000000000000000, 1.699999999999999734 ) ) ;
#3679 = AXIS2_PLACEMENT_3D ( 'NONE', #3209, #830, #6095 ) ;
#3680 = DIRECTION ( 'NONE',  ( -1.000000000000000000, 0.000000000000000000, 0.000000000000000000 ) ) ;
#3681 = VECTOR ( 'NONE', #4085, 1000.000000000000000 ) ;
#3682 = VERTEX_POINT ( 'NONE', #2331 ) ;
#3683 = ORIENTED_EDGE ( 'NONE', *, *, #5265, .T. ) ;
#3684 = AXIS2_PLACEMENT_3D ( 'NONE', #3493, #7028, #2308 ) ;
#3685 = ORIENTED_EDGE ( 'NONE', *, *, #5709, .F. ) ;
#3686 = EDGE_CURVE ( 'NONE', #2089, #3377, #4765, .T. ) ;
#3687 = DIRECTION ( 'NONE',  ( -1.000000000000000000, 0.000000000000000000, -0.000000000000000000 ) ) ;
#3688 = VECTOR ( 'NONE', #864, 1000.000000000000000 ) ;
#3689 = ORIENTED_EDGE ( 'NONE', *, *, #933, .F. ) ;
#3690 = DIRECTION ( 'NONE',  ( 0.000000000000000000, -0.000000000000000000, 1.000000000000000000 ) ) ;
#3691 = LINE ( 'NONE', #3036, #1849 ) ;
#3692 = ORIENTED_EDGE ( 'NONE', *, *, #4573, .F. ) ;
#3693 = CARTESIAN_POINT ( 'NONE',  ( -1.500000000000000222, 0.1000000000000000056, -1.699999999999999512 ) ) ;
#3694 = PLANE ( 'NONE',  #2763 ) ;
#3695 = ORIENTED_EDGE ( 'NONE', *, *, #2636, .F. ) ;
#3696 = DIRECTION ( 'NONE',  ( 0.000000000000000000, 1.000000000000000000, 0.000000000000000000 ) ) ;
#3697 = DIRECTION ( 'NONE',  ( 1.000000000000000000, -0.000000000000000000, 0.000000000000000000 ) ) ;
#3698 = FACE_OUTER_BOUND ( 'NONE', #7133, .T. ) ;
#3699 = CARTESIAN_POINT ( 'NONE',  ( -0.2000000000000005385, 0.05000000000000000278, 2.710505431213768172E-17 ) ) ;
#3700 = ORIENTED_EDGE ( 'NONE', *, *, #4617, .F. ) ;
#3701 = EDGE_CURVE ( 'NONE', #3510, #6475, #1172, .T. ) ;
#3702 = VECTOR ( 'NONE', #3729, 1000.000000000000000 ) ;
#3703 = LINE ( 'NONE', #2558, #1646 ) ;
#3704 =( NAMED_UNIT ( * ) PLANE_ANGLE_UNIT ( ) SI_UNIT ( $, .RADIAN. ) );
#3705 = FACE_OUTER_BOUND ( 'NONE', #856, .T. ) ;
#3706 = ORIENTED_EDGE ( 'NONE', *, *, #274, .F. ) ;
#3707 = EDGE_CURVE ( 'NONE', #7057, #2196, #1789, .T. ) ;
#3708 = AXIS2_PLACEMENT_3D ( 'NONE', #5036, #4533, #6248 ) ;
#3709 = ORIENTED_EDGE ( 'NONE', *, *, #2329, .F. ) ;
#3710 = AXIS2_PLACEMENT_3D ( 'NONE', #2411, #1336, #6478 ) ;
#3711 = DIRECTION ( 'NONE',  ( 1.000000000000000000, 0.000000000000000000, -0.000000000000000000 ) ) ;
#3712 = UNCERTAINTY_MEASURE_WITH_UNIT (LENGTH_MEASURE( 1.000000000000000082E-05 ), #3503, 'distance_accuracy_value', 'NONE');
#3713 = LINE ( 'NONE', #254, #2744 ) ;
#3714 = DIRECTION ( 'NONE',  ( 0.000000000000000000, 0.000000000000000000, 1.000000000000000000 ) ) ;
#3715 = DIRECTION ( 'NONE',  ( -1.000000000000000000, 0.000000000000000000, 0.000000000000000000 ) ) ;
#3716 = AXIS2_PLACEMENT_3D ( 'NONE', #4962, #5867, #644 ) ;
#3717 = VECTOR ( 'NONE', #1249, 1000.000000000000000 ) ;
#3718 = VERTEX_POINT ( 'NONE', #4102 ) ;
#3719 = DIRECTION ( 'NONE',  ( 1.000000000000000000, 0.000000000000000000, -0.000000000000000000 ) ) ;
#3720 = EDGE_CURVE ( 'NONE', #6829, #5279, #3631, .T. ) ;
#3721 = ORIENTED_EDGE ( 'NONE', *, *, #1793, .T. ) ;
#3722 = VERTEX_POINT ( 'NONE', #2369 ) ;
#3723 = VECTOR ( 'NONE', #6185, 1000.000000000000000 ) ;
#3724 = EDGE_LOOP ( 'NONE', ( #5478, #3242, #2469, #1044, #1529, #2418 ) ) ;
#3725 = DIRECTION ( 'NONE',  ( 0.000000000000000000, 0.000000000000000000, 1.000000000000000000 ) ) ;
#3726 = LINE ( 'NONE', #6110, #6762 ) ;
#3727 = ADVANCED_FACE ( 'NONE', ( #6551 ), #6049, .F. ) ;
#3728 = ORIENTED_EDGE ( 'NONE', *, *, #2974, .T. ) ;
#3729 = DIRECTION ( 'NONE',  ( 0.000000000000000000, 1.000000000000000000, 0.000000000000000000 ) ) ;
#3730 = FACE_OUTER_BOUND ( 'NONE', #1330, .T. ) ;
#3731 = ORIENTED_EDGE ( 'NONE', *, *, #2261, .T. ) ;
#3732 = VECTOR ( 'NONE', #548, 1000.000000000000000 ) ;
#3733 = LINE ( 'NONE', #1392, #482 ) ;
#3734 = DIRECTION ( 'NONE',  ( 0.000000000000000000, -1.000000000000000000, 0.000000000000000000 ) ) ;
#3735 = EDGE_LOOP ( 'NONE', ( #2080, #3100, #2629, #3768, #5563, #3144 ) ) ;
#3736 = CARTESIAN_POINT ( 'NONE',  ( 0.6500000000000000222, 0.2000000000000000111, 0.9499999999999995115 ) ) ;
#3737 = DIRECTION ( 'NONE',  ( -1.000000000000000000, 0.000000000000000000, -0.000000000000000000 ) ) ;
#3738 = FACE_OUTER_BOUND ( 'NONE', #73, .T. ) ;
#3739 = LINE ( 'NONE', #3699, #250 ) ;
#3740 = VECTOR ( 'NONE', #3235, 1000.000000000000000 ) ;
#3741 =( LENGTH_UNIT ( ) NAMED_UNIT ( * ) SI_UNIT ( .MILLI., .METRE. ) );
#3742 = ORIENTED_EDGE ( 'NONE', *, *, #3020, .T. ) ;
#3743 = EDGE_CURVE ( 'NONE', #4166, #4571, #7052, .T. ) ;
#3744 = PLANE ( 'NONE',  #283 ) ;
#3745 = CARTESIAN_POINT ( 'NONE',  ( 0.000000000000000000, 0.2000000000000000111, 0.000000000000000000 ) ) ;
#3746 = CARTESIAN_POINT ( 'NONE',  ( 0.000000000000000000, 0.2000000000000000111, 0.000000000000000000 ) ) ;
#3747 = PLANE ( 'NONE',  #2853 ) ;
#3748 = ORIENTED_EDGE ( 'NONE', *, *, #3743, .T. ) ;
#3749 = ORIENTED_EDGE ( 'NONE', *, *, #3468, .F. ) ;
#3750 = VERTEX_POINT ( 'NONE', #711 ) ;
#3751 = CARTESIAN_POINT ( 'NONE',  ( 1.399999999999999911, 0.2000000000000000111, 1.749999999999999556 ) ) ;
#3752 = EDGE_CURVE ( 'NONE', #7187, #6009, #1326, .T. ) ;
#3753 = EDGE_CURVE ( 'NONE', #7018, #50, #7168, .T. ) ;
#3754 = DIRECTION ( 'NONE',  ( -1.000000000000000000, 0.000000000000000000, 0.000000000000000000 ) ) ;
#3755 = DIRECTION ( 'NONE',  ( 0.000000000000000000, 1.000000000000000000, 0.000000000000000000 ) ) ;
#3756 = VERTEX_POINT ( 'NONE', #1826 ) ;
#3757 = DIRECTION ( 'NONE',  ( -0.000000000000000000, 0.000000000000000000, 1.000000000000000000 ) ) ;
#3758 = EDGE_CURVE ( 'NONE', #3385, #207, #16, .T. ) ;
#3759 = ORIENTED_EDGE ( 'NONE', *, *, #3753, .F. ) ;
#3760 = ORIENTED_EDGE ( 'NONE', *, *, #7458, .T. ) ;
#3761 = ORIENTED_EDGE ( 'NONE', *, *, #5067, .F. ) ;
#3762 = CARTESIAN_POINT ( 'NONE',  ( -1.999999999999999556, 0.1000000000000000056, 1.749999999999999556 ) ) ;
#3763 = DIRECTION ( 'NONE',  ( 0.000000000000000000, -0.000000000000000000, 1.000000000000000000 ) ) ;
#3764 = PLANE ( 'NONE',  #3653 ) ;
#3765 = ORIENTED_EDGE ( 'NONE', *, *, #2104, .T. ) ;
#3766 = DIRECTION ( 'NONE',  ( -0.000000000000000000, -1.000000000000000000, -0.000000000000000000 ) ) ;
#3767 = CARTESIAN_POINT ( 'NONE',  ( -1.850000000000000311, 0.2000000000000000111, 1.349999999999999201 ) ) ;
#3768 = ORIENTED_EDGE ( 'NONE', *, *, #2949, .F. ) ;
#3769 = DIRECTION ( 'NONE',  ( 1.000000000000000000, 0.000000000000000000, -1.807003620809175371E-16 ) ) ;
#3770 = AXIS2_PLACEMENT_3D ( 'NONE', #5952, #7604, #2313 ) ;
#3771 = DIRECTION ( 'NONE',  ( 1.000000000000000000, -0.000000000000000000, -2.168404344971012566E-16 ) ) ;
#3772 = ORIENTED_EDGE ( 'NONE', *, *, #1622, .T. ) ;
#3773 = ADVANCED_FACE ( 'NONE', ( #4181 ), #4727, .F. ) ;
#3774 = DIRECTION ( 'NONE',  ( -1.000000000000000000, 0.000000000000000000, -2.168404344971012566E-16 ) ) ;
#3775 = ORIENTED_EDGE ( 'NONE', *, *, #1173, .F. ) ;
#3776 = EDGE_CURVE ( 'NONE', #5957, #2084, #2482, .T. ) ;
#3777 = CARTESIAN_POINT ( 'NONE',  ( -1.500000000000000444, 0.2000000000000000944, 0.6749999999999991562 ) ) ;
#3778 = AXIS2_PLACEMENT_3D ( 'NONE', #6082, #4326, #742 ) ;
#3779 = LINE ( 'NONE', #6274, #6301 ) ;
#3780 = LINE ( 'NONE', #746, #6055 ) ;
#3781 =( LENGTH_UNIT ( ) NAMED_UNIT ( * ) SI_UNIT ( .MILLI., .METRE. ) );
#3782 = AXIS2_PLACEMENT_3D ( 'NONE', #679, #4306, #1373 ) ;
#3783 = CARTESIAN_POINT ( 'NONE',  ( -0.5000000000000001110, 2.436067977499789983, -1.699999999999999512 ) ) ;
#3784 = PLANE ( 'NONE',  #1962 ) ;
#3785 = PLANE ( 'NONE',  #3556 ) ;
#3786 = VECTOR ( 'NONE', #6835, 1000.000000000000000 ) ;
#3787 = FACE_OUTER_BOUND ( 'NONE', #1081, .T. ) ;
#3788 = EDGE_CURVE ( 'NONE', #3311, #1873, #753, .T. ) ;
#3789 = ORIENTED_EDGE ( 'NONE', *, *, #2032, .F. ) ;
#3790 = VERTEX_POINT ( 'NONE', #1210 ) ;
#3791 = VERTEX_POINT ( 'NONE', #4803 ) ;
#3792 = UNCERTAINTY_MEASURE_WITH_UNIT (LENGTH_MEASURE( 1.000000000000000082E-05 ), #6465, 'distance_accuracy_value', 'NONE');
#3793 = EDGE_CURVE ( 'NONE', #4861, #6045, #3553, .T. ) ;
#3794 = CARTESIAN_POINT ( 'NONE',  ( -1.999999999999999556, 0.2000000000000000944, -1.350000000000000089 ) ) ;
#3795 = CARTESIAN_POINT ( 'NONE',  ( -1.999999999999999556, 2.436067977499789983, -0.9499999999999998446 ) ) ;
#3796 = CARTESIAN_POINT ( 'NONE',  ( -1.949999999999999734, 0.2000000000000000111, -0.9499999999999998446 ) ) ;
#3797 = VERTEX_POINT ( 'NONE', #2406 ) ;
#3798 = DIRECTION ( 'NONE',  ( -1.000000000000000000, 0.000000000000000000, 0.000000000000000000 ) ) ;
#3799 = MECHANICAL_DESIGN_GEOMETRIC_PRESENTATION_REPRESENTATION (  '', ( #1470 ), #104 ) ;
#3800 = EDGE_CURVE ( 'NONE', #4600, #6654, #4219, .T. ) ;
#3801 = EDGE_CURVE ( 'NONE', #3120, #499, #5976, .T. ) ;
#3802 = ORIENTED_EDGE ( 'NONE', *, *, #7539, .F. ) ;
#3803 = EDGE_CURVE ( 'NONE', #5615, #296, #4258, .T. ) ;
#3804 = EDGE_LOOP ( 'NONE', ( #7066, #5537, #520, #1127, #6813, #2606 ) ) ;
#3805 = LINE ( 'NONE', #769, #6849 ) ;
#3806 = LINE ( 'NONE', #3228, #7205 ) ;
#3807 = VECTOR ( 'NONE', #3877, 1000.000000000000000 ) ;
#3808 = CARTESIAN_POINT ( 'NONE',  ( -1.250000000000000222, 0.2000000000000000111, 1.250000000000000444 ) ) ;
#3809 = ORIENTED_EDGE ( 'NONE', *, *, #2859, .F. ) ;
#3810 = CARTESIAN_POINT ( 'NONE',  ( 1.399999999999999689, 0.05000000000000000278, 1.699999999999999734 ) ) ;
#3811 = PLANE ( 'NONE',  #4065 ) ;
#3812 = VERTEX_POINT ( 'NONE', #7207 ) ;
#3813 = DIRECTION ( 'NONE',  ( 0.000000000000000000, 0.000000000000000000, -1.000000000000000000 ) ) ;
#3814 = AXIS2_PLACEMENT_3D ( 'NONE', #3380, #6300, #4661 ) ;
#3815 = CARTESIAN_POINT ( 'NONE',  ( 1.999999999999999556, 0.2000000000000000944, 0.2000000000000000389 ) ) ;
#3816 = EDGE_LOOP ( 'NONE', ( #7587, #1769, #7552, #1683 ) ) ;
#3817 = VECTOR ( 'NONE', #572, 1000.000000000000000 ) ;
#3818 = LINE ( 'NONE', #3199, #7003 ) ;
#3819 = ORIENTED_EDGE ( 'NONE', *, *, #4050, .T. ) ;
#3820 = CARTESIAN_POINT ( 'NONE',  ( 0.2499999999999999445, 2.436067977499789983, 1.749999999999999556 ) ) ;
#3821 = VECTOR ( 'NONE', #3594, 1000.000000000000000 ) ;
#3822 = DIRECTION ( 'NONE',  ( -0.000000000000000000, 1.000000000000000000, -0.000000000000000000 ) ) ;
#3823 = EDGE_CURVE ( 'NONE', #6024, #4734, #6593, .T. ) ;
#3824 = DIRECTION ( 'NONE',  ( -0.000000000000000000, 1.000000000000000000, -0.000000000000000000 ) ) ;
#3825 = CARTESIAN_POINT ( 'NONE',  ( -1.850000000000000311, 0.000000000000000000, -1.350000000000000089 ) ) ;
#3826 = ADVANCED_FACE ( 'NONE', ( #5034 ), #3784, .T. ) ;
#3827 = CARTESIAN_POINT ( 'NONE',  ( -1.700000000000001066, 2.436067977499789983, -0.9499999999999998446 ) ) ;
#3828 = DIRECTION ( 'NONE',  ( 0.000000000000000000, -0.000000000000000000, 1.000000000000000000 ) ) ;
#3829 = ORIENTED_EDGE ( 'NONE', *, *, #7346, .F. ) ;
#3830 = VECTOR ( 'NONE', #2780, 1000.000000000000000 ) ;
#3831 = ORIENTED_EDGE ( 'NONE', *, *, #5491, .F. ) ;
#3832 = ORIENTED_EDGE ( 'NONE', *, *, #4640, .F. ) ;
#3833 = LINE ( 'NONE', #4928, #1024 ) ;
#3834 = VECTOR ( 'NONE', #1763, 1000.000000000000000 ) ;
#3835 = CARTESIAN_POINT ( 'NONE',  ( -0.7500000000000001110, 0.04999999999999999584, -1.250000000000001332 ) ) ;
#3836 = CARTESIAN_POINT ( 'NONE',  ( -1.250000000000000222, 0.04999999999999999584, -1.250000000000001332 ) ) ;
#3837 = ORIENTED_EDGE ( 'NONE', *, *, #3258, .T. ) ;
#3838 = LINE ( 'NONE', #4859, #4082 ) ;
#3839 = AXIS2_PLACEMENT_3D ( 'NONE', #2940, #1216, #4111 ) ;
#3840 = ORIENTED_EDGE ( 'NONE', *, *, #7539, .T. ) ;
#3841 = EDGE_LOOP ( 'NONE', ( #220, #3462, #7359, #1280 ) ) ;
#3842 = CARTESIAN_POINT ( 'NONE',  ( 1.949999999999999734, 0.1000000000000000056, -1.699999999999999512 ) ) ;
#3843 = VECTOR ( 'NONE', #5356, 1000.000000000000000 ) ;
#3844 = VECTOR ( 'NONE', #6558, 1000.000000000000000 ) ;
#3845 = DIRECTION ( 'NONE',  ( 0.000000000000000000, -1.000000000000000000, 0.000000000000000000 ) ) ;
#3846 = CARTESIAN_POINT ( 'NONE',  ( -1.000000000000000222, 0.1000000000000000056, 1.250000000000000444 ) ) ;
#3847 = VERTEX_POINT ( 'NONE', #1405 ) ;
#3848 = DIRECTION ( 'NONE',  ( 0.000000000000000000, -1.000000000000000000, 0.000000000000000000 ) ) ;
#3849 = FACE_OUTER_BOUND ( 'NONE', #6187, .T. ) ;
#3850 = LINE ( 'NONE', #6232, #6858 ) ;
#3851 = VECTOR ( 'NONE', #133, 1000.000000000000000 ) ;
#3852 = FILL_AREA_STYLE ('',( #2697 ) ) ;
#3853 = VERTEX_POINT ( 'NONE', #2027 ) ;
#3854 = MANIFOLD_SOLID_BREP ( 'Cut-Extrude2[5]', #6058 ) ;
#3855 = CARTESIAN_POINT ( 'NONE',  ( 0.2499999999999999445, 0.000000000000000000, -0.9500000000000003997 ) ) ;
#3856 = VECTOR ( 'NONE', #4433, 1000.000000000000000 ) ;
#3857 = ORIENTED_EDGE ( 'NONE', *, *, #1295, .T. ) ;
#3858 = DIRECTION ( 'NONE',  ( 0.000000000000000000, -0.000000000000000000, -1.000000000000000000 ) ) ;
#3859 = DIRECTION ( 'NONE',  ( 0.000000000000000000, 0.000000000000000000, 1.000000000000000000 ) ) ;
#3860 = CARTESIAN_POINT ( 'NONE',  ( 1.800000000000000266, 0.1000000000000000056, -1.750000000000000444 ) ) ;
#3861 = EDGE_CURVE ( 'NONE', #2554, #5911, #6246, .T. ) ;
#3862 = FACE_OUTER_BOUND ( 'NONE', #6736, .T. ) ;
#3863 = CARTESIAN_POINT ( 'NONE',  ( -0.7500000000000001110, 0.2000000000000000111, 1.250000000000000444 ) ) ;
#3864 = VECTOR ( 'NONE', #113, 1000.000000000000000 ) ;
#3865 = MANIFOLD_SOLID_BREP ( 'Cut-Extrude2[2]', #4688 ) ;
#3866 = CARTESIAN_POINT ( 'NONE',  ( -1.850000000000000533, 0.1000000000000000056, -1.750000000000000444 ) ) ;
#3867 = ADVANCED_FACE ( 'NONE', ( #7393 ), #168, .T. ) ;
#3868 = PLANE ( 'NONE',  #3965 ) ;
#3869 = ORIENTED_EDGE ( 'NONE', *, *, #7173, .T. ) ;
#3870 = ORIENTED_EDGE ( 'NONE', *, *, #4138, .T. ) ;
#3871 = EDGE_LOOP ( 'NONE', ( #5903, #1959, #4744, #7345 ) ) ;
#3872 = CARTESIAN_POINT ( 'NONE',  ( -1.250000000000000222, 0.2000000000000000944, -1.250000000000001332 ) ) ;
#3873 = ADVANCED_FACE ( 'NONE', ( #3208 ), #285, .T. ) ;
#3874 = FACE_OUTER_BOUND ( 'NONE', #2508, .T. ) ;
#3875 = LINE ( 'NONE', #1492, #4542 ) ;
#3876 = EDGE_LOOP ( 'NONE', ( #4965, #3268, #1412, #5978, #4145, #4521 ) ) ;
#3877 = DIRECTION ( 'NONE',  ( 0.000000000000000000, 0.000000000000000000, -1.000000000000000000 ) ) ;
#3878 = EDGE_CURVE ( 'NONE', #210, #4079, #1479, .T. ) ;
#3879 = MANIFOLD_SOLID_BREP ( 'Cut-Extrude2[11]', #7366 ) ;
#3880 = EDGE_CURVE ( 'NONE', #5685, #3718, #6355, .T. ) ;
#3881 = VERTEX_POINT ( 'NONE', #316 ) ;
#3882 = LINE ( 'NONE', #223, #5960 ) ;
#3883 = LINE ( 'NONE', #4548, #6463 ) ;
#3884 = CARTESIAN_POINT ( 'NONE',  ( 2.000000000000000444, 0.1000000000000000056, 1.749999999999999556 ) ) ;
#3885 = ORIENTED_EDGE ( 'NONE', *, *, #4234, .T. ) ;
#3886 = CARTESIAN_POINT ( 'NONE',  ( -1.949999999999999734, 0.2000000000000000111, -1.350000000000000089 ) ) ;
#3887 = CARTESIAN_POINT ( 'NONE',  ( -1.500000000000000222, 0.1000000000000000056, 1.749999999999999556 ) ) ;
#3888 = PLANE ( 'NONE',  #5431 ) ;
#3889 = EDGE_CURVE ( 'NONE', #494, #1804, #4016, .T. ) ;
#3890 = VERTEX_POINT ( 'NONE', #1017 ) ;
#3891 = CARTESIAN_POINT ( 'NONE',  ( -1.500000000000000222, 2.436067977499789983, 0.9499999999999990674 ) ) ;
#3892 = VERTEX_POINT ( 'NONE', #3432 ) ;
#3893 = CARTESIAN_POINT ( 'NONE',  ( -1.250000000000000222, 0.09999999999999982514, 1.250000000000000444 ) ) ;
#3894 = ORIENTED_EDGE ( 'NONE', *, *, #3557, .T. ) ;
#3895 = LINE ( 'NONE', #6272, #1457 ) ;
#3896 = DIRECTION ( 'NONE',  ( 0.000000000000000000, 0.000000000000000000, -1.000000000000000000 ) ) ;
#3897 = LINE ( 'NONE', #3205, #581 ) ;
#3898 = EDGE_CURVE ( 'NONE', #2012, #2756, #2177, .T. ) ;
#3899 = EDGE_CURVE ( 'NONE', #3629, #6545, #5116, .T. ) ;
#3900 = LINE ( 'NONE', #2213, #2995 ) ;
#3901 = MECHANICAL_DESIGN_GEOMETRIC_PRESENTATION_REPRESENTATION (  '', ( #5267 ), #1934 ) ;
#3902 = DIRECTION ( 'NONE',  ( -1.000000000000000000, 0.000000000000000000, 0.000000000000000000 ) ) ;
#3903 = DIRECTION ( 'NONE',  ( -1.000000000000000000, -0.000000000000000000, -0.000000000000000000 ) ) ;
#3904 = EDGE_CURVE ( 'NONE', #5103, #1858, #7474, .T. ) ;
#3905 = CARTESIAN_POINT ( 'NONE',  ( 0.000000000000000000, 0.1000000000000000056, 0.000000000000000000 ) ) ;
#3906 = CARTESIAN_POINT ( 'NONE',  ( 0.000000000000000000, 0.000000000000000000, 0.000000000000000000 ) ) ;
#3907 = ORIENTED_EDGE ( 'NONE', *, *, #3018, .F. ) ;
#3908 = VECTOR ( 'NONE', #224, 1000.000000000000000 ) ;
#3909 = EDGE_LOOP ( 'NONE', ( #310, #951, #4197, #13 ) ) ;
#3910 = ORIENTED_EDGE ( 'NONE', *, *, #1195, .F. ) ;
#3911 = LINE ( 'NONE', #2790, #906 ) ;
#3912 = FACE_OUTER_BOUND ( 'NONE', #849, .T. ) ;
#3913 = VECTOR ( 'NONE', #938, 1000.000000000000000 ) ;
#3914 = DIRECTION ( 'NONE',  ( 0.000000000000000000, -1.000000000000000000, 0.000000000000000000 ) ) ;
#3915 = DIRECTION ( 'NONE',  ( 0.000000000000000000, 0.000000000000000000, -1.000000000000000000 ) ) ;
#3916 = EDGE_CURVE ( 'NONE', #1342, #6057, #355, .T. ) ;
#3917 = EDGE_CURVE ( 'NONE', #6321, #5333, #5151, .T. ) ;
#3918 = DIRECTION ( 'NONE',  ( -1.000000000000000000, -0.000000000000000000, -0.000000000000000000 ) ) ;
#3919 = LINE ( 'NONE', #2765, #3592 ) ;
#3920 = LINE ( 'NONE', #2120, #6385 ) ;
#3921 = ORIENTED_EDGE ( 'NONE', *, *, #6821, .T. ) ;
#3922 = CARTESIAN_POINT ( 'NONE',  ( -1.999999999999999556, 0.2000000000000000944, 0.1500000000000000222 ) ) ;
#3923 = CARTESIAN_POINT ( 'NONE',  ( 0.2499999999999999445, 0.000000000000000000, -0.9500000000000003997 ) ) ;
#3924 = DIRECTION ( 'NONE',  ( -0.000000000000000000, -1.000000000000000000, -0.000000000000000000 ) ) ;
#3925 = CARTESIAN_POINT ( 'NONE',  ( -1.500000000000000222, 0.2000000000000000111, -1.149999999999999911 ) ) ;
#3926 = ORIENTED_EDGE ( 'NONE', *, *, #5211, .F. ) ;
#3927 = EDGE_CURVE ( 'NONE', #1886, #3340, #7583, .T. ) ;
#3928 = COLOUR_RGB ( '',0.7921568627450980005, 0.8196078431372548767, 0.9333333333333333481 ) ;
#3929 = ORIENTED_EDGE ( 'NONE', *, *, #5, .T. ) ;
#3930 = MANIFOLD_SOLID_BREP ( 'Cut-Extrude2[14]', #1069 ) ;
#3931 = APPLICATION_CONTEXT ( 'automotive_design' ) ;
#3932 = LINE ( 'NONE', #936, #5768 ) ;
#3933 = ORIENTED_EDGE ( 'NONE', *, *, #1932, .T. ) ;
#3934 = PLANE ( 'NONE',  #134 ) ;
#3935 = DIRECTION ( 'NONE',  ( 0.000000000000000000, -1.000000000000000000, 0.000000000000000000 ) ) ;
#3936 = VECTOR ( 'NONE', #6861, 1000.000000000000000 ) ;
#3937 = CARTESIAN_POINT ( 'NONE',  ( -1.500000000000000444, 0.000000000000000000, 0.6749999999999991562 ) ) ;
#3938 = AXIS2_PLACEMENT_3D ( 'NONE', #5878, #3357, #462 ) ;
#3939 = DIRECTION ( 'NONE',  ( 0.000000000000000000, 1.000000000000000000, 0.000000000000000000 ) ) ;
#3940 = VECTOR ( 'NONE', #2946, 1000.000000000000000 ) ;
#3941 = DIRECTION ( 'NONE',  ( 0.000000000000000000, -0.000000000000000000, 1.000000000000000000 ) ) ;
#3942 =( NAMED_UNIT ( * ) PLANE_ANGLE_UNIT ( ) SI_UNIT ( $, .RADIAN. ) );
#3943 = VECTOR ( 'NONE', #5338, 1000.000000000000000 ) ;
#3944 = DIRECTION ( 'NONE',  ( 0.000000000000000000, 1.000000000000000000, 0.000000000000000000 ) ) ;
#3945 = CARTESIAN_POINT ( 'NONE',  ( 1.399999999999999911, 2.436067977499789983, 0.9499999999999995115 ) ) ;
#3946 = ORIENTED_EDGE ( 'NONE', *, *, #478, .F. ) ;
#3947 = ORIENTED_EDGE ( 'NONE', *, *, #429, .F. ) ;
#3948 = EDGE_LOOP ( 'NONE', ( #1458, #5778, #2207, #3968 ) ) ;
#3949 = DIRECTION ( 'NONE',  ( 0.7071067811865487940, 0.000000000000000000, -0.7071067811865463515 ) ) ;
#3950 = CARTESIAN_POINT ( 'NONE',  ( 1.399999999999999689, 0.05000000000000000278, -1.699999999999999512 ) ) ;
#3951 = DIRECTION ( 'NONE',  ( 0.000000000000000000, 0.000000000000000000, 1.000000000000000000 ) ) ;
#3952 = EDGE_CURVE ( 'NONE', #1989, #387, #2751, .T. ) ;
#3953 = LINE ( 'NONE', #1030, #3807 ) ;
#3954 = ORIENTED_EDGE ( 'NONE', *, *, #1906, .T. ) ;
#3955 = VECTOR ( 'NONE', #1684, 1000.000000000000000 ) ;
#3956 = CARTESIAN_POINT ( 'NONE',  ( -1.949999999999999734, 0.1000000000000000056, -1.699999999999999512 ) ) ;
#3957 = CARTESIAN_POINT ( 'NONE',  ( -1.500000000000000222, 0.05000000000000000278, 1.699999999999999734 ) ) ;
#3958 = LINE ( 'NONE', #1037, #5271 ) ;
#3959 = ORIENTED_EDGE ( 'NONE', *, *, #2229, .F. ) ;
#3960 = LINE ( 'NONE', #2270, #5699 ) ;
#3961 = CARTESIAN_POINT ( 'NONE',  ( -1.500000000000000444, 0.000000000000000000, -0.3750000000000002220 ) ) ;
#3962 = CARTESIAN_POINT ( 'NONE',  ( -1.999999999999999556, 2.436067977499789983, 0.1500000000000000222 ) ) ;
#3963 = EDGE_CURVE ( 'NONE', #1804, #2615, #469, .T. ) ;
#3964 = ORIENTED_EDGE ( 'NONE', *, *, #5870, .T. ) ;
#3965 = AXIS2_PLACEMENT_3D ( 'NONE', #6747, #2713, #6207 ) ;
#3966 = VECTOR ( 'NONE', #6393, 1000.000000000000000 ) ;
#3967 = CARTESIAN_POINT ( 'NONE',  ( -1.250000000000000000, 0.1000000000000000056, 1.699999999999999734 ) ) ;
#3968 = ORIENTED_EDGE ( 'NONE', *, *, #6797, .F. ) ;
#3969 = MANIFOLD_SOLID_BREP ( 'Cut-Extrude2[9]', #6015 ) ;
#3970 = DIRECTION ( 'NONE',  ( 1.000000000000000000, 0.000000000000000000, 0.000000000000000000 ) ) ;
#3971 = VERTEX_POINT ( 'NONE', #6004 ) ;
#3972 = CARTESIAN_POINT ( 'NONE',  ( -0.7500000000000001110, 0.2000000000000000111, -1.750000000000000444 ) ) ;
#3973 = LINE ( 'NONE', #5145, #609 ) ;
#3974 = ORIENTED_EDGE ( 'NONE', *, *, #4125, .T. ) ;
#3975 = VECTOR ( 'NONE', #5779, 1000.000000000000000 ) ;
#3976 = CARTESIAN_POINT ( 'NONE',  ( -1.500000000000000444, 0.09999999999999982514, -0.6750000000000000444 ) ) ;
#3977 = VECTOR ( 'NONE', #2176, 1000.000000000000000 ) ;
#3978 = CARTESIAN_POINT ( 'NONE',  ( 1.800000000000000266, 0.1000000000000000056, -1.750000000000000444 ) ) ;
#3979 = MANIFOLD_SOLID_BREP ( 'Cut-Extrude2[12]', #4318 ) ;
#3980 = LINE ( 'NONE', #1019, #738 ) ;
#3981 = LINE ( 'NONE', #2969, #3591 ) ;
#3982 = ORIENTED_EDGE ( 'NONE', *, *, #3262, .T. ) ;
#3983 = EDGE_CURVE ( 'NONE', #3200, #6574, #5921, .T. ) ;
#3984 = VERTEX_POINT ( 'NONE', #45 ) ;
#3985 = AXIS2_PLACEMENT_3D ( 'NONE', #4789, #5368, #2546 ) ;
#3986 = VECTOR ( 'NONE', #7612, 1000.000000000000000 ) ;
#3987 = DIRECTION ( 'NONE',  ( 0.000000000000000000, 0.000000000000000000, 1.000000000000000000 ) ) ;
#3988 = PLANE ( 'NONE',  #396 ) ;
#3989 = CARTESIAN_POINT ( 'NONE',  ( -1.000000000000000222, 0.000000000000000000, 1.699999999999999734 ) ) ;
#3990 = CARTESIAN_POINT ( 'NONE',  ( 0.000000000000000000, 0.1000000000000000056, 0.000000000000000000 ) ) ;
#3991 = ORIENTED_EDGE ( 'NONE', *, *, #7422, .T. ) ;
#3992 = ADVANCED_FACE ( 'NONE', ( #621 ), #3507, .F. ) ;
#3993 = EDGE_CURVE ( 'NONE', #4600, #2091, #3472, .T. ) ;
#3994 = FACE_OUTER_BOUND ( 'NONE', #2956, .T. ) ;
#3995 = CARTESIAN_POINT ( 'NONE',  ( 0.2499999999999999445, 0.2000000000000000111, -1.699999999999999512 ) ) ;
#3996 = LINE ( 'NONE', #3884, #6889 ) ;
#3997 = ORIENTED_EDGE ( 'NONE', *, *, #898, .F. ) ;
#3998 = LINE ( 'NONE', #5170, #1619 ) ;
#3999 = CARTESIAN_POINT ( 'NONE',  ( -1.250000000000000222, 0.000000000000000000, -1.250000000000001332 ) ) ;
#4000 = EDGE_CURVE ( 'NONE', #6684, #3377, #7118, .T. ) ;
#4001 = DIRECTION ( 'NONE',  ( 0.000000000000000000, -1.000000000000000000, 0.000000000000000000 ) ) ;
#4002 = ORIENTED_EDGE ( 'NONE', *, *, #132, .T. ) ;
#4003 = ORIENTED_EDGE ( 'NONE', *, *, #4481, .F. ) ;
#4004 = ORIENTED_EDGE ( 'NONE', *, *, #1947, .T. ) ;
#4005 = MANIFOLD_SOLID_BREP ( 'Cut-Extrude2[8]', #3 ) ;
#4006 = CARTESIAN_POINT ( 'NONE',  ( -1.999999999999999556, 0.2000000000000000111, 0.9499999999999990674 ) ) ;
#4007 = ORIENTED_EDGE ( 'NONE', *, *, #6221, .F. ) ;
#4008 = LINE ( 'NONE', #6379, #4828 ) ;
#4009 = CARTESIAN_POINT ( 'NONE',  ( 0.000000000000000000, 0.2000000000000000111, 0.000000000000000000 ) ) ;
#4010 = ORIENTED_EDGE ( 'NONE', *, *, #4840, .T. ) ;
#4011 = CARTESIAN_POINT ( 'NONE',  ( -1.250000000000000222, 0.2000000000000000111, -1.699999999999999512 ) ) ;
#4012 = ADVANCED_FACE ( 'NONE', ( #1975 ), #4718, .T. ) ;
#4013 = LINE ( 'NONE', #5072, #2640 ) ;
#4014 = ADVANCED_FACE ( 'NONE', ( #6657 ), #4990, .T. ) ;
#4015 = DIRECTION ( 'NONE',  ( 0.000000000000000000, -0.000000000000000000, 1.000000000000000000 ) ) ;
#4016 = LINE ( 'NONE', #5658, #4555 ) ;
#4017 = DIRECTION ( 'NONE',  ( -1.000000000000000000, 0.000000000000000000, 0.000000000000000000 ) ) ;
#4018 = CARTESIAN_POINT ( 'NONE',  ( 0.2499999999999999445, 0.04999999999999999584, -0.9500000000000003997 ) ) ;
#4019 = ORIENTED_EDGE ( 'NONE', *, *, #6254, .T. ) ;
#4020 = ORIENTED_EDGE ( 'NONE', *, *, #3628, .F. ) ;
#4021 = CLOSED_SHELL ( 'NONE', ( #36, #3101, #4903, #4406, #5430, #3083, #4793, #5776 ) ) ;
#4022 =( GEOMETRIC_REPRESENTATION_CONTEXT ( 3 ) GLOBAL_UNCERTAINTY_ASSIGNED_CONTEXT ( ( #3792 ) ) GLOBAL_UNIT_ASSIGNED_CONTEXT ( ( #6465, #7158, #5298 ) ) REPRESENTATION_CONTEXT ( 'NONE', 'WORKASPACE' ) );
#4023 = EDGE_CURVE ( 'NONE', #5594, #5602, #6737, .T. ) ;
#4024 = LINE ( 'NONE', #1825, #2981 ) ;
#4025 = LINE ( 'NONE', #6328, #3966 ) ;
#4026 = EDGE_CURVE ( 'NONE', #7087, #3211, #2630, .T. ) ;
#4027 = CARTESIAN_POINT ( 'NONE',  ( -0.5000000000000002220, 0.1000000000000000056, 1.699999999999999734 ) ) ;
#4028 = VECTOR ( 'NONE', #6843, 1000.000000000000000 ) ;
#4029 = ORIENTED_EDGE ( 'NONE', *, *, #1332, .F. ) ;
#4030 = VECTOR ( 'NONE', #5693, 1000.000000000000000 ) ;
#4031 = AXIS2_PLACEMENT_3D ( 'NONE', #2224, #3951, #440 ) ;
#4032 = CARTESIAN_POINT ( 'NONE',  ( -0.7500000000000001110, 0.2000000000000000111, -1.250000000000001332 ) ) ;
#4033 = DIRECTION ( 'NONE',  ( 1.000000000000000000, 0.000000000000000000, 0.000000000000000000 ) ) ;
#4034 = DIRECTION ( 'NONE',  ( 1.000000000000000000, 0.000000000000000000, -1.084202172485505790E-16 ) ) ;
#4035 = ORIENTED_EDGE ( 'NONE', *, *, #5253, .T. ) ;
#4036 = CARTESIAN_POINT ( 'NONE',  ( -1.250000000000000222, 2.436067977499789983, -1.699999999999999512 ) ) ;
#4037 = CARTESIAN_POINT ( 'NONE',  ( 1.800000000000000266, 0.1000000000000000056, 1.699999999999999734 ) ) ;
#4038 = ADVANCED_FACE ( 'NONE', ( #4447 ), #2090, .T. ) ;
#4039 = LINE ( 'NONE', #5136, #3438 ) ;
#4040 = AXIS2_PLACEMENT_3D ( 'NONE', #524, #2868, #7452 ) ;
#4041 = EDGE_CURVE ( 'NONE', #387, #3006, #3818, .T. ) ;
#4042 = VERTEX_POINT ( 'NONE', #783 ) ;
#4043 = ORIENTED_EDGE ( 'NONE', *, *, #6175, .F. ) ;
#4044 = EDGE_LOOP ( 'NONE', ( #2980, #4151, #1729, #7013, #2893, #1797 ) ) ;
#4045 = LINE ( 'NONE', #1693, #2420 ) ;
#4046 = ORIENTED_EDGE ( 'NONE', *, *, #6292, .F. ) ;
#4047 = DIRECTION ( 'NONE',  ( 0.000000000000000000, 0.000000000000000000, 1.000000000000000000 ) ) ;
#4048 = PLANE ( 'NONE',  #366 ) ;
#4049 = ORIENTED_EDGE ( 'NONE', *, *, #3362, .T. ) ;
#4050 = EDGE_CURVE ( 'NONE', #2973, #7072, #4876, .T. ) ;
#4051 = CARTESIAN_POINT ( 'NONE',  ( 1.999999999999999556, 0.2000000000000000111, 0.9499999999999995115 ) ) ;
#4052 = PRESENTATION_STYLE_ASSIGNMENT (( #4676 ) ) ;
#4053 = DIRECTION ( 'NONE',  ( 0.000000000000000000, 1.000000000000000000, 0.000000000000000000 ) ) ;
#4054 = AXIS2_PLACEMENT_3D ( 'NONE', #2155, #4510, #6871 ) ;
#4055 = CARTESIAN_POINT ( 'NONE',  ( -1.500000000000000222, 2.436067977499789983, -1.750000000000000444 ) ) ;
#4056 = DIRECTION ( 'NONE',  ( -1.000000000000000000, 0.000000000000000000, -0.000000000000000000 ) ) ;
#4057 = EDGE_LOOP ( 'NONE', ( #1695, #217, #2112, #4591 ) ) ;
#4058 = VECTOR ( 'NONE', #6189, 1000.000000000000000 ) ;
#4059 = EDGE_CURVE ( 'NONE', #5677, #6151, #4407, .T. ) ;
#4060 = ORIENTED_EDGE ( 'NONE', *, *, #4256, .F. ) ;
#4061 = VECTOR ( 'NONE', #1656, 1000.000000000000000 ) ;
#4062 = VECTOR ( 'NONE', #5610, 1000.000000000000000 ) ;
#4063 = PLANE ( 'NONE',  #6091 ) ;
#4064 = EDGE_CURVE ( 'NONE', #4732, #5957, #235, .T. ) ;
#4065 = AXIS2_PLACEMENT_3D ( 'NONE', #268, #2623, #1503 ) ;
#4066 = DIRECTION ( 'NONE',  ( 1.000000000000000000, 0.000000000000000000, -1.084202172485505790E-16 ) ) ;
#4067 = DIRECTION ( 'NONE',  ( 5.421010862427523156E-16, 0.000000000000000000, -1.000000000000000000 ) ) ;
#4068 = VERTEX_POINT ( 'NONE', #5578 ) ;
#4069 = DIRECTION ( 'NONE',  ( 0.000000000000000000, 0.000000000000000000, 1.000000000000000000 ) ) ;
#4070 = LINE ( 'NONE', #6437, #5461 ) ;
#4071 = CARTESIAN_POINT ( 'NONE',  ( -1.649999999999999467, 0.9000000000000000222, -1.550000000000000488 ) ) ;
#4072 = ORIENTED_EDGE ( 'NONE', *, *, #4576, .T. ) ;
#4073 = LINE ( 'NONE', #6481, #3217 ) ;
#4074 = LINE ( 'NONE', #7493, #5834 ) ;
#4075 = LINE ( 'NONE', #6445, #6795 ) ;
#4076 = AXIS2_PLACEMENT_3D ( 'NONE', #460, #1628, #2811 ) ;
#4077 = ORIENTED_EDGE ( 'NONE', *, *, #1067, .T. ) ;
#4078 = ORIENTED_EDGE ( 'NONE', *, *, #4763, .T. ) ;
#4079 = VERTEX_POINT ( 'NONE', #7387 ) ;
#4080 = MANIFOLD_SOLID_BREP ( 'Cut-Extrude2[7]', #2228 ) ;
#4081 = DIRECTION ( 'NONE',  ( -0.000000000000000000, -0.000000000000000000, 1.000000000000000000 ) ) ;
#4082 = VECTOR ( 'NONE', #3143, 1000.000000000000000 ) ;
#4083 = EDGE_LOOP ( 'NONE', ( #1770, #4003, #5322, #4633 ) ) ;
#4084 = LINE ( 'NONE', #6454, #3830 ) ;
#4085 = DIRECTION ( 'NONE',  ( -0.000000000000000000, -1.000000000000000000, -0.000000000000000000 ) ) ;
#4086 = VERTEX_POINT ( 'NONE', #4287 ) ;
#4087 = VECTOR ( 'NONE', #5558, 1000.000000000000000 ) ;
#4088 = DIRECTION ( 'NONE',  ( 0.000000000000000000, 0.000000000000000000, 1.000000000000000000 ) ) ;
#4089 = ORIENTED_EDGE ( 'NONE', *, *, #4488, .T. ) ;
#4090 = EDGE_CURVE ( 'NONE', #6760, #319, #4912, .T. ) ;
#4091 = DIRECTION ( 'NONE',  ( 0.000000000000000000, 1.000000000000000000, 0.000000000000000000 ) ) ;
#4092 = SURFACE_SIDE_STYLE ('',( #6497 ) ) ;
#4093 = VECTOR ( 'NONE', #4777, 1000.000000000000000 ) ;
#4094 = CIRCLE ( 'NONE', #7069, 0.1499999999999999667 ) ;
#4095 = CARTESIAN_POINT ( 'NONE',  ( -1.500000000000000222, 0.2000000000000000111, -0.1500000000000000222 ) ) ;
#4096 = PLANE ( 'NONE',  #3346 ) ;
#4097 = VERTEX_POINT ( 'NONE', #3855 ) ;
#4098 = EDGE_CURVE ( 'NONE', #5175, #5685, #5065, .T. ) ;
#4099 = VERTEX_POINT ( 'NONE', #2778 ) ;
#4100 = VECTOR ( 'NONE', #7473, 1000.000000000000000 ) ;
#4101 = CARTESIAN_POINT ( 'NONE',  ( -0.5000000000000002220, 0.000000000000000000, 1.699999999999999734 ) ) ;
#4102 = CARTESIAN_POINT ( 'NONE',  ( -1.999999999999999556, 0.2000000000000000944, -0.9499999999999998446 ) ) ;
#4103 = LINE ( 'NONE', #1135, #903 ) ;
#4104 = ADVANCED_FACE ( 'NONE', ( #6237 ), #6270, .F. ) ;
#4105 = VECTOR ( 'NONE', #4645, 1000.000000000000000 ) ;
#4106 = LINE ( 'NONE', #5237, #2705 ) ;
#4107 = ORIENTED_EDGE ( 'NONE', *, *, #506, .F. ) ;
#4108 = EDGE_CURVE ( 'NONE', #2127, #6714, #6346, .T. ) ;
#4109 = ADVANCED_FACE ( 'NONE', ( #4489 ), #6814, .F. ) ;
#4110 = DIRECTION ( 'NONE',  ( 1.000000000000000000, -0.000000000000000000, 0.000000000000000000 ) ) ;
#4111 = DIRECTION ( 'NONE',  ( 1.000000000000000000, 0.000000000000000000, -0.000000000000000000 ) ) ;
#4112 = EDGE_CURVE ( 'NONE', #6208, #4701, #7423, .T. ) ;
#4113 = CARTESIAN_POINT ( 'NONE',  ( -1.500000000000000222, 0.2000000000000000111, 0.9499999999999990674 ) ) ;
#4114 = ORIENTED_EDGE ( 'NONE', *, *, #6534, .F. ) ;
#4115 = VECTOR ( 'NONE', #4790, 1000.000000000000000 ) ;
#4116 = CARTESIAN_POINT ( 'NONE',  ( -1.999999999999999556, 2.436067977499789983, -0.6750000000000000444 ) ) ;
#4117 = DIRECTION ( 'NONE',  ( -1.000000000000000000, 0.000000000000000000, 0.000000000000000000 ) ) ;
#4118 = CARTESIAN_POINT ( 'NONE',  ( -1.999999999999999556, 0.2000000000000000944, 1.349999999999999201 ) ) ;
#4119 = ORIENTED_EDGE ( 'NONE', *, *, #5528, .F. ) ;
#4120 = ORIENTED_EDGE ( 'NONE', *, *, #3720, .T. ) ;
#4121 = VERTEX_POINT ( 'NONE', #1048 ) ;
#4122 = CARTESIAN_POINT ( 'NONE',  ( -1.000000000000000222, 0.2000000000000000111, -1.250000000000001332 ) ) ;
#4123 = ORIENTED_EDGE ( 'NONE', *, *, #3536, .T. ) ;
#4124 = CARTESIAN_POINT ( 'NONE',  ( -1.500000000000000444, 0.2000000000000000944, -0.3750000000000002220 ) ) ;
#4125 = EDGE_CURVE ( 'NONE', #4696, #3569, #6886, .T. ) ;
#4126 = CARTESIAN_POINT ( 'NONE',  ( 1.999999999999999556, 2.436067977499789983, -0.9500000000000003997 ) ) ;
#4127 = ORIENTED_EDGE ( 'NONE', *, *, #5273, .F. ) ;
#4128 = FILL_AREA_STYLE_COLOUR ( '', #6400 ) ;
#4129 = LINE ( 'NONE', #3541, #6109 ) ;
#4130 = EDGE_LOOP ( 'NONE', ( #5002, #6120, #4342, #3107 ) ) ;
#4131 = CARTESIAN_POINT ( 'NONE',  ( 1.949999999999999734, 2.436067977499789983, -0.9500000000000003997 ) ) ;
#4132 = FILL_AREA_STYLE_COLOUR ( '', #4175 ) ;
#4133 = CARTESIAN_POINT ( 'NONE',  ( -1.000000000000000222, 0.05000000000000000278, 0.000000000000000000 ) ) ;
#4134 = DIRECTION ( 'NONE',  ( -1.000000000000000000, 0.000000000000000000, 0.000000000000000000 ) ) ;
#4135 = CARTESIAN_POINT ( 'NONE',  ( -1.000000000000000222, 0.1000000000000000056, 1.749999999999999556 ) ) ;
#4136 = ORIENTED_EDGE ( 'NONE', *, *, #390, .T. ) ;
#4137 = EDGE_CURVE ( 'NONE', #2495, #3797, #6965, .T. ) ;
#4138 = EDGE_CURVE ( 'NONE', #1484, #210, #2279, .T. ) ;
#4139 = VERTEX_POINT ( 'NONE', #3386 ) ;
#4140 = EDGE_CURVE ( 'NONE', #3890, #11, #5218, .T. ) ;
#4141 = CARTESIAN_POINT ( 'NONE',  ( -1.649999999999999467, 1.000000000000000000, -1.400000000000000355 ) ) ;
#4142 = DIRECTION ( 'NONE',  ( 1.000000000000000000, 0.000000000000000000, -2.168404344971012566E-16 ) ) ;
#4143 = EDGE_CURVE ( 'NONE', #7294, #809, #2701, .T. ) ;
#4144 = PLANE ( 'NONE',  #2220 ) ;
#4145 = ORIENTED_EDGE ( 'NONE', *, *, #5371, .F. ) ;
#4146 = VERTEX_POINT ( 'NONE', #1625 ) ;
#4147 = LINE ( 'NONE', #677, #94 ) ;
#4148 = FACE_OUTER_BOUND ( 'NONE', #4044, .T. ) ;
#4149 = VECTOR ( 'NONE', #7639, 1000.000000000000000 ) ;
#4150 = CARTESIAN_POINT ( 'NONE',  ( -0.5000000000000001110, 0.05000000000000000278, 1.250000000000000444 ) ) ;
#4151 = ORIENTED_EDGE ( 'NONE', *, *, #6223, .F. ) ;
#4152 = PLANE ( 'NONE',  #5203 ) ;
#4153 = CARTESIAN_POINT ( 'NONE',  ( -1.949999999999999734, 0.1000000000000000056, -1.699999999999999512 ) ) ;
#4154 = CARTESIAN_POINT ( 'NONE',  ( 1.399999999999999911, 2.436067977499789983, -0.9500000000000002887 ) ) ;
#4155 = ADVANCED_FACE ( 'NONE', ( #5106 ), #347, .F. ) ;
#4156 = VECTOR ( 'NONE', #3104, 1000.000000000000000 ) ;
#4157 = ORIENTED_EDGE ( 'NONE', *, *, #1596, .T. ) ;
#4158 = ORIENTED_EDGE ( 'NONE', *, *, #3899, .T. ) ;
#4159 = AXIS2_PLACEMENT_3D ( 'NONE', #7351, #4494, #1518 ) ;
#4160 = ORIENTED_EDGE ( 'NONE', *, *, #1383, .T. ) ;
#4161 = LINE ( 'NONE', #6527, #2909 ) ;
#4162 = ORIENTED_EDGE ( 'NONE', *, *, #5989, .F. ) ;
#4163 = DIRECTION ( 'NONE',  ( 1.000000000000000000, 0.000000000000000000, 0.000000000000000000 ) ) ;
#4164 = VECTOR ( 'NONE', #237, 1000.000000000000000 ) ;
#4165 = DIRECTION ( 'NONE',  ( 0.000000000000000000, 0.000000000000000000, 1.000000000000000000 ) ) ;
#4166 = VERTEX_POINT ( 'NONE', #2809 ) ;
#4167 = LINE ( 'NONE', #6652, #662 ) ;
#4168 = EDGE_CURVE ( 'NONE', #647, #5401, #3932, .T. ) ;
#4169 = DIRECTION ( 'NONE',  ( 0.000000000000000000, 1.000000000000000000, 0.000000000000000000 ) ) ;
#4170 = VERTEX_POINT ( 'NONE', #1009 ) ;
#4171 = SURFACE_SIDE_STYLE ('',( #1816 ) ) ;
#4172 = CARTESIAN_POINT ( 'NONE',  ( 1.800000000000000266, 0.09999999999999982514, 1.749999999999999556 ) ) ;
#4173 = DIRECTION ( 'NONE',  ( 1.000000000000000000, 0.000000000000000000, 0.000000000000000000 ) ) ;
#4174 = CARTESIAN_POINT ( 'NONE',  ( -0.7500000000000001110, 2.436067977499789983, 1.749999999999999556 ) ) ;
#4175 = COLOUR_RGB ( '',0.7921568627450980005, 0.8196078431372548767, 0.9333333333333333481 ) ;
#4176 = CARTESIAN_POINT ( 'NONE',  ( -1.850000000000000311, 2.436067977499789983, 1.349999999999999201 ) ) ;
#4177 = VERTEX_POINT ( 'NONE', #3420 ) ;
#4178 = EDGE_LOOP ( 'NONE', ( #1366, #454, #4745, #4827 ) ) ;
#4179 = MECHANICAL_DESIGN_GEOMETRIC_PRESENTATION_REPRESENTATION (  '', ( #3186 ), #4022 ) ;
#4180 = CARTESIAN_POINT ( 'NONE',  ( 0.000000000000000000, 0.2000000000000000111, 0.000000000000000000 ) ) ;
#4181 = FACE_OUTER_BOUND ( 'NONE', #2545, .T. ) ;
#4182 = DIRECTION ( 'NONE',  ( -0.000000000000000000, -0.000000000000000000, -1.000000000000000000 ) ) ;
#4183 = ORIENTED_EDGE ( 'NONE', *, *, #3258, .F. ) ;
#4184 = VECTOR ( 'NONE', #1872, 1000.000000000000000 ) ;
#4185 = ORIENTED_EDGE ( 'NONE', *, *, #389, .F. ) ;
#4186 = VECTOR ( 'NONE', #2884, 1000.000000000000000 ) ;
#4187 = CARTESIAN_POINT ( 'NONE',  ( 1.399999999999999911, 0.05000000000000000278, 0.000000000000000000 ) ) ;
#4188 = ADVANCED_FACE ( 'NONE', ( #3273 ), #5140, .F. ) ;
#4189 = PLANE ( 'NONE',  #6440 ) ;
#4190 = VECTOR ( 'NONE', #4017, 1000.000000000000000 ) ;
#4191 = CARTESIAN_POINT ( 'NONE',  ( 1.399999999999999911, 0.1000000000000000056, -1.699999999999999512 ) ) ;
#4192 = EDGE_LOOP ( 'NONE', ( #5169, #6249, #1187, #4934 ) ) ;
#4193 = CARTESIAN_POINT ( 'NONE',  ( -1.700000000000001066, 0.000000000000000000, -0.9499999999999998446 ) ) ;
#4194 = CARTESIAN_POINT ( 'NONE',  ( -0.7500000000000001110, 0.1000000000000000056, 1.250000000000000444 ) ) ;
#4195 = CARTESIAN_POINT ( 'NONE',  ( -1.000000000000000222, 0.000000000000000000, -1.250000000000001332 ) ) ;
#4196 = ORIENTED_EDGE ( 'NONE', *, *, #7607, .T. ) ;
#4197 = ORIENTED_EDGE ( 'NONE', *, *, #5032, .F. ) ;
#4198 = ORIENTED_EDGE ( 'NONE', *, *, #2322, .F. ) ;
#4199 = LINE ( 'NONE', #608, #6758 ) ;
#4200 = ORIENTED_EDGE ( 'NONE', *, *, #5755, .F. ) ;
#4201 = DIRECTION ( 'NONE',  ( -0.000000000000000000, 0.000000000000000000, 1.000000000000000000 ) ) ;
#4202 = EDGE_CURVE ( 'NONE', #3651, #4881, #1083, .T. ) ;
#4203 = DIRECTION ( 'NONE',  ( 0.000000000000000000, 0.000000000000000000, -1.000000000000000000 ) ) ;
#4204 = ORIENTED_EDGE ( 'NONE', *, *, #2877, .T. ) ;
#4205 = VECTOR ( 'NONE', #6990, 1000.000000000000000 ) ;
#4206 = CARTESIAN_POINT ( 'NONE',  ( 0.000000000000000000, 0.05000000000000000278, -1.250000000000001332 ) ) ;
#4207 = DIRECTION ( 'NONE',  ( -1.000000000000000000, 0.000000000000000000, 0.000000000000000000 ) ) ;
#4208 = ORIENTED_EDGE ( 'NONE', *, *, #1943, .T. ) ;
#4209 = AXIS2_PLACEMENT_3D ( 'NONE', #643, #5355, #7063 ) ;
#4210 = DIRECTION ( 'NONE',  ( 0.000000000000000000, 0.000000000000000000, -1.000000000000000000 ) ) ;
#4211 = CARTESIAN_POINT ( 'NONE',  ( -1.999999999999999556, 0.1000000000000000056, -1.350000000000000089 ) ) ;
#4212 = CARTESIAN_POINT ( 'NONE',  ( -1.500000000000000444, 0.2000000000000000944, 0.3749999999999993339 ) ) ;
#4213 = DIRECTION ( 'NONE',  ( -0.000000000000000000, -1.000000000000000000, -0.000000000000000000 ) ) ;
#4214 = ORIENTED_EDGE ( 'NONE', *, *, #2186, .F. ) ;
#4215 = VERTEX_POINT ( 'NONE', #2206 ) ;
#4216 = AXIS2_PLACEMENT_3D ( 'NONE', #511, #10, #5229 ) ;
#4217 = VECTOR ( 'NONE', #5013, 1000.000000000000000 ) ;
#4218 = LINE ( 'NONE', #6428, #7316 ) ;
#4219 = LINE ( 'NONE', #5427, #3821 ) ;
#4220 = CARTESIAN_POINT ( 'NONE',  ( -1.850000000000000311, 0.2000000000000000111, 1.349999999999999201 ) ) ;
#4221 = EDGE_CURVE ( 'NONE', #7548, #4215, #4557, .T. ) ;
#4222 = ORIENTED_EDGE ( 'NONE', *, *, #1168, .T. ) ;
#4223 = AXIS2_PLACEMENT_3D ( 'NONE', #988, #517, #6833 ) ;
#4224 = ORIENTED_EDGE ( 'NONE', *, *, #6081, .F. ) ;
#4225 = ORIENTED_EDGE ( 'NONE', *, *, #4466, .T. ) ;
#4226 = PLANE ( 'NONE',  #6706 ) ;
#4227 = VECTOR ( 'NONE', #2250, 1000.000000000000000 ) ;
#4228 = PLANE ( 'NONE',  #7061 ) ;
#4229 = CARTESIAN_POINT ( 'NONE',  ( -1.500000000000000444, 2.436067977499789983, -0.6750000000000000444 ) ) ;
#4230 = EDGE_LOOP ( 'NONE', ( #5510, #7478, #4249, #5008, #3294, #6368 ) ) ;
#4231 = CARTESIAN_POINT ( 'NONE',  ( -1.250000000000000222, 0.2000000000000000111, 1.749999999999998890 ) ) ;
#4232 = DIRECTION ( 'NONE',  ( 0.000000000000000000, -1.000000000000000000, 0.000000000000000000 ) ) ;
#4233 = EDGE_CURVE ( 'NONE', #420, #6789, #2242, .T. ) ;
#4234 = EDGE_CURVE ( 'NONE', #1832, #1648, #4634, .T. ) ;
#4235 = ORIENTED_EDGE ( 'NONE', *, *, #2971, .F. ) ;
#4236 = ORIENTED_EDGE ( 'NONE', *, *, #1402, .F. ) ;
#4237 = STYLED_ITEM ( 'NONE', ( #4602 ), #1500 ) ;
#4238 = ORIENTED_EDGE ( 'NONE', *, *, #5913, .F. ) ;
#4239 = VECTOR ( 'NONE', #1314, 1000.000000000000000 ) ;
#4240 = LINE ( 'NONE', #4361, #3908 ) ;
#4241 = EDGE_CURVE ( 'NONE', #4701, #1353, #568, .T. ) ;
#4242 = ORIENTED_EDGE ( 'NONE', *, *, #3707, .F. ) ;
#4243 = LINE ( 'NONE', #1310, #629 ) ;
#4244 = DIRECTION ( 'NONE',  ( 0.000000000000000000, -0.000000000000000000, -1.000000000000000000 ) ) ;
#4245 = ORIENTED_EDGE ( 'NONE', *, *, #6284, .F. ) ;
#4246 = CARTESIAN_POINT ( 'NONE',  ( -1.649999999999999467, 1.000000000000000000, -1.400000000000000355 ) ) ;
#4247 = VECTOR ( 'NONE', #5176, 1000.000000000000000 ) ;
#4248 = CARTESIAN_POINT ( 'NONE',  ( 0.6500000000000000222, 0.1000000000000000056, -0.9500000000000003997 ) ) ;
#4249 = ORIENTED_EDGE ( 'NONE', *, *, #1328, .F. ) ;
#4250 = PLANE ( 'NONE',  #7254 ) ;
#4251 = DIRECTION ( 'NONE',  ( -0.000000000000000000, -0.000000000000000000, -1.000000000000000000 ) ) ;
#4252 = LINE ( 'NONE', #5503, #4937 ) ;
#4253 = LINE ( 'NONE', #667, #5959 ) ;
#4254 = EDGE_CURVE ( 'NONE', #402, #3530, #2913, .T. ) ;
#4255 = EDGE_LOOP ( 'NONE', ( #5662, #3197, #6446, #3946 ) ) ;
#4256 = EDGE_CURVE ( 'NONE', #252, #57, #4045, .T. ) ;
#4257 = DIRECTION ( 'NONE',  ( -2.168404344971008474E-15, 0.000000000000000000, -1.000000000000000000 ) ) ;
#4258 = LINE ( 'NONE', #4847, #6911 ) ;
#4259 = CARTESIAN_POINT ( 'NONE',  ( -1.000000000000000222, 0.09999999999999982514, 1.250000000000000444 ) ) ;
#4260 = VERTEX_POINT ( 'NONE', #2996 ) ;
#4261 = ORIENTED_EDGE ( 'NONE', *, *, #1511, .T. ) ;
#4262 = EDGE_CURVE ( 'NONE', #4585, #2525, #3159, .T. ) ;
#4263 = EDGE_LOOP ( 'NONE', ( #7388, #1395, #5305, #3731, #4462, #7165 ) ) ;
#4264 = LINE ( 'NONE', #5474, #403 ) ;
#4265 = CARTESIAN_POINT ( 'NONE',  ( 1.949999999999999734, 0.1000000000000000056, 1.349999999999999423 ) ) ;
#4266 = FACE_OUTER_BOUND ( 'NONE', #5358, .T. ) ;
#4267 = ORIENTED_EDGE ( 'NONE', *, *, #4453, .F. ) ;
#4268 = DIRECTION ( 'NONE',  ( 0.000000000000000000, 0.000000000000000000, 1.000000000000000000 ) ) ;
#4269 = LINE ( 'NONE', #1303, #5803 ) ;
#4270 = ORIENTED_EDGE ( 'NONE', *, *, #4572, .T. ) ;
#4271 = ORIENTED_EDGE ( 'NONE', *, *, #7579, .T. ) ;
#4272 = VECTOR ( 'NONE', #5688, 1000.000000000000000 ) ;
#4273 = ORIENTED_EDGE ( 'NONE', *, *, #3455, .F. ) ;
#4274 = DIRECTION ( 'NONE',  ( 0.000000000000000000, -1.000000000000000000, 0.000000000000000000 ) ) ;
#4275 = EDGE_CURVE ( 'NONE', #3607, #6286, #4666, .T. ) ;
#4276 = ORIENTED_EDGE ( 'NONE', *, *, #4140, .F. ) ;
#4277 = DIRECTION ( 'NONE',  ( -0.000000000000000000, 0.000000000000000000, 1.000000000000000000 ) ) ;
#4278 = DIRECTION ( 'NONE',  ( 1.000000000000000000, 0.000000000000000000, -0.000000000000000000 ) ) ;
#4279 = ORIENTED_EDGE ( 'NONE', *, *, #7488, .T. ) ;
#4280 = EDGE_CURVE ( 'NONE', #7191, #3223, #1189, .T. ) ;
#4281 = PLANE ( 'NONE',  #3985 ) ;
#4282 = VECTOR ( 'NONE', #7101, 1000.000000000000000 ) ;
#4283 = STYLED_ITEM ( 'NONE', ( #5463 ), #1334 ) ;
#4284 = LINE ( 'NONE', #5612, #5736 ) ;
#4285 = ORIENTED_EDGE ( 'NONE', *, *, #5637, .F. ) ;
#4286 = VECTOR ( 'NONE', #1418, 1000.000000000000000 ) ;
#4287 = CARTESIAN_POINT ( 'NONE',  ( -0.7500000000000000000, 0.000000000000000000, -1.699999999999999512 ) ) ;
#4288 = EDGE_CURVE ( 'NONE', #50, #3372, #3033, .T. ) ;
#4289 = DIRECTION ( 'NONE',  ( 0.000000000000000000, 0.000000000000000000, 1.000000000000000000 ) ) ;
#4290 = DIRECTION ( 'NONE',  ( -1.000000000000000000, 0.000000000000000000, 0.000000000000000000 ) ) ;
#4291 = CARTESIAN_POINT ( 'NONE',  ( 0.000000000000000000, 0.05000000000000000278, -1.699999999999999512 ) ) ;
#4292 = CARTESIAN_POINT ( 'NONE',  ( 1.399999999999999911, 0.1000000000000000056, -0.9500000000000002887 ) ) ;
#4293 = ORIENTED_EDGE ( 'NONE', *, *, #6000, .F. ) ;
#4294 = FACE_OUTER_BOUND ( 'NONE', #1197, .T. ) ;
#4295 = PRESENTATION_STYLE_ASSIGNMENT (( #4378 ) ) ;
#4296 = LINE ( 'NONE', #3095, #242 ) ;
#4297 = ADVANCED_FACE ( 'NONE', ( #3572 ), #2422, .T. ) ;
#4298 = EDGE_LOOP ( 'NONE', ( #3137, #5552, #4870, #1301 ) ) ;
#4299 = ORIENTED_EDGE ( 'NONE', *, *, #4108, .F. ) ;
#4300 = AXIS2_PLACEMENT_3D ( 'NONE', #2, #464, #1120 ) ;
#4301 = MECHANICAL_DESIGN_GEOMETRIC_PRESENTATION_REPRESENTATION (  '', ( #356 ), #5917 ) ;
#4302 = EDGE_CURVE ( 'NONE', #7230, #6238, #5405, .T. ) ;
#4303 = ORIENTED_EDGE ( 'NONE', *, *, #2948, .T. ) ;
#4304 = DIRECTION ( 'NONE',  ( 1.000000000000000000, 0.000000000000000000, 0.000000000000000000 ) ) ;
#4305 = FACE_OUTER_BOUND ( 'NONE', #6672, .T. ) ;
#4306 = DIRECTION ( 'NONE',  ( 1.000000000000000000, 0.000000000000000000, -0.000000000000000000 ) ) ;
#4307 = ORIENTED_EDGE ( 'NONE', *, *, #5114, .T. ) ;
#4308 = CARTESIAN_POINT ( 'NONE',  ( -1.649999999999999467, 1.000000000000000000, -1.550000000000000488 ) ) ;
#4309 = VECTOR ( 'NONE', #2254, 1000.000000000000000 ) ;
#4310 = LINE ( 'NONE', #3109, #7531 ) ;
#4311 = VECTOR ( 'NONE', #6455, 1000.000000000000000 ) ;
#4312 = ORIENTED_EDGE ( 'NONE', *, *, #4456, .T. ) ;
#4313 = ORIENTED_EDGE ( 'NONE', *, *, #2534, .F. ) ;
#4314 = VECTOR ( 'NONE', #4001, 1000.000000000000000 ) ;
#4315 = ORIENTED_EDGE ( 'NONE', *, *, #868, .F. ) ;
#4316 = CARTESIAN_POINT ( 'NONE',  ( -1.949999999999999734, 0.1000000000000000056, -1.699999999999999512 ) ) ;
#4317 = DIRECTION ( 'NONE',  ( 5.421010862427523156E-16, 0.000000000000000000, -1.000000000000000000 ) ) ;
#4318 = CLOSED_SHELL ( 'NONE', ( #457, #1032, #6926, #1957, #6094, #6992, #5296, #1618, #5019, #7226, #5818, #992 ) ) ;
#4319 = ORIENTED_EDGE ( 'NONE', *, *, #1141, .T. ) ;
#4320 = CARTESIAN_POINT ( 'NONE',  ( -1.500000000000000444, 0.2000000000000000111, -0.6750000000000000444 ) ) ;
#4321 = DIRECTION ( 'NONE',  ( 1.000000000000000000, 0.000000000000000000, -0.000000000000000000 ) ) ;
#4322 = ORIENTED_EDGE ( 'NONE', *, *, #1472, .F. ) ;
#4323 = LINE ( 'NONE', #3004, #2461 ) ;
#4324 = PLANE ( 'NONE',  #3373 ) ;
#4325 = ORIENTED_EDGE ( 'NONE', *, *, #6662, .T. ) ;
#4326 = DIRECTION ( 'NONE',  ( -2.168404344971012566E-16, 0.000000000000000000, 1.000000000000000000 ) ) ;
#4327 = PLANE ( 'NONE',  #5538 ) ;
#4328 = CARTESIAN_POINT ( 'NONE',  ( -0.7500000000000001110, 2.436067977499789983, -1.250000000000001332 ) ) ;
#4329 = DIRECTION ( 'NONE',  ( 0.000000000000000000, 0.000000000000000000, 1.000000000000000000 ) ) ;
#4330 = EDGE_CURVE ( 'NONE', #11, #3750, #3460, .T. ) ;
#4331 = ORIENTED_EDGE ( 'NONE', *, *, #5756, .T. ) ;
#4332 = EDGE_CURVE ( 'NONE', #3510, #5793, #537, .T. ) ;
#4333 = VECTOR ( 'NONE', #388, 1000.000000000000000 ) ;
#4334 = CARTESIAN_POINT ( 'NONE',  ( -1.700000000000001066, 0.2000000000000000111, -0.9499999999999998446 ) ) ;
#4335 = ADVANCED_FACE ( 'NONE', ( #4704 ), #1771, .F. ) ;
#4336 = PLANE ( 'NONE',  #3679 ) ;
#4337 = LINE ( 'NONE', #6710, #5087 ) ;
#4338 = EDGE_LOOP ( 'NONE', ( #7532, #541, #6512, #4285 ) ) ;
#4339 = AXIS2_PLACEMENT_3D ( 'NONE', #3906, #2675, #4458 ) ;
#4340 = VERTEX_POINT ( 'NONE', #650 ) ;
#4341 = VECTOR ( 'NONE', #6953, 1000.000000000000000 ) ;
#4342 = ORIENTED_EDGE ( 'NONE', *, *, #2179, .T. ) ;
#4343 = UNCERTAINTY_MEASURE_WITH_UNIT (LENGTH_MEASURE( 1.000000000000000082E-05 ), #74, 'distance_accuracy_value', 'NONE');
#4344 = CARTESIAN_POINT ( 'NONE',  ( 0.2499999999999999445, 2.436067977499789983, 0.9499999999999995115 ) ) ;
#4345 = CARTESIAN_POINT ( 'NONE',  ( 2.000000000000000444, 0.1000000000000000056, -0.9500000000000005107 ) ) ;
#4346 = DIRECTION ( 'NONE',  ( 1.000000000000000000, 0.000000000000000000, -1.355252715606880296E-16 ) ) ;
#4347 = VECTOR ( 'NONE', #3949, 1000.000000000000000 ) ;
#4348 = ORIENTED_EDGE ( 'NONE', *, *, #4000, .F. ) ;
#4349 = CARTESIAN_POINT ( 'NONE',  ( 0.000000000000000000, 0.05000000000000000278, -1.350000000000000089 ) ) ;
#4350 = EDGE_CURVE ( 'NONE', #4863, #5272, #7034, .T. ) ;
#4351 = EDGE_CURVE ( 'NONE', #6073, #4849, #4199, .T. ) ;
#4352 = ADVANCED_BREP_SHAPE_REPRESENTATION ( 'LM61460AANRJRR', ( #3865, #1387, #1334, #3854, #1441, #4080, #4005, #3969, #1427, #3879, #3979, #1500, #3930, #6507, #6429, #6404, #5239 ), #7095 ) ;
#4353 = ORIENTED_EDGE ( 'NONE', *, *, #3018, .T. ) ;
#4354 = ORIENTED_EDGE ( 'NONE', *, *, #4624, .F. ) ;
#4355 = AXIS2_PLACEMENT_3D ( 'NONE', #2359, #5810, #5373 ) ;
#4356 = EDGE_CURVE ( 'NONE', #3423, #4509, #1731, .T. ) ;
#4357 = ORIENTED_EDGE ( 'NONE', *, *, #230, .F. ) ;
#4358 = DIRECTION ( 'NONE',  ( 1.000000000000000000, 0.000000000000000000, -0.000000000000000000 ) ) ;
#4359 = EDGE_CURVE ( 'NONE', #1342, #2291, #6452, .T. ) ;
#4360 = CARTESIAN_POINT ( 'NONE',  ( 0.2500000000000000000, 0.1000000000000000056, 1.699999999999999734 ) ) ;
#4361 = CARTESIAN_POINT ( 'NONE',  ( 0.2499999999999999445, 2.436067977499789983, -1.699999999999999512 ) ) ;
#4362 = ORIENTED_EDGE ( 'NONE', *, *, #6893, .T. ) ;
#4363 = CARTESIAN_POINT ( 'NONE',  ( 1.399999999999999911, 0.2000000000000000944, -1.750000000000000444 ) ) ;
#4364 = LINE ( 'NONE', #5644, #6799 ) ;
#4365 = VERTEX_POINT ( 'NONE', #3611 ) ;
#4366 = PLANE ( 'NONE',  #6964 ) ;
#4367 = LINE ( 'NONE', #6735, #6726 ) ;
#4368 = ORIENTED_EDGE ( 'NONE', *, *, #5342, .F. ) ;
#4369 = EDGE_CURVE ( 'NONE', #2663, #6768, #4748, .T. ) ;
#4370 = FILL_AREA_STYLE_COLOUR ( '', #3645 ) ;
#4371 = ORIENTED_EDGE ( 'NONE', *, *, #7380, .F. ) ;
#4372 = CARTESIAN_POINT ( 'NONE',  ( 0.2499999999999999445, 0.09999999999999982514, 0.9499999999999995115 ) ) ;
#4373 = CARTESIAN_POINT ( 'NONE',  ( -1.999999999999999556, 2.436067977499789983, 0.9499999999999990674 ) ) ;
#4374 = CARTESIAN_POINT ( 'NONE',  ( -1.250000000000000222, 2.436067977499789983, -1.250000000000001332 ) ) ;
#4375 = VECTOR ( 'NONE', #1469, 1000.000000000000000 ) ;
#4376 = PLANE ( 'NONE',  #4159 ) ;
#4377 = CARTESIAN_POINT ( 'NONE',  ( -1.999999999999999556, 0.2000000000000000111, 0.9499999999999990674 ) ) ;
#4378 = SURFACE_STYLE_USAGE ( .BOTH. , #6708 ) ;
#4379 = EDGE_CURVE ( 'NONE', #4431, #4976, #4161, .T. ) ;
#4380 = ADVANCED_FACE ( 'NONE', ( #1963 ), #3073, .T. ) ;
#4381 = CARTESIAN_POINT ( 'NONE',  ( -1.999999999999999556, 2.436067977499789983, 1.349999999999999201 ) ) ;
#4382 = FACE_OUTER_BOUND ( 'NONE', #3417, .T. ) ;
#4383 = EDGE_LOOP ( 'NONE', ( #4200, #6375, #4671, #4874 ) ) ;
#4384 = ORIENTED_EDGE ( 'NONE', *, *, #3355, .F. ) ;
#4385 = ORIENTED_EDGE ( 'NONE', *, *, #1973, .F. ) ;
#4386 = DIRECTION ( 'NONE',  ( 0.000000000000000000, 0.000000000000000000, -1.000000000000000000 ) ) ;
#4387 = CARTESIAN_POINT ( 'NONE',  ( 0.6500000000000000222, 0.05000000000000000278, -1.699999999999999512 ) ) ;
#4388 = DIRECTION ( 'NONE',  ( 0.000000000000000000, -0.000000000000000000, 1.000000000000000000 ) ) ;
#4389 = ORIENTED_EDGE ( 'NONE', *, *, #3686, .F. ) ;
#4390 = PLANE ( 'NONE',  #2243 ) ;
#4391 = EDGE_LOOP ( 'NONE', ( #1921, #2423, #5180, #2878 ) ) ;
#4392 = ORIENTED_EDGE ( 'NONE', *, *, #1827, .F. ) ;
#4393 = ORIENTED_EDGE ( 'NONE', *, *, #3131, .T. ) ;
#4394 = FACE_OUTER_BOUND ( 'NONE', #1450, .T. ) ;
#4395 = LINE ( 'NONE', #2082, #6225 ) ;
#4396 = CARTESIAN_POINT ( 'NONE',  ( -1.949999999999999734, 2.436067977499789983, 1.349999999999999201 ) ) ;
#4397 = ORIENTED_EDGE ( 'NONE', *, *, #5069, .F. ) ;
#4398 = DIRECTION ( 'NONE',  ( 0.000000000000000000, 1.000000000000000000, -0.000000000000000000 ) ) ;
#4399 = CARTESIAN_POINT ( 'NONE',  ( 2.000000000000000444, 0.1000000000000000056, 1.749999999999999556 ) ) ;
#4400 = EDGE_LOOP ( 'NONE', ( #103, #3446, #3809, #2379 ) ) ;
#4401 = ADVANCED_FACE ( 'NONE', ( #4899 ), #2503, .F. ) ;
#4402 = DIRECTION ( 'NONE',  ( -1.000000000000000000, 0.000000000000000000, 0.000000000000000000 ) ) ;
#4403 = VECTOR ( 'NONE', #105, 1000.000000000000000 ) ;
#4404 = LINE ( 'NONE', #6771, #4375 ) ;
#4405 = ORIENTED_EDGE ( 'NONE', *, *, #1328, .T. ) ;
#4406 = ADVANCED_FACE ( 'NONE', ( #7186 ), #3764, .F. ) ;
#4407 = LINE ( 'NONE', #5025, #208 ) ;
#4408 = ORIENTED_EDGE ( 'NONE', *, *, #1710, .F. ) ;
#4409 = CARTESIAN_POINT ( 'NONE',  ( 0.000000000000000000, 0.000000000000000000, 0.000000000000000000 ) ) ;
#4410 = VECTOR ( 'NONE', #5363, 1000.000000000000000 ) ;
#4411 = CARTESIAN_POINT ( 'NONE',  ( -1.649999999999999467, 0.9000000000000000222, -1.250000000000000444 ) ) ;
#4412 = DIRECTION ( 'NONE',  ( 0.000000000000000000, -0.000000000000000000, -1.000000000000000000 ) ) ;
#4413 = ORIENTED_EDGE ( 'NONE', *, *, #2060, .F. ) ;
#4414 = VECTOR ( 'NONE', #1610, 1000.000000000000000 ) ;
#4415 = PLANE ( 'NONE',  #2631 ) ;
#4416 =( NAMED_UNIT ( * ) SI_UNIT ( $, .STERADIAN. ) SOLID_ANGLE_UNIT ( ) );
#4417 = CARTESIAN_POINT ( 'NONE',  ( -0.5000000000000001110, 0.2000000000000000111, -1.250000000000001332 ) ) ;
#4418 = VECTOR ( 'NONE', #1142, 1000.000000000000000 ) ;
#4419 = LINE ( 'NONE', #2217, #4712 ) ;
#4420 = ORIENTED_EDGE ( 'NONE', *, *, #5404, .T. ) ;
#4421 = ORIENTED_EDGE ( 'NONE', *, *, #2859, .T. ) ;
#4422 = ORIENTED_EDGE ( 'NONE', *, *, #6443, .T. ) ;
#4423 = DIRECTION ( 'NONE',  ( -0.000000000000000000, -1.000000000000000000, -0.000000000000000000 ) ) ;
#4424 = LINE ( 'NONE', #2569, #4087 ) ;
#4425 = CARTESIAN_POINT ( 'NONE',  ( 1.999999999999999556, 0.2000000000000000111, -0.9500000000000003997 ) ) ;
#4426 = VERTEX_POINT ( 'NONE', #7225 ) ;
#4427 = CARTESIAN_POINT ( 'NONE',  ( -0.7500000000000001110, 0.2000000000000000944, -1.250000000000001332 ) ) ;
#4428 =( GEOMETRIC_REPRESENTATION_CONTEXT ( 3 ) GLOBAL_UNCERTAINTY_ASSIGNED_CONTEXT ( ( #3255 ) ) GLOBAL_UNIT_ASSIGNED_CONTEXT ( ( #6899, #2143, #4497 ) ) REPRESENTATION_CONTEXT ( 'NONE', 'WORKASPACE' ) );
#4429 = ORIENTED_EDGE ( 'NONE', *, *, #1136, .F. ) ;
#4430 = EDGE_CURVE ( 'NONE', #2466, #3651, #6147, .T. ) ;
#4431 = VERTEX_POINT ( 'NONE', #1386 ) ;
#4432 = LINE ( 'NONE', #6687, #3227 ) ;
#4433 = DIRECTION ( 'NONE',  ( -1.000000000000000000, 0.000000000000000000, 0.000000000000000000 ) ) ;
#4434 = VECTOR ( 'NONE', #357, 1000.000000000000000 ) ;
#4435 = LINE ( 'NONE', #3339, #7372 ) ;
#4436 = ORIENTED_EDGE ( 'NONE', *, *, #7027, .F. ) ;
#4437 = LINE ( 'NONE', #4320, #386 ) ;
#4438 = DIRECTION ( 'NONE',  ( -1.000000000000000000, 0.000000000000000000, 0.000000000000000000 ) ) ;
#4439 = EDGE_CURVE ( 'NONE', #1381, #1225, #6186, .T. ) ;
#4440 = PLANE ( 'NONE',  #6417 ) ;
#4441 = AXIS2_PLACEMENT_3D ( 'NONE', #4374, #6042, #4879 ) ;
#4442 = AXIS2_PLACEMENT_3D ( 'NONE', #4246, #6615, #1313 ) ;
#4443 = CARTESIAN_POINT ( 'NONE',  ( 1.999999999999999556, 0.09999999999999982514, 0.9499999999999995115 ) ) ;
#4444 = ORIENTED_EDGE ( 'NONE', *, *, #7081, .T. ) ;
#4445 = AXIS2_PLACEMENT_3D ( 'NONE', #2051, #4944, #2086 ) ;
#4446 = ADVANCED_FACE ( 'NONE', ( #890 ), #812, .F. ) ;
#4447 = FACE_OUTER_BOUND ( 'NONE', #4255, .T. ) ;
#4448 = VERTEX_POINT ( 'NONE', #4980 ) ;
#4449 = LINE ( 'NONE', #6161, #467 ) ;
#4450 = VECTOR ( 'NONE', #4142, 1000.000000000000000 ) ;
#4451 = CARTESIAN_POINT ( 'NONE',  ( 0.6500000000000000222, 0.1000000000000000056, -1.699999999999999512 ) ) ;
#4452 = DIRECTION ( 'NONE',  ( -8.673617379884035472E-16, 0.000000000000000000, 1.000000000000000000 ) ) ;
#4453 = EDGE_CURVE ( 'NONE', #6524, #486, #3726, .T. ) ;
#4454 = FACE_OUTER_BOUND ( 'NONE', #6181, .T. ) ;
#4455 = FILL_AREA_STYLE ('',( #2099 ) ) ;
#4456 = EDGE_CURVE ( 'NONE', #1883, #4849, #6647, .T. ) ;
#4457 = DIRECTION ( 'NONE',  ( 0.000000000000000000, -0.000000000000000000, 1.000000000000000000 ) ) ;
#4458 = DIRECTION ( 'NONE',  ( 0.000000000000000000, -0.000000000000000000, -1.000000000000000000 ) ) ;
#4459 = ORIENTED_EDGE ( 'NONE', *, *, #6531, .T. ) ;
#4460 = VECTOR ( 'NONE', #7538, 1000.000000000000000 ) ;
#4461 = ORIENTED_EDGE ( 'NONE', *, *, #802, .F. ) ;
#4462 = ORIENTED_EDGE ( 'NONE', *, *, #6190, .F. ) ;
#4463 = DIRECTION ( 'NONE',  ( 0.000000000000000000, 0.000000000000000000, 1.000000000000000000 ) ) ;
#4464 = VECTOR ( 'NONE', #7292, 1000.000000000000000 ) ;
#4465 = LINE ( 'NONE', #6791, #7185 ) ;
#4466 = EDGE_CURVE ( 'NONE', #5291, #1734, #3149, .T. ) ;
#4467 = LINE ( 'NONE', #6217, #5162 ) ;
#4468 = VERTEX_POINT ( 'NONE', #6072 ) ;
#4469 = CARTESIAN_POINT ( 'NONE',  ( -1.250000000000000222, 2.436067977499789983, 1.250000000000000444 ) ) ;
#4470 = VECTOR ( 'NONE', #1864, 1000.000000000000000 ) ;
#4471 = VECTOR ( 'NONE', #5901, 1000.000000000000000 ) ;
#4472 = VERTEX_POINT ( 'NONE', #146 ) ;
#4473 = LINE ( 'NONE', #6841, #6352 ) ;
#4474 = VECTOR ( 'NONE', #5717, 1000.000000000000000 ) ;
#4475 = VECTOR ( 'NONE', #2647, 1000.000000000000000 ) ;
#4476 = FILL_AREA_STYLE ('',( #375 ) ) ;
#4477 = CARTESIAN_POINT ( 'NONE',  ( 1.999999999999999556, 0.2000000000000000111, -0.9500000000000003997 ) ) ;
#4478 = ORIENTED_EDGE ( 'NONE', *, *, #7594, .T. ) ;
#4479 = CARTESIAN_POINT ( 'NONE',  ( 2.000000000000000444, 0.1000000000000000056, -1.750000000000000444 ) ) ;
#4480 = DIRECTION ( 'NONE',  ( 0.000000000000000000, 1.000000000000000000, 0.000000000000000000 ) ) ;
#4481 = EDGE_CURVE ( 'NONE', #6538, #4146, #4240, .T. ) ;
#4482 = EDGE_CURVE ( 'NONE', #1116, #319, #772, .T. ) ;
#4483 = FACE_OUTER_BOUND ( 'NONE', #6144, .T. ) ;
#4484 = VECTOR ( 'NONE', #124, 1000.000000000000000 ) ;
#4485 = EDGE_LOOP ( 'NONE', ( #7498, #3192, #5039, #6195, #5370, #4114 ) ) ;
#4486 = LINE ( 'NONE', #4443, #5495 ) ;
#4487 = ORIENTED_EDGE ( 'NONE', *, *, #7479, .T. ) ;
#4488 = EDGE_CURVE ( 'NONE', #2043, #6905, #7297, .T. ) ;
#4489 = FACE_OUTER_BOUND ( 'NONE', #795, .T. ) ;
#4490 = MECHANICAL_DESIGN_GEOMETRIC_PRESENTATION_REPRESENTATION (  '', ( #2509 ), #5848 ) ;
#4491 = ORIENTED_EDGE ( 'NONE', *, *, #2140, .T. ) ;
#4492 = LINE ( 'NONE', #6854, #342 ) ;
#4493 = CARTESIAN_POINT ( 'NONE',  ( -0.7500000000000001110, 0.2000000000000000111, -1.250000000000001332 ) ) ;
#4494 = DIRECTION ( 'NONE',  ( -2.168404344971012566E-16, 0.000000000000000000, 1.000000000000000000 ) ) ;
#4495 = CARTESIAN_POINT ( 'NONE',  ( 1.949999999999999734, 0.1000000000000000056, 1.699999999999999734 ) ) ;
#4496 = FACE_OUTER_BOUND ( 'NONE', #6571, .T. ) ;
#4497 =( NAMED_UNIT ( * ) SI_UNIT ( $, .STERADIAN. ) SOLID_ANGLE_UNIT ( ) );
#4498 = AXIS2_PLACEMENT_3D ( 'NONE', #4715, #577, #6460 ) ;
#4499 = EDGE_CURVE ( 'NONE', #7233, #6489, #1426, .T. ) ;
#4500 = LINE ( 'NONE', #909, #4434 ) ;
#4501 = CARTESIAN_POINT ( 'NONE',  ( -1.999999999999999556, 0.2000000000000000944, 0.6749999999999991562 ) ) ;
#4502 = ORIENTED_EDGE ( 'NONE', *, *, #7014, .F. ) ;
#4503 = EDGE_CURVE ( 'NONE', #3385, #5285, #265, .T. ) ;
#4504 = ORIENTED_EDGE ( 'NONE', *, *, #696, .T. ) ;
#4505 = ORIENTED_EDGE ( 'NONE', *, *, #4026, .T. ) ;
#4506 = LINE ( 'NONE', #5159, #3975 ) ;
#4507 = LINE ( 'NONE', #476, #1133 ) ;
#4508 = CARTESIAN_POINT ( 'NONE',  ( -1.500000000000000444, 0.000000000000000000, 0.3749999999999993339 ) ) ;
#4509 = VERTEX_POINT ( 'NONE', #7338 ) ;
#4510 = DIRECTION ( 'NONE',  ( 0.000000000000000000, 1.000000000000000000, 0.000000000000000000 ) ) ;
#4511 = EDGE_CURVE ( 'NONE', #6045, #6096, #2048, .T. ) ;
#4512 = LINE ( 'NONE', #5167, #6773 ) ;
#4513 = LINE ( 'NONE', #3846, #5028 ) ;
#4514 = ORIENTED_EDGE ( 'NONE', *, *, #1928, .T. ) ;
#4515 = FACE_OUTER_BOUND ( 'NONE', #3816, .T. ) ;
#4516 = DIRECTION ( 'NONE',  ( -1.000000000000000000, 0.000000000000000000, -1.807003620809175125E-16 ) ) ;
#4517 = CARTESIAN_POINT ( 'NONE',  ( -1.949999999999999734, 0.1000000000000000056, 0.1499999999999999667 ) ) ;
#4518 = FACE_OUTER_BOUND ( 'NONE', #194, .T. ) ;
#4519 = ORIENTED_EDGE ( 'NONE', *, *, #5005, .F. ) ;
#4520 = SURFACE_STYLE_FILL_AREA ( #3852 ) ;
#4521 = ORIENTED_EDGE ( 'NONE', *, *, #1632, .F. ) ;
#4522 = DIRECTION ( 'NONE',  ( 1.000000000000000000, 0.000000000000000000, -0.000000000000000000 ) ) ;
#4523 = ORIENTED_EDGE ( 'NONE', *, *, #3284, .T. ) ;
#4524 = DIRECTION ( 'NONE',  ( 0.000000000000000000, -0.000000000000000000, 1.000000000000000000 ) ) ;
#4525 = CARTESIAN_POINT ( 'NONE',  ( -1.850000000000000311, 0.2000000000000000111, 1.349999999999999201 ) ) ;
#4526 = PLANE ( 'NONE',  #1201 ) ;
#4527 = CYLINDRICAL_SURFACE ( 'NONE', #6471, 0.1499999999999999667 ) ;
#4528 = ADVANCED_FACE ( 'NONE', ( #1463 ), #1307, .F. ) ;
#4529 = VECTOR ( 'NONE', #3351, 1000.000000000000000 ) ;
#4530 = FACE_OUTER_BOUND ( 'NONE', #2740, .T. ) ;
#4531 = CARTESIAN_POINT ( 'NONE',  ( -1.999999999999999556, 0.2000000000000000944, -0.9499999999999998446 ) ) ;
#4532 = DIRECTION ( 'NONE',  ( 0.000000000000000000, -0.000000000000000000, 1.000000000000000000 ) ) ;
#4533 = DIRECTION ( 'NONE',  ( 0.000000000000000000, 0.000000000000000000, -1.000000000000000000 ) ) ;
#4534 = ORIENTED_EDGE ( 'NONE', *, *, #5647, .F. ) ;
#4535 = VECTOR ( 'NONE', #1952, 1000.000000000000000 ) ;
#4536 = EDGE_LOOP ( 'NONE', ( #6222, #1188, #110, #6413, #6995, #1690 ) ) ;
#4537 = VECTOR ( 'NONE', #6241, 1000.000000000000000 ) ;
#4538 = EDGE_LOOP ( 'NONE', ( #6690, #5138, #7106, #31 ) ) ;
#4539 = DIRECTION ( 'NONE',  ( -0.000000000000000000, -0.000000000000000000, -1.000000000000000000 ) ) ;
#4540 = DIRECTION ( 'NONE',  ( 0.000000000000000000, 1.000000000000000000, -0.000000000000000000 ) ) ;
#4541 = EDGE_CURVE ( 'NONE', #2882, #534, #5714, .T. ) ;
#4542 = VECTOR ( 'NONE', #5668, 1000.000000000000000 ) ;
#4543 = FACE_OUTER_BOUND ( 'NONE', #4664, .T. ) ;
#4544 = LINE ( 'NONE', #3334, #606 ) ;
#4545 = ORIENTED_EDGE ( 'NONE', *, *, #2998, .F. ) ;
#4546 = EDGE_CURVE ( 'NONE', #157, #7018, #999, .T. ) ;
#4547 = CARTESIAN_POINT ( 'NONE',  ( 0.000000000000000000, 0.000000000000000000, 0.000000000000000000 ) ) ;
#4548 = CARTESIAN_POINT ( 'NONE',  ( -1.250000000000000222, 2.436067977499789983, -1.749999999999999778 ) ) ;
#4549 = LINE ( 'NONE', #5676, #5392 ) ;
#4550 = ORIENTED_EDGE ( 'NONE', *, *, #824, .T. ) ;
#4551 = CARTESIAN_POINT ( 'NONE',  ( -0.7500000000000001110, 0.000000000000000000, -1.250000000000001332 ) ) ;
#4552 = CARTESIAN_POINT ( 'NONE',  ( -0.7500000000000001110, 0.2000000000000000944, 1.749999999999999556 ) ) ;
#4553 = PLANE ( 'NONE',  #3684 ) ;
#4554 = EDGE_LOOP ( 'NONE', ( #3030, #6211 ) ) ;
#4555 = VECTOR ( 'NONE', #3903, 1000.000000000000000 ) ;
#4556 = ORIENTED_EDGE ( 'NONE', *, *, #5918, .T. ) ;
#4557 = LINE ( 'NONE', #6929, #3031 ) ;
#4558 = ORIENTED_EDGE ( 'NONE', *, *, #115, .T. ) ;
#4559 = DIRECTION ( 'NONE',  ( 0.000000000000000000, -0.000000000000000000, -1.000000000000000000 ) ) ;
#4560 = EDGE_CURVE ( 'NONE', #1762, #5081, #4549, .T. ) ;
#4561 = CARTESIAN_POINT ( 'NONE',  ( -1.000000000000000222, 0.2000000000000000111, -1.250000000000001332 ) ) ;
#4562 = VECTOR ( 'NONE', #2793, 1000.000000000000000 ) ;
#4563 = SURFACE_STYLE_FILL_AREA ( #7002 ) ;
#4564 = AXIS2_PLACEMENT_3D ( 'NONE', #5956, #6532, #2352 ) ;
#4565 = CARTESIAN_POINT ( 'NONE',  ( -0.5000000000000001110, 0.000000000000000000, 1.250000000000000444 ) ) ;
#4566 = VECTOR ( 'NONE', #6741, 1000.000000000000000 ) ;
#4567 = CARTESIAN_POINT ( 'NONE',  ( 1.949999999999999734, 0.1000000000000000056, 1.699999999999999734 ) ) ;
#4568 = VECTOR ( 'NONE', #6701, 1000.000000000000000 ) ;
#4569 = FACE_OUTER_BOUND ( 'NONE', #4338, .T. ) ;
#4570 = DIRECTION ( 'NONE',  ( 0.000000000000000000, -1.000000000000000000, 0.000000000000000000 ) ) ;
#4571 = VERTEX_POINT ( 'NONE', #304 ) ;
#4572 = EDGE_CURVE ( 'NONE', #7257, #1431, #4435, .T. ) ;
#4573 = EDGE_CURVE ( 'NONE', #252, #494, #6918, .T. ) ;
#4574 = VERTEX_POINT ( 'NONE', #1541 ) ;
#4575 = DIRECTION ( 'NONE',  ( 0.000000000000000000, 0.000000000000000000, -1.000000000000000000 ) ) ;
#4576 = EDGE_CURVE ( 'NONE', #1883, #1421, #1612, .T. ) ;
#4577 = LINE ( 'NONE', #5817, #7436 ) ;
#4578 = LINE ( 'NONE', #295, #1944 ) ;
#4579 = AXIS2_PLACEMENT_3D ( 'NONE', #5449, #7188, #4825 ) ;
#4580 = DIRECTION ( 'NONE',  ( 0.000000000000000000, 0.000000000000000000, 1.000000000000000000 ) ) ;
#4581 = EDGE_LOOP ( 'NONE', ( #1956, #550, #7342, #1239, #5406, #7033 ) ) ;
#4582 = AXIS2_PLACEMENT_3D ( 'NONE', #6330, #5705, #956 ) ;
#4583 = CARTESIAN_POINT ( 'NONE',  ( -1.500000000000000222, 0.2000000000000000111, 1.749999999999999556 ) ) ;
#4584 = FACE_OUTER_BOUND ( 'NONE', #1830, .T. ) ;
#4585 = VERTEX_POINT ( 'NONE', #2656 ) ;
#4586 = DIRECTION ( 'NONE',  ( 0.000000000000000000, -0.000000000000000000, 1.000000000000000000 ) ) ;
#4587 = CARTESIAN_POINT ( 'NONE',  ( 1.949999999999999734, 0.1000000000000000056, 1.699999999999999734 ) ) ;
#4588 = EDGE_CURVE ( 'NONE', #6096, #534, #5015, .T. ) ;
#4589 = DIRECTION ( 'NONE',  ( -1.355252715606880296E-16, 0.000000000000000000, -1.000000000000000000 ) ) ;
#4590 = EDGE_CURVE ( 'NONE', #2183, #7569, #3920, .T. ) ;
#4591 = ORIENTED_EDGE ( 'NONE', *, *, #6327, .F. ) ;
#4592 = ORIENTED_EDGE ( 'NONE', *, *, #3658, .F. ) ;
#4593 = VECTOR ( 'NONE', #1795, 1000.000000000000000 ) ;
#4594 = CARTESIAN_POINT ( 'NONE',  ( 1.949999999999999734, 0.05000000000000000278, -0.1999999999999999278 ) ) ;
#4595 = ORIENTED_EDGE ( 'NONE', *, *, #4573, .T. ) ;
#4596 = DIRECTION ( 'NONE',  ( 1.000000000000000000, 0.000000000000000000, 0.000000000000000000 ) ) ;
#4597 = ORIENTED_EDGE ( 'NONE', *, *, #5680, .T. ) ;
#4598 = CARTESIAN_POINT ( 'NONE',  ( 0.000000000000000000, 0.2000000000000000111, 0.000000000000000000 ) ) ;
#4599 = CARTESIAN_POINT ( 'NONE',  ( -1.500000000000000222, 0.2000000000000000944, -0.1500000000000000222 ) ) ;
#4600 = VERTEX_POINT ( 'NONE', #4477 ) ;
#4601 = VECTOR ( 'NONE', #6779, 1000.000000000000000 ) ;
#4602 = PRESENTATION_STYLE_ASSIGNMENT (( #5259 ) ) ;
#4603 = EDGE_CURVE ( 'NONE', #3603, #6351, #3958, .T. ) ;
#4604 = DIRECTION ( 'NONE',  ( -0.000000000000000000, 0.000000000000000000, 1.000000000000000000 ) ) ;
#4605 = EDGE_CURVE ( 'NONE', #7421, #3812, #2158, .T. ) ;
#4606 = VECTOR ( 'NONE', #6165, 1000.000000000000000 ) ;
#4607 = LINE ( 'NONE', #3247, #7322 ) ;
#4608 = SURFACE_STYLE_FILL_AREA ( #2288 ) ;
#4609 = EDGE_CURVE ( 'NONE', #3722, #7294, #3376, .T. ) ;
#4610 = CARTESIAN_POINT ( 'NONE',  ( -1.949999999999999734, 0.000000000000000000, 0.000000000000000000 ) ) ;
#4611 = DIRECTION ( 'NONE',  ( 0.000000000000000000, 0.000000000000000000, -1.000000000000000000 ) ) ;
#4612 = ORIENTED_EDGE ( 'NONE', *, *, #115, .F. ) ;
#4613 = ORIENTED_EDGE ( 'NONE', *, *, #773, .T. ) ;
#4614 = AXIS2_PLACEMENT_3D ( 'NONE', #2616, #2689, #5052 ) ;
#4615 = LINE ( 'NONE', #1601, #4347 ) ;
#4616 = EDGE_CURVE ( 'NONE', #6056, #4585, #6262, .T. ) ;
#4617 = EDGE_CURVE ( 'NONE', #7541, #437, #3996, .T. ) ;
#4618 = CARTESIAN_POINT ( 'NONE',  ( 0.000000000000000000, 0.1000000000000000056, 0.000000000000000000 ) ) ;
#4619 = EDGE_CURVE ( 'NONE', #1858, #2611, #2083, .T. ) ;
#4620 = DIRECTION ( 'NONE',  ( 0.000000000000000000, -1.000000000000000000, 0.000000000000000000 ) ) ;
#4621 = EDGE_LOOP ( 'NONE', ( #1621, #1315, #3926, #6631 ) ) ;
#4622 = VECTOR ( 'NONE', #3418, 1000.000000000000000 ) ;
#4623 = CARTESIAN_POINT ( 'NONE',  ( -1.949999999999999734, 0.1000000000000000056, -1.699999999999999512 ) ) ;
#4624 = EDGE_CURVE ( 'NONE', #3892, #4663, #4513, .T. ) ;
#4625 = FACE_OUTER_BOUND ( 'NONE', #4400, .T. ) ;
#4626 = DIRECTION ( 'NONE',  ( 0.000000000000000000, 0.000000000000000000, 1.000000000000000000 ) ) ;
#4627 = ORIENTED_EDGE ( 'NONE', *, *, #389, .T. ) ;
#4628 = CARTESIAN_POINT ( 'NONE',  ( -0.7500000000000001110, 0.2000000000000000111, -1.250000000000001332 ) ) ;
#4629 = LINE ( 'NONE', #6299, #4474 ) ;
#4630 = CARTESIAN_POINT ( 'NONE',  ( -1.500000000000000222, 0.000000000000000000, 0.9499999999999990674 ) ) ;
#4631 = ORIENTED_EDGE ( 'NONE', *, *, #1272, .F. ) ;
#4632 = ORIENTED_EDGE ( 'NONE', *, *, #3131, .F. ) ;
#4633 = ORIENTED_EDGE ( 'NONE', *, *, #6959, .F. ) ;
#4634 = LINE ( 'NONE', #2954, #2190 ) ;
#4635 = ORIENTED_EDGE ( 'NONE', *, *, #4624, .T. ) ;
#4636 = FACE_OUTER_BOUND ( 'NONE', #7068, .T. ) ;
#4637 = EDGE_CURVE ( 'NONE', #4675, #983, #6876, .T. ) ;
#4638 = LINE ( 'NONE', #540, #3681 ) ;
#4639 = ORIENTED_EDGE ( 'NONE', *, *, #5686, .F. ) ;
#4640 = EDGE_CURVE ( 'NONE', #83, #1873, #3267, .T. ) ;
#4641 = DIRECTION ( 'NONE',  ( -1.000000000000000000, 0.000000000000000000, 0.000000000000000000 ) ) ;
#4642 = CARTESIAN_POINT ( 'NONE',  ( -1.500000000000000444, 0.04999999999999999584, 0.3749999999999993339 ) ) ;
#4643 = CARTESIAN_POINT ( 'NONE',  ( -0.7500000000000001110, 0.2000000000000000111, -1.699999999999999512 ) ) ;
#4644 = CARTESIAN_POINT ( 'NONE',  ( 2.000000000000000444, 0.1000000000000000056, -1.750000000000000444 ) ) ;
#4645 = DIRECTION ( 'NONE',  ( 0.000000000000000000, -1.000000000000000000, 0.000000000000000000 ) ) ;
#4646 = EDGE_LOOP ( 'NONE', ( #7487, #7023, #4665, #1659 ) ) ;
#4647 = ORIENTED_EDGE ( 'NONE', *, *, #7142, .F. ) ;
#4648 =( GEOMETRIC_REPRESENTATION_CONTEXT ( 3 ) GLOBAL_UNCERTAINTY_ASSIGNED_CONTEXT ( ( #6214 ) ) GLOBAL_UNIT_ASSIGNED_CONTEXT ( ( #158, #6039, #3239 ) ) REPRESENTATION_CONTEXT ( 'NONE', 'WORKASPACE' ) );
#4649 = LINE ( 'NONE', #5975, #5093 ) ;
#4650 = DIRECTION ( 'NONE',  ( 1.000000000000000000, -0.000000000000000000, 0.000000000000000000 ) ) ;
#4651 = LINE ( 'NONE', #5270, #361 ) ;
#4652 = VECTOR ( 'NONE', #5641, 1000.000000000000000 ) ;
#4653 = ORIENTED_EDGE ( 'NONE', *, *, #2060, .T. ) ;
#4654 = VECTOR ( 'NONE', #2719, 1000.000000000000000 ) ;
#4655 = DIRECTION ( 'NONE',  ( 0.000000000000000000, 1.000000000000000000, 0.000000000000000000 ) ) ;
#4656 = CARTESIAN_POINT ( 'NONE',  ( -0.7500000000000001110, 0.2000000000000000944, -1.750000000000000444 ) ) ;
#4657 = FACE_OUTER_BOUND ( 'NONE', #891, .T. ) ;
#4658 = ORIENTED_EDGE ( 'NONE', *, *, #5718, .F. ) ;
#4659 = CARTESIAN_POINT ( 'NONE',  ( 1.800000000000000488, 0.1000000000000000056, -1.350000000000000533 ) ) ;
#4660 = DIRECTION ( 'NONE',  ( 0.000000000000000000, -1.000000000000000000, 0.000000000000000000 ) ) ;
#4661 = DIRECTION ( 'NONE',  ( -1.000000000000000000, 0.000000000000000000, 0.000000000000000000 ) ) ;
#4662 = EDGE_CURVE ( 'NONE', #7421, #148, #2766, .T. ) ;
#4663 = VERTEX_POINT ( 'NONE', #2799 ) ;
#4664 = EDGE_LOOP ( 'NONE', ( #4371, #726, #7348, #6502, #5379, #1585 ) ) ;
#4665 = ORIENTED_EDGE ( 'NONE', *, *, #2365, .F. ) ;
#4666 = LINE ( 'NONE', #69, #7496 ) ;
#4667 = EDGE_CURVE ( 'NONE', #3180, #5871, #7526, .T. ) ;
#4668 = ORIENTED_EDGE ( 'NONE', *, *, #5870, .F. ) ;
#4669 = PLANE ( 'NONE',  #3337 ) ;
#4670 = LINE ( 'NONE', #1118, #4186 ) ;
#4671 = ORIENTED_EDGE ( 'NONE', *, *, #4576, .F. ) ;
#4672 = PRESENTATION_LAYER_ASSIGNMENT (  '', '', ( #356 ) ) ;
#4673 = CARTESIAN_POINT ( 'NONE',  ( -1.850000000000000533, 0.1000000000000000056, -1.750000000000000444 ) ) ;
#4674 = ADVANCED_FACE ( 'NONE', ( #4584 ), #1107, .F. ) ;
#4675 = VERTEX_POINT ( 'NONE', #1258 ) ;
#4676 = SURFACE_STYLE_USAGE ( .BOTH. , #1702 ) ;
#4677 = AXIS2_PLACEMENT_3D ( 'NONE', #3746, #4998, #7357 ) ;
#4678 = CARTESIAN_POINT ( 'NONE',  ( -1.949999999999999734, 0.1000000000000000056, 1.699999999999999734 ) ) ;
#4679 = CARTESIAN_POINT ( 'NONE',  ( -1.949999999999999734, 0.1000000000000000056, -1.699999999999999512 ) ) ;
#4680 = ORIENTED_EDGE ( 'NONE', *, *, #5732, .T. ) ;
#4681 = VECTOR ( 'NONE', #7074, 1000.000000000000000 ) ;
#4682 = ORIENTED_EDGE ( 'NONE', *, *, #7385, .T. ) ;
#4683 = EDGE_CURVE ( 'NONE', #877, #2800, #559, .T. ) ;
#4684 = AXIS2_PLACEMENT_3D ( 'NONE', #2803, #7567, #5099 ) ;
#4685 = ADVANCED_FACE ( 'NONE', ( #6561 ), #24, .F. ) ;
#4686 = DIRECTION ( 'NONE',  ( 1.000000000000000000, 0.000000000000000000, 0.000000000000000000 ) ) ;
#4687 = CARTESIAN_POINT ( 'NONE',  ( 1.399999999999999911, 2.436067977499789983, 1.749999999999999556 ) ) ;
#4688 = CLOSED_SHELL ( 'NONE', ( #5634, #2875, #3116, #1833, #2637, #3444, #6377, #1411, #2601, #5274, #4731, #553, #7245 ) ) ;
#4689 = DIRECTION ( 'NONE',  ( 0.000000000000000000, -1.000000000000000000, 0.000000000000000000 ) ) ;
#4690 = CARTESIAN_POINT ( 'NONE',  ( -1.000000000000000222, 0.2000000000000000944, 1.250000000000000444 ) ) ;
#4691 = ORIENTED_EDGE ( 'NONE', *, *, #320, .F. ) ;
#4692 = EDGE_CURVE ( 'NONE', #3419, #2347, #2870, .T. ) ;
#4693 = CARTESIAN_POINT ( 'NONE',  ( -1.999999999999999556, 0.09999999999999982514, 1.349999999999999201 ) ) ;
#4694 = FACE_OUTER_BOUND ( 'NONE', #5433, .T. ) ;
#4695 = CARTESIAN_POINT ( 'NONE',  ( -1.999999999999999556, 0.2000000000000000944, 0.3749999999999992228 ) ) ;
#4696 = VERTEX_POINT ( 'NONE', #5825 ) ;
#4697 = FACE_OUTER_BOUND ( 'NONE', #5197, .T. ) ;
#4698 = CARTESIAN_POINT ( 'NONE',  ( 1.399999999999999911, 0.1000000000000000056, -1.750000000000000444 ) ) ;
#4699 = CARTESIAN_POINT ( 'NONE',  ( -1.500000000000000222, 0.2000000000000000111, -1.750000000000000444 ) ) ;
#4700 = VECTOR ( 'NONE', #2728, 1000.000000000000000 ) ;
#4701 = VERTEX_POINT ( 'NONE', #7563 ) ;
#4702 = ORIENTED_EDGE ( 'NONE', *, *, #7554, .T. ) ;
#4703 = ORIENTED_EDGE ( 'NONE', *, *, #506, .T. ) ;
#4704 = FACE_OUTER_BOUND ( 'NONE', #3564, .T. ) ;
#4705 = ADVANCED_FACE ( 'NONE', ( #61 ), #2339, .F. ) ;
#4706 = EDGE_CURVE ( 'NONE', #4365, #929, #5787, .T. ) ;
#4707 = VERTEX_POINT ( 'NONE', #6479 ) ;
#4708 = LINE ( 'NONE', #38, #3456 ) ;
#4709 = LINE ( 'NONE', #5450, #7641 ) ;
#4710 = VERTEX_POINT ( 'NONE', #4191 ) ;
#4711 = SURFACE_SIDE_STYLE ('',( #5729 ) ) ;
#4712 = VECTOR ( 'NONE', #6784, 1000.000000000000000 ) ;
#4713 = VECTOR ( 'NONE', #2791, 1000.000000000000000 ) ;
#4714 = ADVANCED_FACE ( 'NONE', ( #5941 ), #7596, .F. ) ;
#4715 = CARTESIAN_POINT ( 'NONE',  ( 0.000000000000000000, 0.2000000000000000111, 0.000000000000000000 ) ) ;
#4716 = VERTEX_POINT ( 'NONE', #1761 ) ;
#4717 = CARTESIAN_POINT ( 'NONE',  ( -1.999999999999999556, 2.436067977499789983, -1.350000000000000089 ) ) ;
#4718 = PLANE ( 'NONE',  #3778 ) ;
#4719 = VECTOR ( 'NONE', #1840, 1000.000000000000000 ) ;
#4720 = VECTOR ( 'NONE', #4686, 1000.000000000000000 ) ;
#4721 = CARTESIAN_POINT ( 'NONE',  ( 1.399999999999999911, 0.000000000000000000, 1.699999999999999734 ) ) ;
#4722 = CARTESIAN_POINT ( 'NONE',  ( -1.000000000000000222, 0.000000000000000000, -1.250000000000001332 ) ) ;
#4723 = DIRECTION ( 'NONE',  ( 0.000000000000000000, 0.000000000000000000, 1.000000000000000000 ) ) ;
#4724 = VERTEX_POINT ( 'NONE', #4071 ) ;
#4725 = EDGE_LOOP ( 'NONE', ( #1843, #1595, #4858, #2542 ) ) ;
#4726 = DIRECTION ( 'NONE',  ( -1.000000000000000000, 0.000000000000000000, 0.000000000000000000 ) ) ;
#4727 = PLANE ( 'NONE',  #123 ) ;
#4728 = EDGE_CURVE ( 'NONE', #1627, #5873, #485, .T. ) ;
#4729 = VECTOR ( 'NONE', #4916, 1000.000000000000000 ) ;
#4730 = LINE ( 'NONE', #3017, #5177 ) ;
#4731 = ADVANCED_FACE ( 'NONE', ( #6399 ), #5207, .F. ) ;
#4732 = VERTEX_POINT ( 'NONE', #1178 ) ;
#4733 = ADVANCED_FACE ( 'NONE', ( #3522 ), #3563, .F. ) ;
#4734 = VERTEX_POINT ( 'NONE', #7137 ) ;
#4735 = LINE ( 'NONE', #1176, #4418 ) ;
#4736 = LINE ( 'NONE', #1257, #280 ) ;
#4737 = CARTESIAN_POINT ( 'NONE',  ( 1.399999999999999911, 0.1000000000000000056, 1.699999999999999734 ) ) ;
#4738 = ORIENTED_EDGE ( 'NONE', *, *, #1900, .T. ) ;
#4739 = AXIS2_PLACEMENT_3D ( 'NONE', #7373, #6184, #3148 ) ;
#4740 = DIRECTION ( 'NONE',  ( 1.000000000000000000, -0.000000000000000000, 0.000000000000000000 ) ) ;
#4741 = ADVANCED_FACE ( 'NONE', ( #4657 ), #2987, .T. ) ;
#4742 = CARTESIAN_POINT ( 'NONE',  ( 1.949999999999999734, 0.1000000000000000056, -0.1999999999999998723 ) ) ;
#4743 = LINE ( 'NONE', #7141, #744 ) ;
#4744 = ORIENTED_EDGE ( 'NONE', *, *, #6869, .T. ) ;
#4745 = ORIENTED_EDGE ( 'NONE', *, *, #4603, .T. ) ;
#4746 = MECHANICAL_DESIGN_GEOMETRIC_PRESENTATION_REPRESENTATION (  '', ( #4994 ), #7471 ) ;
#4747 = EDGE_LOOP ( 'NONE', ( #3288, #191, #3309, #4444, #1939, #6927 ) ) ;
#4748 = LINE ( 'NONE', #7109, #4410 ) ;
#4749 = EDGE_LOOP ( 'NONE', ( #897, #6774, #4738, #3405 ) ) ;
#4750 = LINE ( 'NONE', #5912, #633 ) ;
#4751 = CARTESIAN_POINT ( 'NONE',  ( -1.850000000000000311, 0.000000000000000000, 1.349999999999999201 ) ) ;
#4752 = ORIENTED_EDGE ( 'NONE', *, *, #602, .F. ) ;
#4753 = CARTESIAN_POINT ( 'NONE',  ( 1.949999999999999734, 0.1000000000000000056, 1.699999999999999734 ) ) ;
#4754 = ORIENTED_EDGE ( 'NONE', *, *, #3213, .T. ) ;
#4755 = SURFACE_STYLE_FILL_AREA ( #3543 ) ;
#4756 = DIRECTION ( 'NONE',  ( 0.000000000000000000, 0.000000000000000000, 1.000000000000000000 ) ) ;
#4757 = CARTESIAN_POINT ( 'NONE',  ( 0.6500000000000000222, 0.09999999999999982514, -0.9500000000000003997 ) ) ;
#4758 = PLANE ( 'NONE',  #253 ) ;
#4759 = FACE_OUTER_BOUND ( 'NONE', #1907, .T. ) ;
#4760 = LINE ( 'NONE', #2401, #1132 ) ;
#4761 = ORIENTED_EDGE ( 'NONE', *, *, #1063, .T. ) ;
#4762 = ORIENTED_EDGE ( 'NONE', *, *, #3559, .T. ) ;
#4763 = EDGE_CURVE ( 'NONE', #5650, #3682, #1146, .T. ) ;
#4764 = CARTESIAN_POINT ( 'NONE',  ( -1.700000000000001066, 0.09999999999999982514, -0.9499999999999998446 ) ) ;
#4765 = LINE ( 'NONE', #1870, #2941 ) ;
#4766 = DIRECTION ( 'NONE',  ( 0.000000000000000000, -1.000000000000000000, 0.000000000000000000 ) ) ;
#4767 = ORIENTED_EDGE ( 'NONE', *, *, #3916, .T. ) ;
#4768 = AXIS2_PLACEMENT_3D ( 'NONE', #2665, #2549, #1316 ) ;
#4769 = VERTEX_POINT ( 'NONE', #4695 ) ;
#4770 = EDGE_CURVE ( 'NONE', #6969, #6733, #7060, .T. ) ;
#4771 = CARTESIAN_POINT ( 'NONE',  ( -1.949999999999999734, 2.436067977499789983, 0.6749999999999991562 ) ) ;
#4772 = DIRECTION ( 'NONE',  ( 0.000000000000000000, 0.000000000000000000, 1.000000000000000000 ) ) ;
#4773 = AXIS2_PLACEMENT_3D ( 'NONE', #4774, #5243, #639 ) ;
#4774 = CARTESIAN_POINT ( 'NONE',  ( 0.000000000000000000, 0.1000000000000000056, 0.000000000000000000 ) ) ;
#4775 = VERTEX_POINT ( 'NONE', #4737 ) ;
#4776 = CARTESIAN_POINT ( 'NONE',  ( -1.999999999999999556, 0.1000000000000000056, 0.3749999999999992228 ) ) ;
#4777 = DIRECTION ( 'NONE',  ( 0.000000000000000000, -1.000000000000000000, 0.000000000000000000 ) ) ;
#4778 = CARTESIAN_POINT ( 'NONE',  ( 0.6500000000000000222, 0.1000000000000000056, -1.699999999999999512 ) ) ;
#4779 = AXIS2_PLACEMENT_3D ( 'NONE', #2833, #5353, #1682 ) ;
#4780 = ORIENTED_EDGE ( 'NONE', *, *, #5160, .F. ) ;
#4781 = ORIENTED_EDGE ( 'NONE', *, *, #5620, .F. ) ;
#4782 = ORIENTED_EDGE ( 'NONE', *, *, #6534, .T. ) ;
#4783 = CARTESIAN_POINT ( 'NONE',  ( 0.6500000000000000222, 2.436067977499789983, 1.699999999999999734 ) ) ;
#4784 = ORIENTED_EDGE ( 'NONE', *, *, #6984, .T. ) ;
#4785 = PLANE ( 'NONE',  #2723 ) ;
#4786 = VECTOR ( 'NONE', #1645, 1000.000000000000000 ) ;
#4787 = CARTESIAN_POINT ( 'NONE',  ( -1.999999999999999556, 7.315072906367324990, 1.749999999999999556 ) ) ;
#4788 = ORIENTED_EDGE ( 'NONE', *, *, #2229, .T. ) ;
#4789 = CARTESIAN_POINT ( 'NONE',  ( -1.250000000000000222, 0.2000000000000000111, -1.250000000000001332 ) ) ;
#4790 = DIRECTION ( 'NONE',  ( -0.000000000000000000, -0.000000000000000000, -1.000000000000000000 ) ) ;
#4791 = VERTEX_POINT ( 'NONE', #4150 ) ;
#4793 = ADVANCED_FACE ( 'NONE', ( #722 ), #4857, .F. ) ;
#4792 = CARTESIAN_POINT ( 'NONE',  ( 1.399999999999999911, 0.000000000000000000, -1.699999999999999512 ) ) ;
#4794 = DIRECTION ( 'NONE',  ( -1.000000000000000000, 0.000000000000000000, 0.000000000000000000 ) ) ;
#4795 = CARTESIAN_POINT ( 'NONE',  ( 1.399999999999999911, 0.2000000000000000111, -0.9500000000000002887 ) ) ;
#4796 = CARTESIAN_POINT ( 'NONE',  ( 1.949999999999999734, 0.1000000000000000056, -1.699999999999999512 ) ) ;
#4797 = STYLED_ITEM ( 'NONE', ( #1093 ), #3930 ) ;
#4798 = CARTESIAN_POINT ( 'NONE',  ( 1.949999999999999734, 0.1000000000000000056, -1.699999999999999512 ) ) ;
#4799 = ORIENTED_EDGE ( 'NONE', *, *, #2412, .T. ) ;
#4800 = ORIENTED_EDGE ( 'NONE', *, *, #4488, .F. ) ;
#4801 = VECTOR ( 'NONE', #4766, 1000.000000000000000 ) ;
#4802 = CARTESIAN_POINT ( 'NONE',  ( -1.999999999999999556, 0.1000000000000000056, 0.9499999999999988454 ) ) ;
#4803 = CARTESIAN_POINT ( 'NONE',  ( 1.399999999999999911, 0.2000000000000000944, 1.749999999999999556 ) ) ;
#4804 = EDGE_CURVE ( 'NONE', #4426, #5512, #2492, .T. ) ;
#4805 = ADVANCED_FACE ( 'NONE', ( #5984 ), #761, .T. ) ;
#4806 = CARTESIAN_POINT ( 'NONE',  ( -1.500000000000000222, 2.436067977499789983, -0.1500000000000000222 ) ) ;
#4807 = EDGE_LOOP ( 'NONE', ( #2605, #1160, #4162, #1331, #5215, #6343, #1538 ) ) ;
#4808 = VECTOR ( 'NONE', #5584, 1000.000000000000000 ) ;
#4809 = VECTOR ( 'NONE', #1897, 1000.000000000000000 ) ;
#4810 = FACE_OUTER_BOUND ( 'NONE', #6864, .T. ) ;
#4811 = EDGE_CURVE ( 'NONE', #647, #5991, #6637, .T. ) ;
#4812 = AXIS2_PLACEMENT_3D ( 'NONE', #1233, #4278, #2468 ) ;
#4813 = LINE ( 'NONE', #557, #6583 ) ;
#4814 = DIRECTION ( 'NONE',  ( -2.168404344971012566E-16, 0.000000000000000000, -1.000000000000000000 ) ) ;
#4815 = VECTOR ( 'NONE', #5894, 1000.000000000000000 ) ;
#4816 = DIRECTION ( 'NONE',  ( -0.000000000000000000, -1.000000000000000000, -0.000000000000000000 ) ) ;
#4817 = ORIENTED_EDGE ( 'NONE', *, *, #6882, .F. ) ;
#4818 = DIRECTION ( 'NONE',  ( 0.7071067811865487940, 0.000000000000000000, -0.7071067811865463515 ) ) ;
#4819 = LINE ( 'NONE', #6565, #1978 ) ;
#4820 = ORIENTED_EDGE ( 'NONE', *, *, #1764, .F. ) ;
#4821 = ORIENTED_EDGE ( 'NONE', *, *, #2144, .T. ) ;
#4822 = ORIENTED_EDGE ( 'NONE', *, *, #7434, .T. ) ;
#4823 = CARTESIAN_POINT ( 'NONE',  ( 2.000000000000000444, 7.315072906367324990, 1.749999999999999556 ) ) ;
#4824 = ORIENTED_EDGE ( 'NONE', *, *, #1129, .T. ) ;
#4825 = DIRECTION ( 'NONE',  ( 0.000000000000000000, -0.000000000000000000, 1.000000000000000000 ) ) ;
#4826 = CARTESIAN_POINT ( 'NONE',  ( 0.2499999999999999445, 0.1000000000000000056, -1.699999999999999512 ) ) ;
#4827 = ORIENTED_EDGE ( 'NONE', *, *, #1407, .F. ) ;
#4828 = VECTOR ( 'NONE', #5108, 1000.000000000000000 ) ;
#4829 = EDGE_CURVE ( 'NONE', #972, #2281, #1996, .T. ) ;
#4830 = EDGE_CURVE ( 'NONE', #1225, #2638, #1300, .T. ) ;
#4831 = LINE ( 'NONE', #694, #3610 ) ;
#4832 = ORIENTED_EDGE ( 'NONE', *, *, #820, .F. ) ;
#4833 = VECTOR ( 'NONE', #4974, 1000.000000000000000 ) ;
#4834 = CARTESIAN_POINT ( 'NONE',  ( -1.500000000000000444, 0.000000000000000000, -0.6750000000000000444 ) ) ;
#4835 = PRESENTATION_STYLE_ASSIGNMENT (( #1200 ) ) ;
#4836 = CARTESIAN_POINT ( 'NONE',  ( 0.2499999999999999445, 0.2000000000000000111, 0.9499999999999995115 ) ) ;
#4837 = DIRECTION ( 'NONE',  ( 1.000000000000000000, 0.000000000000000000, -0.000000000000000000 ) ) ;
#4838 = VECTOR ( 'NONE', #7248, 1000.000000000000000 ) ;
#4839 = DIRECTION ( 'NONE',  ( 0.000000000000000000, -0.000000000000000000, 1.000000000000000000 ) ) ;
#4840 = EDGE_CURVE ( 'NONE', #5038, #3223, #97, .T. ) ;
#4841 = LINE ( 'NONE', #705, #1634 ) ;
#4842 = EDGE_CURVE ( 'NONE', #6345, #3847, #6062, .T. ) ;
#4843 = ORIENTED_EDGE ( 'NONE', *, *, #2695, .T. ) ;
#4844 = AXIS2_PLACEMENT_3D ( 'NONE', #4587, #5135, #6340 ) ;
#4845 = VECTOR ( 'NONE', #175, 1000.000000000000000 ) ;
#4846 = FACE_OUTER_BOUND ( 'NONE', #473, .T. ) ;
#4847 = CARTESIAN_POINT ( 'NONE',  ( -1.949999999999999734, 2.436067977499789983, -1.350000000000000089 ) ) ;
#4848 = DIRECTION ( 'NONE',  ( -1.000000000000000000, 0.000000000000000000, 0.000000000000000000 ) ) ;
#4849 = VERTEX_POINT ( 'NONE', #1880 ) ;
#4850 = VECTOR ( 'NONE', #2098, 1000.000000000000000 ) ;
#4851 = VERTEX_POINT ( 'NONE', #6137 ) ;
#4852 = ORIENTED_EDGE ( 'NONE', *, *, #6046, .T. ) ;
#4853 = ADVANCED_FACE ( 'NONE', ( #4266 ), #215, .F. ) ;
#4854 = CARTESIAN_POINT ( 'NONE',  ( -0.5000000000000001110, 0.2000000000000000111, -1.750000000000000444 ) ) ;
#4855 = ADVANCED_FACE ( 'NONE', ( #5477 ), #3638, .F. ) ;
#4856 = DIRECTION ( 'NONE',  ( 0.000000000000000000, -1.000000000000000000, 0.000000000000000000 ) ) ;
#4857 = PLANE ( 'NONE',  #3529 ) ;
#4858 = ORIENTED_EDGE ( 'NONE', *, *, #602, .T. ) ;
#4859 = CARTESIAN_POINT ( 'NONE',  ( 1.999999999999999556, 0.2000000000000000111, -0.1999999999999999833 ) ) ;
#4860 = DIRECTION ( 'NONE',  ( 1.000000000000000000, 0.000000000000000000, 0.000000000000000000 ) ) ;
#4861 = VERTEX_POINT ( 'NONE', #840 ) ;
#4862 = EDGE_CURVE ( 'NONE', #5793, #455, #6022, .T. ) ;
#4863 = VERTEX_POINT ( 'NONE', #5438 ) ;
#4864 = ORIENTED_EDGE ( 'NONE', *, *, #4090, .T. ) ;
#4865 = VECTOR ( 'NONE', #4898, 1000.000000000000000 ) ;
#4866 = CARTESIAN_POINT ( 'NONE',  ( 2.000000000000000444, 2.436067977499789983, 1.349999999999999645 ) ) ;
#4867 = ORIENTED_EDGE ( 'NONE', *, *, #1537, .T. ) ;
#4868 = PLANE ( 'NONE',  #6694 ) ;
#4869 = DIRECTION ( 'NONE',  ( -1.000000000000000000, 0.000000000000000000, -0.000000000000000000 ) ) ;
#4870 = ORIENTED_EDGE ( 'NONE', *, *, #6509, .F. ) ;
#4871 = CARTESIAN_POINT ( 'NONE',  ( 0.6500000000000000222, 2.436067977499789983, -0.9500000000000003997 ) ) ;
#4872 = PRODUCT_DEFINITION_FORMATION_WITH_SPECIFIED_SOURCE ( 'ANY', '', #1128, .NOT_KNOWN. ) ;
#4873 = DIRECTION ( 'NONE',  ( -1.000000000000000000, -0.000000000000000000, -0.000000000000000000 ) ) ;
#4874 = ORIENTED_EDGE ( 'NONE', *, *, #832, .F. ) ;
#4875 = ADVANCED_FACE ( 'NONE', ( #7216 ), #804, .T. ) ;
#4876 = LINE ( 'NONE', #5499, #3279 ) ;
#4877 = DIRECTION ( 'NONE',  ( 0.000000000000000000, -1.000000000000000000, 0.000000000000000000 ) ) ;
#4878 = CARTESIAN_POINT ( 'NONE',  ( -1.850000000000000311, 0.000000000000000000, 1.699999999999999734 ) ) ;
#4879 = DIRECTION ( 'NONE',  ( -1.000000000000000000, 0.000000000000000000, -0.000000000000000000 ) ) ;
#4880 = EDGE_CURVE ( 'NONE', #2813, #2495, #7290, .T. ) ;
#4881 = VERTEX_POINT ( 'NONE', #5559 ) ;
#4882 = LINE ( 'NONE', #752, #6713 ) ;
#4883 = FILL_AREA_STYLE_COLOUR ( '', #4926 ) ;
#4884 = LINE ( 'NONE', #6628, #7275 ) ;
#4885 = ORIENTED_EDGE ( 'NONE', *, *, #6258, .T. ) ;
#4886 = ORIENTED_EDGE ( 'NONE', *, *, #5744, .T. ) ;
#4887 = ORIENTED_EDGE ( 'NONE', *, *, #5282, .T. ) ;
#4888 = CARTESIAN_POINT ( 'NONE',  ( -1.999999999999999556, 0.000000000000000000, -1.350000000000000089 ) ) ;
#4889 = DIRECTION ( 'NONE',  ( 0.000000000000000000, 0.000000000000000000, 1.000000000000000000 ) ) ;
#4890 = LINE ( 'NONE', #4930, #4286 ) ;
#4891 = ORIENTED_EDGE ( 'NONE', *, *, #2144, .F. ) ;
#4892 = LINE ( 'NONE', #4349, #6820 ) ;
#4893 = CARTESIAN_POINT ( 'NONE',  ( 0.000000000000000000, 0.05000000000000000278, 1.699999999999999734 ) ) ;
#4894 = ORIENTED_EDGE ( 'NONE', *, *, #5129, .T. ) ;
#4895 = ORIENTED_EDGE ( 'NONE', *, *, #2443, .T. ) ;
#4896 = AXIS2_PLACEMENT_3D ( 'NONE', #6851, #6376, #423 ) ;
#4897 = ORIENTED_EDGE ( 'NONE', *, *, #4706, .F. ) ;
#4898 = DIRECTION ( 'NONE',  ( 0.000000000000000000, -1.000000000000000000, 0.000000000000000000 ) ) ;
#4899 = FACE_OUTER_BOUND ( 'NONE', #7251, .T. ) ;
#4900 = ORIENTED_EDGE ( 'NONE', *, *, #844, .T. ) ;
#4901 = CARTESIAN_POINT ( 'NONE',  ( -1.999999999999999556, 0.1000000000000000056, 1.749999999999999556 ) ) ;
#4902 = LINE ( 'NONE', #4399, #4058 ) ;
#4903 = ADVANCED_FACE ( 'NONE', ( #5516 ), #3675, .F. ) ;
#4904 = EDGE_LOOP ( 'NONE', ( #6213, #5511, #5493, #2727, #3352, #7089 ) ) ;
#4905 = EDGE_CURVE ( 'NONE', #789, #6073, #4890, .T. ) ;
#4906 = CARTESIAN_POINT ( 'NONE',  ( -1.999999999999999556, 0.2000000000000000944, -0.1499999999999999667 ) ) ;
#4907 = VECTOR ( 'NONE', #5864, 1000.000000000000000 ) ;
#4908 = CARTESIAN_POINT ( 'NONE',  ( -1.500000000000000222, 0.2000000000000000111, 0.1499999999999999667 ) ) ;
#4909 = ORIENTED_EDGE ( 'NONE', *, *, #2514, .T. ) ;
#4910 = ADVANCED_FACE ( 'NONE', ( #256 ), #2610, .T. ) ;
#4911 = VECTOR ( 'NONE', #1437, 1000.000000000000000 ) ;
#4912 = LINE ( 'NONE', #4951, #1319 ) ;
#4913 = DIRECTION ( 'NONE',  ( 0.000000000000000000, 0.000000000000000000, -1.000000000000000000 ) ) ;
#4914 = CARTESIAN_POINT ( 'NONE',  ( -1.949999999999999734, 0.1000000000000000056, -1.699999999999999512 ) ) ;
#4915 = FACE_OUTER_BOUND ( 'NONE', #4747, .T. ) ;
#4916 = DIRECTION ( 'NONE',  ( -5.421010862427523156E-16, -0.000000000000000000, -1.000000000000000000 ) ) ;
#4917 = ADVANCED_FACE ( 'NONE', ( #5631 ), #2649, .F. ) ;
#4918 = ORIENTED_EDGE ( 'NONE', *, *, #3527, .F. ) ;
#4919 = DIRECTION ( 'NONE',  ( 0.000000000000000000, -1.000000000000000000, 0.000000000000000000 ) ) ;
#4920 = LINE ( 'NONE', #5588, #6171 ) ;
#4921 = EDGE_CURVE ( 'NONE', #5715, #6024, #4467, .T. ) ;
#4922 = FACE_OUTER_BOUND ( 'NONE', #6306, .T. ) ;
#4923 = ORIENTED_EDGE ( 'NONE', *, *, #4221, .F. ) ;
#4924 = EDGE_CURVE ( 'NONE', #6331, #3984, #6255, .T. ) ;
#4925 = ORIENTED_EDGE ( 'NONE', *, *, #3198, .F. ) ;
#4926 = COLOUR_RGB ( '',0.7921568627450980005, 0.8196078431372548767, 0.9333333333333333481 ) ;
#4927 = ORIENTED_EDGE ( 'NONE', *, *, #1712, .T. ) ;
#4928 = CARTESIAN_POINT ( 'NONE',  ( -1.500000000000000222, 2.436067977499789983, -1.149999999999999911 ) ) ;
#4929 = DIRECTION ( 'NONE',  ( 1.000000000000000000, 0.000000000000000000, -0.000000000000000000 ) ) ;
#4930 = CARTESIAN_POINT ( 'NONE',  ( -0.2000000000000005662, 0.2000000000000000944, -0.2000000000000000111 ) ) ;
#4931 = ORIENTED_EDGE ( 'NONE', *, *, #5730, .T. ) ;
#4932 = LINE ( 'NONE', #3221, #894 ) ;
#4933 = VECTOR ( 'NONE', #3632, 1000.000000000000000 ) ;
#4934 = ORIENTED_EDGE ( 'NONE', *, *, #721, .F. ) ;
#4935 = ADVANCED_FACE ( 'NONE', ( #2187 ), #2074, .F. ) ;
#4936 = ORIENTED_EDGE ( 'NONE', *, *, #564, .T. ) ;
#4937 = VECTOR ( 'NONE', #6622, 1000.000000000000000 ) ;
#4938 = VERTEX_POINT ( 'NONE', #1605 ) ;
#4939 = FACE_OUTER_BOUND ( 'NONE', #2000, .T. ) ;
#4940 = DIRECTION ( 'NONE',  ( 1.000000000000000000, 0.000000000000000000, 0.000000000000000000 ) ) ;
#4941 = VECTOR ( 'NONE', #4173, 1000.000000000000000 ) ;
#4942 = EDGE_LOOP ( 'NONE', ( #1708, #4680, #6503, #3910, #7196, #1378 ) ) ;
#4943 = CARTESIAN_POINT ( 'NONE',  ( -0.5000000000000001110, 0.2000000000000000111, 1.699999999999999734 ) ) ;
#4944 = DIRECTION ( 'NONE',  ( 0.000000000000000000, 1.000000000000000000, 0.000000000000000000 ) ) ;
#4945 = EDGE_LOOP ( 'NONE', ( #4429, #7573, #6850, #5802, #923, #1630, #3335 ) ) ;
#4946 = DIRECTION ( 'NONE',  ( 0.000000000000000000, -1.000000000000000000, 0.000000000000000000 ) ) ;
#4947 = CARTESIAN_POINT ( 'NONE',  ( 0.2499999999999999445, 0.000000000000000000, 0.9499999999999995115 ) ) ;
#4948 = ORIENTED_EDGE ( 'NONE', *, *, #1232, .T. ) ;
#4949 = ADVANCED_FACE ( 'NONE', ( #4543 ), #2684, .T. ) ;
#4950 = ADVANCED_FACE ( 'NONE', ( #7404 ), #6792, .T. ) ;
#4951 = CARTESIAN_POINT ( 'NONE',  ( -1.500000000000000444, 0.1000000000000000056, 0.3749999999999993339 ) ) ;
#4952 = VECTOR ( 'NONE', #2543, 1000.000000000000000 ) ;
#4953 = ORIENTED_EDGE ( 'NONE', *, *, #3540, .F. ) ;
#4954 = CARTESIAN_POINT ( 'NONE',  ( 0.000000000000000000, 0.000000000000000000, 0.000000000000000000 ) ) ;
#4955 = DIRECTION ( 'NONE',  ( 1.000000000000000000, 0.000000000000000000, 0.000000000000000000 ) ) ;
#4956 = PLANE ( 'NONE',  #2592 ) ;
#4957 = CARTESIAN_POINT ( 'NONE',  ( 1.949999999999999512, 0.000000000000000000, 0.2000000000000000389 ) ) ;
#4958 = EDGE_LOOP ( 'NONE', ( #7636, #4120, #3156, #2857, #4613, #7398 ) ) ;
#4959 = VECTOR ( 'NONE', #2160, 1000.000000000000000 ) ;
#4960 = CARTESIAN_POINT ( 'NONE',  ( 1.399999999999999911, 0.2000000000000000111, 1.749999999999999556 ) ) ;
#4961 = LINE ( 'NONE', #1445, #7637 ) ;
#4962 = CARTESIAN_POINT ( 'NONE',  ( 1.949999999999999734, 0.1000000000000000056, -1.699999999999999512 ) ) ;
#4963 = ORIENTED_EDGE ( 'NONE', *, *, #2168, .T. ) ;
#4964 = AXIS2_PLACEMENT_3D ( 'NONE', #3047, #164, #6088 ) ;
#4965 = ORIENTED_EDGE ( 'NONE', *, *, #576, .F. ) ;
#4966 = AXIS2_PLACEMENT_3D ( 'NONE', #2897, #5269, #7054 ) ;
#4967 = ORIENTED_EDGE ( 'NONE', *, *, #275, .T. ) ;
#4968 = DIRECTION ( 'NONE',  ( -0.000000000000000000, -1.000000000000000000, -0.000000000000000000 ) ) ;
#4969 = LINE ( 'NONE', #3257, #7310 ) ;
#4970 = EDGE_CURVE ( 'NONE', #1674, #4166, #2792, .T. ) ;
#4971 = CARTESIAN_POINT ( 'NONE',  ( -1.500000000000000222, 0.1000000000000000056, 0.9499999999999990674 ) ) ;
#4972 = VECTOR ( 'NONE', #4257, 1000.000000000000000 ) ;
#4973 = EDGE_LOOP ( 'NONE', ( #3064, #4267, #6646, #1185 ) ) ;
#4974 = DIRECTION ( 'NONE',  ( 0.000000000000000000, 0.000000000000000000, -1.000000000000000000 ) ) ;
#4975 = ORIENTED_EDGE ( 'NONE', *, *, #5404, .F. ) ;
#4976 = VERTEX_POINT ( 'NONE', #3836 ) ;
#4977 = VECTOR ( 'NONE', #907, 1000.000000000000000 ) ;
#4978 = ORIENTED_EDGE ( 'NONE', *, *, #6614, .T. ) ;
#4979 = DIRECTION ( 'NONE',  ( 1.000000000000000000, 0.000000000000000000, 0.000000000000000000 ) ) ;
#4980 = CARTESIAN_POINT ( 'NONE',  ( -1.999999999999999556, 0.1000000000000000056, 0.6749999999999991562 ) ) ;
#4981 = VERTEX_POINT ( 'NONE', #3259 ) ;
#4982 = LINE ( 'NONE', #4363, #3212 ) ;
#4983 = FACE_OUTER_BOUND ( 'NONE', #3627, .T. ) ;
#4984 = ORIENTED_EDGE ( 'NONE', *, *, #5114, .F. ) ;
#4985 = CARTESIAN_POINT ( 'NONE',  ( -0.5000000000000001110, 0.2000000000000000111, 1.250000000000000444 ) ) ;
#4986 = VECTOR ( 'NONE', #153, 1000.000000000000000 ) ;
#4987 = CARTESIAN_POINT ( 'NONE',  ( 1.949999999999999734, 0.1000000000000000056, -1.699999999999999512 ) ) ;
#4988 = VECTOR ( 'NONE', #658, 1000.000000000000000 ) ;
#4989 = ORIENTED_EDGE ( 'NONE', *, *, #4616, .F. ) ;
#4990 = PLANE ( 'NONE',  #3399 ) ;
#4991 = ORIENTED_EDGE ( 'NONE', *, *, #3707, .T. ) ;
#4992 = CARTESIAN_POINT ( 'NONE',  ( 0.6500000000000000222, 0.1000000000000000056, -1.750000000000000444 ) ) ;
#4993 = PLANE ( 'NONE',  #373 ) ;
#4994 = STYLED_ITEM ( 'NONE', ( #6307 ), #4352 ) ;
#4995 = CARTESIAN_POINT ( 'NONE',  ( 0.6500000000000000222, 0.05000000000000000278, -0.9500000000000003997 ) ) ;
#4996 = CARTESIAN_POINT ( 'NONE',  ( 1.999999999999999556, 0.2000000000000000944, 0.9499999999999995115 ) ) ;
#4997 = CARTESIAN_POINT ( 'NONE',  ( 0.000000000000000000, 0.2000000000000000111, 0.000000000000000000 ) ) ;
#4998 = DIRECTION ( 'NONE',  ( 0.000000000000000000, 1.000000000000000000, 0.000000000000000000 ) ) ;
#4999 = LINE ( 'NONE', #2785, #395 ) ;
#5000 = ORIENTED_EDGE ( 'NONE', *, *, #2695, .F. ) ;
#5001 = EDGE_CURVE ( 'NONE', #455, #6475, #5045, .T. ) ;
#5002 = ORIENTED_EDGE ( 'NONE', *, *, #7568, .F. ) ;
#5003 = ORIENTED_EDGE ( 'NONE', *, *, #4511, .T. ) ;
#5004 = DIRECTION ( 'NONE',  ( 0.000000000000000000, 0.000000000000000000, -1.000000000000000000 ) ) ;
#5005 = EDGE_CURVE ( 'NONE', #6073, #2183, #3875, .T. ) ;
#5006 = CARTESIAN_POINT ( 'NONE',  ( 0.000000000000000000, 0.05000000000000000278, 0.2000000000000000389 ) ) ;
#5007 = DIRECTION ( 'NONE',  ( -1.000000000000000000, 0.000000000000000000, 8.673617379884035472E-16 ) ) ;
#5008 = ORIENTED_EDGE ( 'NONE', *, *, #3983, .F. ) ;
#5009 = FACE_OUTER_BOUND ( 'NONE', #2840, .T. ) ;
#5010 = EDGE_CURVE ( 'NONE', #6475, #4086, #6870, .T. ) ;
#5011 = EDGE_LOOP ( 'NONE', ( #435, #4072, #3695, #2409 ) ) ;
#5012 = ORIENTED_EDGE ( 'NONE', *, *, #2722, .F. ) ;
#5013 = DIRECTION ( 'NONE',  ( 0.000000000000000000, 0.000000000000000000, 1.000000000000000000 ) ) ;
#5014 = PLANE ( 'NONE',  #6960 ) ;
#5015 = LINE ( 'NONE', #2726, #4028 ) ;
#5016 = ORIENTED_EDGE ( 'NONE', *, *, #3800, .F. ) ;
#5017 = PLANE ( 'NONE',  #262 ) ;
#5018 = CARTESIAN_POINT ( 'NONE',  ( -1.949999999999999734, 0.05000000000000000278, 0.000000000000000000 ) ) ;
#5019 = ADVANCED_FACE ( 'NONE', ( #5704 ), #5084, .F. ) ;
#5020 = CARTESIAN_POINT ( 'NONE',  ( 0.000000000000000000, 0.2000000000000000111, 0.000000000000000000 ) ) ;
#5021 = CLOSED_SHELL ( 'NONE', ( #2126, #5043, #3238, #6059, #5780, #6759, #2439, #3479 ) ) ;
#5022 = VECTOR ( 'NONE', #6539, 1000.000000000000000 ) ;
#5023 = CARTESIAN_POINT ( 'NONE',  ( -0.5000000000000001110, 0.05000000000000000278, 0.000000000000000000 ) ) ;
#5024 = ORIENTED_EDGE ( 'NONE', *, *, #3053, .F. ) ;
#5025 = CARTESIAN_POINT ( 'NONE',  ( 2.000000000000000444, 0.2000000000000000944, 1.349999999999999645 ) ) ;
#5026 = VERTEX_POINT ( 'NONE', #7447 ) ;
#5027 = LINE ( 'NONE', #3820, #586 ) ;
#5028 = VECTOR ( 'NONE', #6228, 1000.000000000000000 ) ;
#5029 = DIRECTION ( 'NONE',  ( 0.000000000000000000, -0.000000000000000000, -1.000000000000000000 ) ) ;
#5030 = STYLED_ITEM ( 'NONE', ( #6934 ), #1427 ) ;
#5031 = VECTOR ( 'NONE', #4210, 1000.000000000000000 ) ;
#5032 = EDGE_CURVE ( 'NONE', #6529, #3984, #3219, .T. ) ;
#5033 = FACE_OUTER_BOUND ( 'NONE', #2789, .T. ) ;
#5034 = FACE_OUTER_BOUND ( 'NONE', #7384, .T. ) ;
#5035 = DIRECTION ( 'NONE',  ( 1.000000000000000000, -0.000000000000000000, 0.000000000000000000 ) ) ;
#5036 = CARTESIAN_POINT ( 'NONE',  ( -1.999999999999999556, 0.2000000000000000111, 1.349999999999999201 ) ) ;
#5037 = ORIENTED_EDGE ( 'NONE', *, *, #5637, .T. ) ;
#5038 = VERTEX_POINT ( 'NONE', #4508 ) ;
#5039 = ORIENTED_EDGE ( 'NONE', *, *, #4453, .T. ) ;
#5040 = UNCERTAINTY_MEASURE_WITH_UNIT (LENGTH_MEASURE( 1.000000000000000082E-05 ), #6727, 'distance_accuracy_value', 'NONE');
#5041 = DIRECTION ( 'NONE',  ( -1.000000000000000000, -0.000000000000000000, -0.000000000000000000 ) ) ;
#5042 = EDGE_CURVE ( 'NONE', #4716, #6829, #1567, .T. ) ;
#5043 = ADVANCED_FACE ( 'NONE', ( #5126 ), #1028, .F. ) ;
#5044 = DIRECTION ( 'NONE',  ( 0.000000000000000000, 1.000000000000000000, 0.000000000000000000 ) ) ;
#5045 = LINE ( 'NONE', #882, #968 ) ;
#5046 = ORIENTED_EDGE ( 'NONE', *, *, #1232, .F. ) ;
#5047 = CARTESIAN_POINT ( 'NONE',  ( -1.500000000000000222, 0.2000000000000000944, 0.9499999999999990674 ) ) ;
#5048 =( GEOMETRIC_REPRESENTATION_CONTEXT ( 3 ) GLOBAL_UNCERTAINTY_ASSIGNED_CONTEXT ( ( #3712 ) ) GLOBAL_UNIT_ASSIGNED_CONTEXT ( ( #3503, #6419, #5767 ) ) REPRESENTATION_CONTEXT ( 'NONE', 'WORKASPACE' ) );
#5049 = VECTOR ( 'NONE', #3394, 1000.000000000000000 ) ;
#5050 = EDGE_CURVE ( 'NONE', #6238, #5081, #4578, .T. ) ;
#5051 = ORIENTED_EDGE ( 'NONE', *, *, #3122, .T. ) ;
#5052 = DIRECTION ( 'NONE',  ( 0.000000000000000000, 0.000000000000000000, 1.000000000000000000 ) ) ;
#5053 = CARTESIAN_POINT ( 'NONE',  ( 1.949999999999999734, 0.000000000000000000, -0.000000000000000000 ) ) ;
#5054 = VECTOR ( 'NONE', #1636, 1000.000000000000000 ) ;
#5055 = CARTESIAN_POINT ( 'NONE',  ( -0.5000000000000001110, 0.2000000000000000111, -1.250000000000001332 ) ) ;
#5056 = ORIENTED_EDGE ( 'NONE', *, *, #7124, .F. ) ;
#5057 = CARTESIAN_POINT ( 'NONE',  ( 0.000000000000000000, 0.1000000000000000056, 0.000000000000000000 ) ) ;
#5058 = FACE_OUTER_BOUND ( 'NONE', #1043, .T. ) ;
#5059 = VECTOR ( 'NONE', #3896, 1000.000000000000000 ) ;
#5060 = CARTESIAN_POINT ( 'NONE',  ( 1.949999999999999734, 0.1000000000000000056, 1.699999999999999734 ) ) ;
#5061 = VECTOR ( 'NONE', #3924, 1000.000000000000000 ) ;
#5062 = ORIENTED_EDGE ( 'NONE', *, *, #765, .T. ) ;
#5063 = ADVANCED_FACE ( 'NONE', ( #1782 ), #1818, .T. ) ;
#5064 = AXIS2_PLACEMENT_3D ( 'NONE', #5502, #3586, #1357 ) ;
#5065 = LINE ( 'NONE', #1584, #2903 ) ;
#5066 = ORIENTED_EDGE ( 'NONE', *, *, #5371, .T. ) ;
#5067 = EDGE_CURVE ( 'NONE', #6489, #7217, #78, .T. ) ;
#5068 = CARTESIAN_POINT ( 'NONE',  ( 1.800000000000000044, 0.1000000000000000056, 1.749999999999999556 ) ) ;
#5069 = EDGE_CURVE ( 'NONE', #6097, #2191, #2475, .T. ) ;
#5070 = CARTESIAN_POINT ( 'NONE',  ( -1.999999999999999556, 1.000000000000000000, 1.749999999999999556 ) ) ;
#5071 = LINE ( 'NONE', #6892, #1817 ) ;
#5072 = CARTESIAN_POINT ( 'NONE',  ( 0.000000000000000000, 0.05000000000000000278, 1.699999999999999734 ) ) ;
#5073 = CARTESIAN_POINT ( 'NONE',  ( -0.5000000000000001110, 0.000000000000000000, -1.250000000000001332 ) ) ;
#5074 = CARTESIAN_POINT ( 'NONE',  ( -0.7500000000000001110, 0.2000000000000000944, -1.750000000000000444 ) ) ;
#5075 = EDGE_CURVE ( 'NONE', #266, #5286, #8, .T. ) ;
#5076 = DIRECTION ( 'NONE',  ( 0.000000000000000000, 1.000000000000000000, 0.000000000000000000 ) ) ;
#5077 = CARTESIAN_POINT ( 'NONE',  ( -1.500000000000000222, 0.2000000000000000944, 0.1499999999999999667 ) ) ;
#5078 = ORIENTED_EDGE ( 'NONE', *, *, #1997, .F. ) ;
#5079 = AXIS2_PLACEMENT_3D ( 'NONE', #1389, #3766, #854 ) ;
#5080 = ORIENTED_EDGE ( 'NONE', *, *, #3616, .T. ) ;
#5081 = VERTEX_POINT ( 'NONE', #6945 ) ;
#5082 = DIRECTION ( 'NONE',  ( -1.000000000000000000, 0.000000000000000000, -1.807003620809175371E-16 ) ) ;
#5083 = DIRECTION ( 'NONE',  ( 1.000000000000000000, 0.000000000000000000, 0.000000000000000000 ) ) ;
#5084 = PLANE ( 'NONE',  #4031 ) ;
#5085 = ORIENTED_EDGE ( 'NONE', *, *, #5842, .F. ) ;
#5086 = FACE_OUTER_BOUND ( 'NONE', #2431, .T. ) ;
#5087 = VECTOR ( 'NONE', #4117, 1000.000000000000000 ) ;
#5088 = AXIS2_PLACEMENT_3D ( 'NONE', #1680, #4033, #1720 ) ;
#5089 = EDGE_CURVE ( 'NONE', #5121, #1116, #5966, .T. ) ;
#5090 = EDGE_CURVE ( 'NONE', #2183, #1945, #3623, .T. ) ;
#5091 = DIRECTION ( 'NONE',  ( 0.000000000000000000, 0.000000000000000000, 1.000000000000000000 ) ) ;
#5092 = VECTOR ( 'NONE', #2235, 1000.000000000000000 ) ;
#5093 = VECTOR ( 'NONE', #1711, 1000.000000000000000 ) ;
#5094 = CARTESIAN_POINT ( 'NONE',  ( -1.250000000000000222, 0.2000000000000000111, 1.749999999999998890 ) ) ;
#5095 = DIRECTION ( 'NONE',  ( 0.000000000000000000, -1.000000000000000000, 0.000000000000000000 ) ) ;
#5096 = ORIENTED_EDGE ( 'NONE', *, *, #3793, .T. ) ;
#5097 = DIRECTION ( 'NONE',  ( 0.000000000000000000, 0.000000000000000000, -1.000000000000000000 ) ) ;
#5098 = LINE ( 'NONE', #6444, #2742 ) ;
#5099 = DIRECTION ( 'NONE',  ( 0.000000000000000000, 0.000000000000000000, -1.000000000000000000 ) ) ;
#5100 = CARTESIAN_POINT ( 'NONE',  ( 0.6500000000000000222, 0.09999999999999982514, 0.9499999999999995115 ) ) ;
#5101 = EDGE_CURVE ( 'NONE', #6715, #1988, #623, .T. ) ;
#5102 = VECTOR ( 'NONE', #7007, 1000.000000000000000 ) ;
#5103 = VERTEX_POINT ( 'NONE', #6498 ) ;
#5104 = DIRECTION ( 'NONE',  ( -1.000000000000000000, 0.000000000000000000, 0.000000000000000000 ) ) ;
#5105 = VERTEX_POINT ( 'NONE', #3989 ) ;
#5106 = FACE_OUTER_BOUND ( 'NONE', #604, .T. ) ;
#5107 = EDGE_LOOP ( 'NONE', ( #3029, #6251, #1260, #6054 ) ) ;
#5108 = DIRECTION ( 'NONE',  ( 1.000000000000000000, -0.000000000000000000, -0.000000000000000000 ) ) ;
#5109 = FACE_OUTER_BOUND ( 'NONE', #3300, .T. ) ;
#5110 = LINE ( 'NONE', #7428, #6638 ) ;
#5111 = VECTOR ( 'NONE', #7461, 1000.000000000000000 ) ;
#5112 = AXIS2_PLACEMENT_3D ( 'NONE', #1050, #5727, #4559 ) ;
#5113 = CARTESIAN_POINT ( 'NONE',  ( -1.949999999999999734, 0.1000000000000000056, 0.1499999999999999667 ) ) ;
#5114 = EDGE_CURVE ( 'NONE', #5350, #808, #582, .T. ) ;
#5115 = DIRECTION ( 'NONE',  ( 1.000000000000000000, 0.000000000000000000, 0.000000000000000000 ) ) ;
#5116 = LINE ( 'NONE', #5074, #2698 ) ;
#5117 = AXIS2_PLACEMENT_3D ( 'NONE', #6537, #1238, #75 ) ;
#5118 = EDGE_CURVE ( 'NONE', #7602, #565, #2515, .T. ) ;
#5119 = LINE ( 'NONE', #6247, #6541 ) ;
#5120 = DIRECTION ( 'NONE',  ( 1.000000000000000000, 0.000000000000000000, 0.000000000000000000 ) ) ;
#5121 = VERTEX_POINT ( 'NONE', #3660 ) ;
#5122 = ORIENTED_EDGE ( 'NONE', *, *, #2498, .F. ) ;
#5123 = VERTEX_POINT ( 'NONE', #6620 ) ;
#5124 = CARTESIAN_POINT ( 'NONE',  ( -1.000000000000000222, 0.1000000000000000056, -1.250000000000001332 ) ) ;
#5125 = CARTESIAN_POINT ( 'NONE',  ( 2.000000000000000444, 0.2000000000000000111, -1.350000000000000533 ) ) ;
#5126 = FACE_OUTER_BOUND ( 'NONE', #4958, .T. ) ;
#5127 = CARTESIAN_POINT ( 'NONE',  ( -1.250000000000000222, 0.2000000000000000111, 1.250000000000000444 ) ) ;
#5128 = ORIENTED_EDGE ( 'NONE', *, *, #6071, .F. ) ;
#5129 = EDGE_CURVE ( 'NONE', #3670, #4571, #1202, .T. ) ;
#5130 = FACE_OUTER_BOUND ( 'NONE', #6919, .T. ) ;
#5131 = LINE ( 'NONE', #3995, #2148 ) ;
#5132 = DIRECTION ( 'NONE',  ( 1.000000000000000000, 0.000000000000000000, 0.000000000000000000 ) ) ;
#5133 = ORIENTED_EDGE ( 'NONE', *, *, #7633, .F. ) ;
#5134 = CARTESIAN_POINT ( 'NONE',  ( -0.2000000000000005107, 0.2000000000000000944, 0.2000000000000000389 ) ) ;
#5135 = DIRECTION ( 'NONE',  ( -0.000000000000000000, 0.000000000000000000, -1.000000000000000000 ) ) ;
#5136 = CARTESIAN_POINT ( 'NONE',  ( 0.000000000000000000, 0.05000000000000000278, 1.250000000000000444 ) ) ;
#5137 = CARTESIAN_POINT ( 'NONE',  ( -1.500000000000000222, 0.2000000000000000944, -1.149999999999999911 ) ) ;
#5138 = ORIENTED_EDGE ( 'NONE', *, *, #7189, .F. ) ;
#5139 = ORIENTED_EDGE ( 'NONE', *, *, #5165, .F. ) ;
#5140 = PLANE ( 'NONE',  #4896 ) ;
#5141 = ADVANCED_FACE ( 'NONE', ( #5337 ), #116, .T. ) ;
#5142 = ADVANCED_FACE ( 'NONE', ( #7200 ), #5299, .T. ) ;
#5143 = ORIENTED_EDGE ( 'NONE', *, *, #1854, .F. ) ;
#5144 = PLANE ( 'NONE',  #2480 ) ;
#5145 = CARTESIAN_POINT ( 'NONE',  ( -1.500000000000000444, 0.000000000000000000, -0.3750000000000002220 ) ) ;
#5146 = LINE ( 'NONE', #7542, #7022 ) ;
#5147 = EDGE_CURVE ( 'NONE', #1487, #7449, #1860, .T. ) ;
#5148 = PLANE ( 'NONE',  #2872 ) ;
#5149 = VECTOR ( 'NONE', #1805, 1000.000000000000000 ) ;
#5150 = LINE ( 'NONE', #979, #4100 ) ;
#5151 = LINE ( 'NONE', #3321, #1831 ) ;
#5152 = CARTESIAN_POINT ( 'NONE',  ( -0.7500000000000001110, 0.000000000000000000, -1.250000000000001332 ) ) ;
#5153 = FACE_OUTER_BOUND ( 'NONE', #2159, .T. ) ;
#5154 = EDGE_LOOP ( 'NONE', ( #6569, #3173, #4077, #6373, #5815, #6271 ) ) ;
#5155 = AXIS2_PLACEMENT_3D ( 'NONE', #4229, #4388, #2570 ) ;
#5156 = ORIENTED_EDGE ( 'NONE', *, *, #6673, .T. ) ;
#5157 = VECTOR ( 'NONE', #351, 1000.000000000000000 ) ;
#5158 = VERTEX_POINT ( 'NONE', #4721 ) ;
#5159 = CARTESIAN_POINT ( 'NONE',  ( -1.850000000000000311, 2.436067977499789983, -1.350000000000000089 ) ) ;
#5160 = EDGE_CURVE ( 'NONE', #7117, #2106, #6584, .T. ) ;
#5161 = LINE ( 'NONE', #1027, #1748 ) ;
#5162 = VECTOR ( 'NONE', #6176, 1000.000000000000000 ) ;
#5163 = DIRECTION ( 'NONE',  ( -1.000000000000000000, 0.000000000000000000, 0.000000000000000000 ) ) ;
#5164 = LINE ( 'NONE', #6982, #7525 ) ;
#5165 = EDGE_CURVE ( 'NONE', #6807, #3539, #3044, .T. ) ;
#5166 = ORIENTED_EDGE ( 'NONE', *, *, #564, .F. ) ;
#5167 = CARTESIAN_POINT ( 'NONE',  ( -1.999999999999999556, 0.1000000000000000056, 1.349999999999999201 ) ) ;
#5168 = DIRECTION ( 'NONE',  ( -0.000000000000000000, -0.000000000000000000, 1.000000000000000000 ) ) ;
#5169 = ORIENTED_EDGE ( 'NONE', *, *, #234, .F. ) ;
#5170 = CARTESIAN_POINT ( 'NONE',  ( -1.716653439768715025E-16, 0.05000000000000000278, 0.9499999999999992895 ) ) ;
#5171 = DIRECTION ( 'NONE',  ( -0.000000000000000000, -0.000000000000000000, 1.000000000000000000 ) ) ;
#5172 = CARTESIAN_POINT ( 'NONE',  ( -1.999999999999999556, 0.1000000000000000056, 1.749999999999999556 ) ) ;
#5173 = ADVANCED_FACE ( 'NONE', ( #1901 ), #4250, .F. ) ;
#5174 = ORIENTED_EDGE ( 'NONE', *, *, #4842, .F. ) ;
#5175 = VERTEX_POINT ( 'NONE', #2361 ) ;
#5176 = DIRECTION ( 'NONE',  ( -0.000000000000000000, -0.000000000000000000, 1.000000000000000000 ) ) ;
#5177 = VECTOR ( 'NONE', #5820, 1000.000000000000000 ) ;
#5178 = EDGE_LOOP ( 'NONE', ( #5889, #6070, #5096, #3326 ) ) ;
#5179 = DIRECTION ( 'NONE',  ( 0.000000000000000000, 0.000000000000000000, 1.000000000000000000 ) ) ;
#5180 = ORIENTED_EDGE ( 'NONE', *, *, #365, .F. ) ;
#5181 = PLANE ( 'NONE',  #5112 ) ;
#5182 = LINE ( 'NONE', #6350, #749 ) ;
#5183 = ORIENTED_EDGE ( 'NONE', *, *, #4617, .T. ) ;
#5184 = AXIS2_PLACEMENT_3D ( 'NONE', #4095, #3546, #583 ) ;
#5185 =( NAMED_UNIT ( * ) SI_UNIT ( $, .STERADIAN. ) SOLID_ANGLE_UNIT ( ) );
#5186 = VECTOR ( 'NONE', #2583, 1000.000000000000000 ) ;
#5187 = EDGE_CURVE ( 'NONE', #5594, #1467, #2667, .T. ) ;
#5188 = EDGE_CURVE ( 'NONE', #5873, #5402, #5027, .T. ) ;
#5189 = VECTOR ( 'NONE', #7350, 1000.000000000000000 ) ;
#5190 = CARTESIAN_POINT ( 'NONE',  ( -1.250000000000000222, 0.2000000000000000944, -1.749999999999999778 ) ) ;
#5191 = VECTOR ( 'NONE', #865, 1000.000000000000000 ) ;
#5192 = LINE ( 'NONE', #5771, #4227 ) ;
#5193 = DIRECTION ( 'NONE',  ( -1.000000000000000000, 0.000000000000000000, 0.000000000000000000 ) ) ;
#5194 = DIRECTION ( 'NONE',  ( -0.000000000000000000, -1.000000000000000000, -0.000000000000000000 ) ) ;
#5195 = DIRECTION ( 'NONE',  ( 1.000000000000000000, -0.000000000000000000, -0.000000000000000000 ) ) ;
#5196 = EDGE_LOOP ( 'NONE', ( #3692, #5303, #5451, #1471 ) ) ;
#5197 = EDGE_LOOP ( 'NONE', ( #2512, #2031, #179, #7263, #5942, #6160 ) ) ;
#5198 = CARTESIAN_POINT ( 'NONE',  ( 1.949999999999999734, 0.1000000000000000056, -1.699999999999999512 ) ) ;
#5199 = FACE_OUTER_BOUND ( 'NONE', #7481, .T. ) ;
#5200 = VECTOR ( 'NONE', #7456, 1000.000000000000000 ) ;
#5201 = DIRECTION ( 'NONE',  ( 0.000000000000000000, 0.000000000000000000, 1.000000000000000000 ) ) ;
#5202 = ORIENTED_EDGE ( 'NONE', *, *, #6882, .T. ) ;
#5203 = AXIS2_PLACEMENT_3D ( 'NONE', #681, #2341, #6521 ) ;
#5204 = ADVANCED_FACE ( 'NONE', ( #2057 ), #1355, .F. ) ;
#5205 = CARTESIAN_POINT ( 'NONE',  ( 0.2499999999999997780, 0.1000000000000000056, 1.749999999999999556 ) ) ;
#5206 = DIRECTION ( 'NONE',  ( -1.000000000000000000, 0.000000000000000000, 0.000000000000000000 ) ) ;
#5207 = PLANE ( 'NONE',  #4773 ) ;
#5208 = ORIENTED_EDGE ( 'NONE', *, *, #4379, .F. ) ;
#5209 = LINE ( 'NONE', #4628, #4205 ) ;
#5210 = DIRECTION ( 'NONE',  ( 0.000000000000000000, -0.000000000000000000, 1.000000000000000000 ) ) ;
#5211 = EDGE_CURVE ( 'NONE', #6829, #1673, #6658, .T. ) ;
#5212 = LINE ( 'NONE', #2343, #1106 ) ;
#5213 = ORIENTED_EDGE ( 'NONE', *, *, #3904, .T. ) ;
#5214 = VECTOR ( 'NONE', #2990, 1000.000000000000000 ) ;
#5215 = ORIENTED_EDGE ( 'NONE', *, *, #2641, .F. ) ;
#5216 = AXIS2_PLACEMENT_3D ( 'NONE', #1382, #2539, #811 ) ;
#5217 = ORIENTED_EDGE ( 'NONE', *, *, #2324, .T. ) ;
#5218 = LINE ( 'NONE', #6310, #1194 ) ;
#5219 = ORIENTED_EDGE ( 'NONE', *, *, #6292, .T. ) ;
#5220 = FACE_OUTER_BOUND ( 'NONE', #1613, .T. ) ;
#5221 = CARTESIAN_POINT ( 'NONE',  ( 0.2499999999999999445, 0.2000000000000000944, -1.750000000000000444 ) ) ;
#5222 = ORIENTED_EDGE ( 'NONE', *, *, #5372, .F. ) ;
#5223 = VECTOR ( 'NONE', #7015, 1000.000000000000000 ) ;
#5224 = LINE ( 'NONE', #4011, #5293 ) ;
#5225 = DIRECTION ( 'NONE',  ( 0.000000000000000000, -0.000000000000000000, 1.000000000000000000 ) ) ;
#5226 = VECTOR ( 'NONE', #2690, 999.9999999999998863 ) ;
#5227 = CARTESIAN_POINT ( 'NONE',  ( -0.5000000000000001110, 0.2000000000000000944, 1.250000000000000444 ) ) ;
#5228 = DIRECTION ( 'NONE',  ( -0.000000000000000000, 0.000000000000000000, 1.000000000000000000 ) ) ;
#5229 = DIRECTION ( 'NONE',  ( 0.000000000000000000, -0.000000000000000000, -1.000000000000000000 ) ) ;
#5230 = VERTEX_POINT ( 'NONE', #278 ) ;
#5231 = ORIENTED_EDGE ( 'NONE', *, *, #1145, .T. ) ;
#5232 = PRESENTATION_LAYER_ASSIGNMENT (  '', '', ( #4237 ) ) ;
#5233 = AXIS2_PLACEMENT_3D ( 'NONE', #5769, #466, #5369 ) ;
#5234 = LINE ( 'NONE', #53, #1140 ) ;
#5235 = PLANE ( 'NONE',  #2253 ) ;
#5236 = PRODUCT_RELATED_PRODUCT_CATEGORY ( 'part', '', ( #1128 ) ) ;
#5237 = CARTESIAN_POINT ( 'NONE',  ( 2.000000000000000444, 0.1000000000000000056, -1.750000000000000444 ) ) ;
#5238 = ORIENTED_EDGE ( 'NONE', *, *, #5611, .F. ) ;
#5239 = AXIS2_PLACEMENT_3D ( 'NONE', #3496, #6450, #5837 ) ;
#5240 = EDGE_CURVE ( 'NONE', #1025, #229, #312, .T. ) ;
#5241 = CARTESIAN_POINT ( 'NONE',  ( -1.250000000000000222, 0.2000000000000000944, 1.749999999999998890 ) ) ;
#5242 = CARTESIAN_POINT ( 'NONE',  ( 0.2500000000000000000, 0.1000000000000000056, -1.699999999999999512 ) ) ;
#5243 = DIRECTION ( 'NONE',  ( 0.000000000000000000, 1.000000000000000000, 0.000000000000000000 ) ) ;
#5244 = ORIENTED_EDGE ( 'NONE', *, *, #2997, .T. ) ;
#5245 = CARTESIAN_POINT ( 'NONE',  ( 0.000000000000000000, 0.1000000000000000056, 0.000000000000000000 ) ) ;
#5246 = CARTESIAN_POINT ( 'NONE',  ( -1.999999999999999556, 1.000000000000000000, 1.749999999999999556 ) ) ;
#5247 = CARTESIAN_POINT ( 'NONE',  ( -1.500000000000000222, 0.000000000000000000, 0.1499999999999999667 ) ) ;
#5248 = EDGE_CURVE ( 'NONE', #6468, #5402, #5651, .T. ) ;
#5249 = ORIENTED_EDGE ( 'NONE', *, *, #7334, .T. ) ;
#5250 = VERTEX_POINT ( 'NONE', #6776 ) ;
#5251 = ORIENTED_EDGE ( 'NONE', *, *, #5900, .F. ) ;
#5252 = CARTESIAN_POINT ( 'NONE',  ( -0.7500000000000001110, 0.2000000000000000111, 1.250000000000000444 ) ) ;
#5253 = EDGE_CURVE ( 'NONE', #3682, #5911, #6739, .T. ) ;
#5254 = ORIENTED_EDGE ( 'NONE', *, *, #249, .T. ) ;
#5255 = CARTESIAN_POINT ( 'NONE',  ( -1.850000000000000311, 0.2000000000000000944, 1.349999999999999201 ) ) ;
#5256 = LINE ( 'NONE', #7038, #5304 ) ;
#5257 = ORIENTED_EDGE ( 'NONE', *, *, #6316, .F. ) ;
#5258 = ADVANCED_FACE ( 'NONE', ( #900 ), #2093, .F. ) ;
#5259 = SURFACE_STYLE_USAGE ( .BOTH. , #7577 ) ;
#5260 = PLANE ( 'NONE',  #4498 ) ;
#5261 = DIRECTION ( 'NONE',  ( 0.000000000000000000, -0.000000000000000000, 1.000000000000000000 ) ) ;
#5262 = FACE_OUTER_BOUND ( 'NONE', #453, .T. ) ;
#5263 = LINE ( 'NONE', #4679, #790 ) ;
#5264 = ORIENTED_EDGE ( 'NONE', *, *, #4280, .F. ) ;
#5265 = EDGE_CURVE ( 'NONE', #229, #3272, #3158, .T. ) ;
#5266 = ORIENTED_EDGE ( 'NONE', *, *, #4064, .F. ) ;
#5267 = STYLED_ITEM ( 'NONE', ( #5964 ), #4005 ) ;
#5268 = LINE ( 'NONE', #6010, #3106 ) ;
#5269 = DIRECTION ( 'NONE',  ( -1.000000000000000000, 0.000000000000000000, 5.421010862427522170E-16 ) ) ;
#5270 = CARTESIAN_POINT ( 'NONE',  ( -1.850000000000000311, 0.2000000000000000111, -1.699999999999999512 ) ) ;
#5271 = VECTOR ( 'NONE', #5095, 1000.000000000000000 ) ;
#5272 = VERTEX_POINT ( 'NONE', #5582 ) ;
#5273 = EDGE_CURVE ( 'NONE', #50, #2715, #4449, .T. ) ;
#5274 = ADVANCED_FACE ( 'NONE', ( #2633 ), #349, .F. ) ;
#5275 = AXIS2_PLACEMENT_3D ( 'NONE', #5597, #3370, #5745 ) ;
#5276 = DIRECTION ( 'NONE',  ( 0.000000000000000000, -0.000000000000000000, -1.000000000000000000 ) ) ;
#5277 = LINE ( 'NONE', #5750, #7451 ) ;
#5278 = DIRECTION ( 'NONE',  ( 0.000000000000000000, 0.000000000000000000, -1.000000000000000000 ) ) ;
#5279 = VERTEX_POINT ( 'NONE', #6817 ) ;
#5280 = DIRECTION ( 'NONE',  ( 0.000000000000000000, 0.000000000000000000, 1.000000000000000000 ) ) ;
#5281 = FACE_OUTER_BOUND ( 'NONE', #4807, .T. ) ;
#5282 = EDGE_CURVE ( 'NONE', #3366, #5158, #863, .T. ) ;
#5283 = CARTESIAN_POINT ( 'NONE',  ( -0.000000000000000000, 0.000000000000000000, -1.699999999999999512 ) ) ;
#5284 = EDGE_LOOP ( 'NONE', ( #6199, #3153, #782, #6693 ) ) ;
#5285 = VERTEX_POINT ( 'NONE', #785 ) ;
#5286 = VERTEX_POINT ( 'NONE', #4992 ) ;
#5287 = CARTESIAN_POINT ( 'NONE',  ( -1.999999999999999556, 0.2000000000000000111, 0.9499999999999990674 ) ) ;
#5288 = ORIENTED_EDGE ( 'NONE', *, *, #3658, .T. ) ;
#5289 = DIRECTION ( 'NONE',  ( -0.000000000000000000, -1.000000000000000000, -0.000000000000000000 ) ) ;
#5290 = LINE ( 'NONE', #4525, #2465 ) ;
#5291 = VERTEX_POINT ( 'NONE', #1398 ) ;
#5292 = DIRECTION ( 'NONE',  ( 1.000000000000000000, -0.000000000000000000, 0.000000000000000000 ) ) ;
#5293 = VECTOR ( 'NONE', #543, 1000.000000000000000 ) ;
#5294 = LINE ( 'NONE', #1162, #4988 ) ;
#5295 = EDGE_LOOP ( 'NONE', ( #311, #3349, #269, #4293 ) ) ;
#5296 = ADVANCED_FACE ( 'NONE', ( #7349 ), #3243, .T. ) ;
#5297 = CARTESIAN_POINT ( 'NONE',  ( -1.716653439768716504E-16, 0.05000000000000000278, -0.9500000000000000666 ) ) ;
#5298 =( NAMED_UNIT ( * ) SI_UNIT ( $, .STERADIAN. ) SOLID_ANGLE_UNIT ( ) );
#5299 = PLANE ( 'NONE',  #1580 ) ;
#5300 = AXIS2_PLACEMENT_3D ( 'NONE', #5624, #1057, #7476 ) ;
#5301 = LINE ( 'NONE', #6466, #7154 ) ;
#5302 = CARTESIAN_POINT ( 'NONE',  ( -1.999999999999999556, 2.436067977499789983, 1.349999999999999201 ) ) ;
#5303 = ORIENTED_EDGE ( 'NONE', *, *, #249, .F. ) ;
#5304 = VECTOR ( 'NONE', #1087, 1000.000000000000000 ) ;
#5305 = ORIENTED_EDGE ( 'NONE', *, *, #5394, .T. ) ;
#5306 = AXIS2_PLACEMENT_3D ( 'NONE', #1111, #6922, #4589 ) ;
#5307 = ADVANCED_FACE ( 'NONE', ( #3127 ), #197, .F. ) ;
#5308 = DIRECTION ( 'NONE',  ( 1.000000000000000000, -0.000000000000000000, -0.000000000000000000 ) ) ;
#5309 = DIRECTION ( 'NONE',  ( 0.000000000000000000, -1.000000000000000000, 0.000000000000000000 ) ) ;
#5310 = VECTOR ( 'NONE', #6632, 1000.000000000000000 ) ;
#5311 = CARTESIAN_POINT ( 'NONE',  ( -0.5000000000000001110, 0.2000000000000000944, -1.250000000000001332 ) ) ;
#5312 = ORIENTED_EDGE ( 'NONE', *, *, #734, .T. ) ;
#5313 = DIRECTION ( 'NONE',  ( 1.000000000000000000, -0.000000000000000000, 0.000000000000000000 ) ) ;
#5314 = DIRECTION ( 'NONE',  ( 0.000000000000000000, -0.000000000000000000, 1.000000000000000000 ) ) ;
#5315 = CARTESIAN_POINT ( 'NONE',  ( 0.000000000000000000, 0.05000000000000000278, -1.699999999999999512 ) ) ;
#5316 = ORIENTED_EDGE ( 'NONE', *, *, #1527, .F. ) ;
#5317 = CARTESIAN_POINT ( 'NONE',  ( -1.000000000000000222, 0.1000000000000000056, -1.699999999999999512 ) ) ;
#5318 = CARTESIAN_POINT ( 'NONE',  ( 0.000000000000000000, 0.2000000000000000111, 0.000000000000000000 ) ) ;
#5319 = CARTESIAN_POINT ( 'NONE',  ( -1.949999999999999734, 0.1000000000000000056, -0.6750000000000000444 ) ) ;
#5320 = VECTOR ( 'NONE', #3848, 1000.000000000000000 ) ;
#5321 = ORIENTED_EDGE ( 'NONE', *, *, #7594, .F. ) ;
#5322 = ORIENTED_EDGE ( 'NONE', *, *, #1718, .F. ) ;
#5323 = ORIENTED_EDGE ( 'NONE', *, *, #5808, .F. ) ;
#5324 = DIRECTION ( 'NONE',  ( 0.000000000000000000, 0.000000000000000000, 1.000000000000000000 ) ) ;
#5325 = ORIENTED_EDGE ( 'NONE', *, *, #132, .F. ) ;
#5326 = CARTESIAN_POINT ( 'NONE',  ( 0.6500000000000000222, 0.1000000000000000056, 1.749999999999999556 ) ) ;
#5327 = PLANE ( 'NONE',  #4564 ) ;
#5328 = ORIENTED_EDGE ( 'NONE', *, *, #7508, .F. ) ;
#5329 = ADVANCED_FACE ( 'NONE', ( #1977 ), #4327, .T. ) ;
#5330 = CARTESIAN_POINT ( 'NONE',  ( -1.949999999999999734, 0.05000000000000000278, -0.1499999999999999944 ) ) ;
#5331 = AXIS2_PLACEMENT_3D ( 'NONE', #4618, #7445, #7590 ) ;
#5332 = FACE_OUTER_BOUND ( 'NONE', #2786, .T. ) ;
#5333 = VERTEX_POINT ( 'NONE', #5691 ) ;
#5334 = PLANE ( 'NONE',  #784 ) ;
#5335 = CARTESIAN_POINT ( 'NONE',  ( 0.6500000000000000222, 0.2000000000000000944, -0.9500000000000003997 ) ) ;
#5336 = VECTOR ( 'NONE', #1564, 1000.000000000000000 ) ;
#5337 = FACE_OUTER_BOUND ( 'NONE', #6514, .T. ) ;
#5338 = DIRECTION ( 'NONE',  ( 0.000000000000000000, -1.000000000000000000, 0.000000000000000000 ) ) ;
#5339 = LINE ( 'NONE', #4055, #1855 ) ;
#5340 = CARTESIAN_POINT ( 'NONE',  ( 0.2499999999999999445, 0.04999999999999999584, -1.699999999999999512 ) ) ;
#5341 = ORIENTED_EDGE ( 'NONE', *, *, #2324, .F. ) ;
#5342 = EDGE_CURVE ( 'NONE', #122, #7361, #2134, .T. ) ;
#5343 = ORIENTED_EDGE ( 'NONE', *, *, #6985, .T. ) ;
#5344 = VECTOR ( 'NONE', #6973, 1000.000000000000000 ) ;
#5345 = PLANE ( 'NONE',  #780 ) ;
#5346 = CARTESIAN_POINT ( 'NONE',  ( -1.949999999999999734, 0.1000000000000000056, -1.699999999999999512 ) ) ;
#5347 = LINE ( 'NONE', #7130, #2937 ) ;
#5348 = ORIENTED_EDGE ( 'NONE', *, *, #1928, .F. ) ;
#5349 = VECTOR ( 'NONE', #5412, 1000.000000000000000 ) ;
#5350 = VERTEX_POINT ( 'NONE', #5068 ) ;
#5351 = CARTESIAN_POINT ( 'NONE',  ( -1.500000000000000444, 0.04999999999999999584, -0.6750000000000000444 ) ) ;
#5352 = CARTESIAN_POINT ( 'NONE',  ( -0.5000000000000001110, 0.1000000000000000056, 1.250000000000000444 ) ) ;
#5353 = DIRECTION ( 'NONE',  ( 0.000000000000000000, 1.000000000000000000, 0.000000000000000000 ) ) ;
#5354 = ORIENTED_EDGE ( 'NONE', *, *, #1848, .T. ) ;
#5355 = DIRECTION ( 'NONE',  ( 1.000000000000000000, 0.000000000000000000, -0.000000000000000000 ) ) ;
#5356 = DIRECTION ( 'NONE',  ( 1.000000000000000000, -0.000000000000000000, -0.000000000000000000 ) ) ;
#5357 = CARTESIAN_POINT ( 'NONE',  ( 1.800000000000000488, 0.000000000000000000, 1.349999999999999645 ) ) ;
#5358 = EDGE_LOOP ( 'NONE', ( #5484, #1066, #5341, #2755, #3096, #3382 ) ) ;
#5359 = EDGE_CURVE ( 'NONE', #2686, #1410, #4492, .T. ) ;
#5360 = ORIENTED_EDGE ( 'NONE', *, *, #4280, .T. ) ;
#5361 = APPLICATION_PROTOCOL_DEFINITION ( 'draft international standard', 'automotive_design', 1998, #3931 ) ;
#5362 = VERTEX_POINT ( 'NONE', #1552 ) ;
#5363 = DIRECTION ( 'NONE',  ( 1.000000000000000000, 0.000000000000000000, -1.807003620809175371E-16 ) ) ;
#5364 = ORIENTED_EDGE ( 'NONE', *, *, #2898, .T. ) ;
#5365 = CARTESIAN_POINT ( 'NONE',  ( 0.000000000000000000, 0.000000000000000000, 0.000000000000000000 ) ) ;
#5366 = CARTESIAN_POINT ( 'NONE',  ( 1.800000000000000266, 0.000000000000000000, -1.699999999999999512 ) ) ;
#5367 = ORIENTED_EDGE ( 'NONE', *, *, #7634, .T. ) ;
#5368 = DIRECTION ( 'NONE',  ( 1.000000000000000000, 0.000000000000000000, 0.000000000000000000 ) ) ;
#5369 = DIRECTION ( 'NONE',  ( 0.000000000000000000, 0.000000000000000000, 1.000000000000000000 ) ) ;
#5370 = ORIENTED_EDGE ( 'NONE', *, *, #7634, .F. ) ;
#5371 = EDGE_CURVE ( 'NONE', #5636, #536, #3895, .T. ) ;
#5372 = EDGE_CURVE ( 'NONE', #1431, #4716, #2724, .T. ) ;
#5373 = DIRECTION ( 'NONE',  ( 0.000000000000000000, 0.000000000000000000, 1.000000000000000000 ) ) ;
#5374 = FILL_AREA_STYLE_COLOUR ( '', #1811 ) ;
#5375 = DIRECTION ( 'NONE',  ( 0.000000000000000000, -1.000000000000000000, 0.000000000000000000 ) ) ;
#5376 = CARTESIAN_POINT ( 'NONE',  ( 0.000000000000000000, 0.05000000000000000278, -1.699999999999999512 ) ) ;
#5377 = PLANE ( 'NONE',  #6924 ) ;
#5378 = PLANE ( 'NONE',  #4964 ) ;
#5379 = ORIENTED_EDGE ( 'NONE', *, *, #5491, .T. ) ;
#5380 = ADVANCED_FACE ( 'NONE', ( #3994 ), #6365, .F. ) ;
#5381 = VERTEX_POINT ( 'NONE', #7593 ) ;
#5382 = DIRECTION ( 'NONE',  ( 0.000000000000000000, -0.000000000000000000, -1.000000000000000000 ) ) ;
#5383 = DIRECTION ( 'NONE',  ( 0.000000000000000000, 0.000000000000000000, -1.000000000000000000 ) ) ;
#5384 = CARTESIAN_POINT ( 'NONE',  ( 1.949999999999999734, 0.1000000000000000056, -1.350000000000000533 ) ) ;
#5385 = ORIENTED_EDGE ( 'NONE', *, *, #574, .T. ) ;
#5386 = VECTOR ( 'NONE', #5539, 1000.000000000000000 ) ;
#5387 = CARTESIAN_POINT ( 'NONE',  ( 1.949999999999999734, 0.000000000000000000, 0.000000000000000000 ) ) ;
#5388 = EDGE_CURVE ( 'NONE', #5602, #3671, #6398, .T. ) ;
#5389 = LINE ( 'NONE', #4771, #3844 ) ;
#5390 = DIRECTION ( 'NONE',  ( -0.000000000000000000, -0.000000000000000000, 1.000000000000000000 ) ) ;
#5391 = EDGE_CURVE ( 'NONE', #5871, #2999, #2300, .T. ) ;
#5392 = VECTOR ( 'NONE', #3410, 1000.000000000000000 ) ;
#5393 = DIRECTION ( 'NONE',  ( 0.000000000000000000, 0.000000000000000000, -1.000000000000000000 ) ) ;
#5394 = EDGE_CURVE ( 'NONE', #1804, #4139, #1068, .T. ) ;
#5395 = COLOUR_RGB ( '',0.7921568627450980005, 0.8196078431372548767, 0.9333333333333333481 ) ;
#5396 = EDGE_LOOP ( 'NONE', ( #2845, #6772, #1368, #6105, #5000, #202 ) ) ;
#5397 = LINE ( 'NONE', #4231, #513 ) ;
#5398 = CARTESIAN_POINT ( 'NONE',  ( 1.800000000000000266, 0.1000000000000000056, -1.699999999999999512 ) ) ;
#5399 = DIRECTION ( 'NONE',  ( -0.000000000000000000, -1.000000000000000000, -0.000000000000000000 ) ) ;
#5400 = VECTOR ( 'NONE', #701, 1000.000000000000000 ) ;
#5401 = VERTEX_POINT ( 'NONE', #2266 ) ;
#5402 = VERTEX_POINT ( 'NONE', #5205 ) ;
#5403 = ORIENTED_EDGE ( 'NONE', *, *, #1932, .F. ) ;
#5404 = EDGE_CURVE ( 'NONE', #6364, #5250, #3374, .T. ) ;
#5405 = LINE ( 'NONE', #34, #2794 ) ;
#5406 = ORIENTED_EDGE ( 'NONE', *, *, #6221, .T. ) ;
#5407 = DIRECTION ( 'NONE',  ( 0.000000000000000000, -1.000000000000000000, 0.000000000000000000 ) ) ;
#5408 = VECTOR ( 'NONE', #6477, 1000.000000000000000 ) ;
#5409 = ADVANCED_FACE ( 'NONE', ( #6260 ), #5749, .F. ) ;
#5410 = DIRECTION ( 'NONE',  ( 0.000000000000000000, 1.000000000000000000, 0.000000000000000000 ) ) ;
#5411 = ORIENTED_EDGE ( 'NONE', *, *, #6099, .F. ) ;
#5412 = DIRECTION ( 'NONE',  ( 0.000000000000000000, -1.000000000000000000, 0.000000000000000000 ) ) ;
#5413 = ORIENTED_EDGE ( 'NONE', *, *, #6547, .T. ) ;
#5414 = PLANE ( 'NONE',  #3241 ) ;
#5415 = DIRECTION ( 'NONE',  ( -1.000000000000000000, 0.000000000000000000, 0.000000000000000000 ) ) ;
#5416 = DIRECTION ( 'NONE',  ( -1.000000000000000000, 0.000000000000000000, 0.000000000000000000 ) ) ;
#5417 = CARTESIAN_POINT ( 'NONE',  ( 0.000000000000000000, 0.2000000000000000111, 0.000000000000000000 ) ) ;
#5418 = CARTESIAN_POINT ( 'NONE',  ( 0.2499999999999999445, 0.2000000000000000111, -0.9500000000000003997 ) ) ;
#5419 = MECHANICAL_DESIGN_GEOMETRIC_PRESENTATION_REPRESENTATION (  '', ( #2931 ), #3058 ) ;
#5420 = CARTESIAN_POINT ( 'NONE',  ( 1.800000000000000266, 0.000000000000000000, -1.750000000000000444 ) ) ;
#5421 = EDGE_CURVE ( 'NONE', #7114, #3478, #6914, .T. ) ;
#5422 = ADVANCED_FACE ( 'NONE', ( #5130 ), #444, .F. ) ;
#5423 = EDGE_LOOP ( 'NONE', ( #3286, #3759, #7204, #225 ) ) ;
#5424 = EDGE_CURVE ( 'NONE', #1873, #6097, #1649, .T. ) ;
#5425 = AXIS2_PLACEMENT_3D ( 'NONE', #317, #5076, #2752 ) ;
#5426 = DIRECTION ( 'NONE',  ( 0.000000000000000000, -1.000000000000000000, 0.000000000000000000 ) ) ;
#5427 = CARTESIAN_POINT ( 'NONE',  ( 2.000000000000000444, 0.2000000000000000111, -1.350000000000000533 ) ) ;
#5428 = CARTESIAN_POINT ( 'NONE',  ( -1.850000000000000311, 0.1000000000000000056, 1.699999999999999734 ) ) ;
#5429 = EDGE_LOOP ( 'NONE', ( #2404, #676, #4682, #4894, #2775, #5489 ) ) ;
#5430 = ADVANCED_FACE ( 'NONE', ( #3297 ), #2157, .F. ) ;
#5431 = AXIS2_PLACEMENT_3D ( 'NONE', #2013, #2732, #4402 ) ;
#5432 = AXIS2_PLACEMENT_3D ( 'NONE', #1244, #7616, #6387 ) ;
#5433 = EDGE_LOOP ( 'NONE', ( #4397, #6697, #6962, #4752, #714, #1270 ) ) ;
#5434 = EDGE_LOOP ( 'NONE', ( #2821, #4422, #273, #5085 ) ) ;
#5435 = VECTOR ( 'NONE', #5573, 1000.000000000000000 ) ;
#5436 = DIRECTION ( 'NONE',  ( 1.000000000000000000, -0.000000000000000000, -1.807003620809175125E-16 ) ) ;
#5437 = PLANE ( 'NONE',  #3467 ) ;
#5438 = CARTESIAN_POINT ( 'NONE',  ( 0.6500000000000000222, 0.1000000000000000056, 1.699999999999999734 ) ) ;
#5439 = VERTEX_POINT ( 'NONE', #4583 ) ;
#5440 = LINE ( 'NONE', #7024, #6435 ) ;
#5441 = CARTESIAN_POINT ( 'NONE',  ( -1.999999999999999556, 0.2000000000000000111, -0.6750000000000000444 ) ) ;
#5442 = EDGE_CURVE ( 'NONE', #448, #3477, #3447, .T. ) ;
#5443 = VERTEX_POINT ( 'NONE', #3338 ) ;
#5444 = ORIENTED_EDGE ( 'NONE', *, *, #1402, .T. ) ;
#5445 = VERTEX_POINT ( 'NONE', #2797 ) ;
#5446 = DIRECTION ( 'NONE',  ( 2.168404344971008474E-15, 0.000000000000000000, 1.000000000000000000 ) ) ;
#5447 = EDGE_CURVE ( 'NONE', #2715, #3387, #3408, .T. ) ;
#5448 = VERTEX_POINT ( 'NONE', #6986 ) ;
#5449 = CARTESIAN_POINT ( 'NONE',  ( 0.000000000000000000, 0.1000000000000000056, 0.000000000000000000 ) ) ;
#5450 = CARTESIAN_POINT ( 'NONE',  ( 1.800000000000000488, 0.2000000000000000944, 1.349999999999999645 ) ) ;
#5451 = ORIENTED_EDGE ( 'NONE', *, *, #5394, .F. ) ;
#5452 = AXIS2_PLACEMENT_3D ( 'NONE', #5365, #7073, #2467 ) ;
#5453 = PLANE ( 'NONE',  #3071 ) ;
#5454 = CARTESIAN_POINT ( 'NONE',  ( 2.000000000000000444, 0.1000000000000000056, -1.750000000000000444 ) ) ;
#5455 = ORIENTED_EDGE ( 'NONE', *, *, #5900, .T. ) ;
#5456 = VECTOR ( 'NONE', #2415, 1000.000000000000000 ) ;
#5457 = CARTESIAN_POINT ( 'NONE',  ( -1.949999999999999734, 0.2000000000000000111, -0.3750000000000001110 ) ) ;
#5458 = DIRECTION ( 'NONE',  ( 0.000000000000000000, 0.000000000000000000, 1.000000000000000000 ) ) ;
#5459 = VECTOR ( 'NONE', #318, 1000.000000000000000 ) ;
#5460 = LINE ( 'NONE', #1819, #4941 ) ;
#5461 = VECTOR ( 'NONE', #3486, 1000.000000000000000 ) ;
#5462 = LINE ( 'NONE', #1903, #1235 ) ;
#5463 = PRESENTATION_STYLE_ASSIGNMENT (( #3087 ) ) ;
#5464 = ORIENTED_EDGE ( 'NONE', *, *, #4098, .F. ) ;
#5465 = VECTOR ( 'NONE', #2729, 1000.000000000000000 ) ;
#5466 = VECTOR ( 'NONE', #5666, 1000.000000000000000 ) ;
#5467 = CARTESIAN_POINT ( 'NONE',  ( 0.6500000000000000222, 0.05000000000000000278, 0.000000000000000000 ) ) ;
#5468 = DIRECTION ( 'NONE',  ( -1.000000000000000000, 0.000000000000000000, 0.000000000000000000 ) ) ;
#5469 = LINE ( 'NONE', #6827, #4309 ) ;
#5470 = ORIENTED_EDGE ( 'NONE', *, *, #4262, .T. ) ;
#5471 = VECTOR ( 'NONE', #4919, 1000.000000000000000 ) ;
#5472 = ORIENTED_EDGE ( 'NONE', *, *, #1597, .F. ) ;
#5473 = DIRECTION ( 'NONE',  ( 0.000000000000000000, 0.000000000000000000, -1.000000000000000000 ) ) ;
#5474 = CARTESIAN_POINT ( 'NONE',  ( -1.250000000000000222, 0.2000000000000000944, 1.749999999999998890 ) ) ;
#5475 = EDGE_CURVE ( 'NONE', #7117, #122, #4512, .T. ) ;
#5476 = LINE ( 'NONE', #3795, #6702 ) ;
#5477 = FACE_OUTER_BOUND ( 'NONE', #2822, .T. ) ;
#5478 = ORIENTED_EDGE ( 'NONE', *, *, #6470, .T. ) ;
#5479 = DIRECTION ( 'NONE',  ( -1.000000000000000000, 0.000000000000000000, 0.000000000000000000 ) ) ;
#5480 = DIRECTION ( 'NONE',  ( -0.000000000000000000, -1.000000000000000000, -0.000000000000000000 ) ) ;
#5481 = VECTOR ( 'NONE', #6117, 1000.000000000000000 ) ;
#5482 = ADVANCED_FACE ( 'NONE', ( #7522 ), #1679, .F. ) ;
#5483 = VERTEX_POINT ( 'NONE', #5241 ) ;
#5484 = ORIENTED_EDGE ( 'NONE', *, *, #7221, .T. ) ;
#5485 = VERTEX_POINT ( 'NONE', #2764 ) ;
#5486 = LINE ( 'NONE', #888, #6234 ) ;
#5487 = VECTOR ( 'NONE', #3939, 1000.000000000000000 ) ;
#5488 = CARTESIAN_POINT ( 'NONE',  ( -0.2000000000000005107, 2.436067977499789983, 0.2000000000000000389 ) ) ;
#5489 = ORIENTED_EDGE ( 'NONE', *, *, #4970, .F. ) ;
#5490 = DIRECTION ( 'NONE',  ( -0.000000000000000000, -1.000000000000000000, -0.000000000000000000 ) ) ;
#5491 = EDGE_CURVE ( 'NONE', #4509, #4600, #6019, .T. ) ;
#5492 = LINE ( 'NONE', #6114, #1515 ) ;
#5493 = ORIENTED_EDGE ( 'NONE', *, *, #4023, .T. ) ;
#5494 = CARTESIAN_POINT ( 'NONE',  ( -1.949999999999999734, 2.436067977499789983, 0.3749999999999992228 ) ) ;
#5495 = VECTOR ( 'NONE', #6344, 1000.000000000000000 ) ;
#5496 = LINE ( 'NONE', #896, #4239 ) ;
#5497 = EDGE_LOOP ( 'NONE', ( #627, #1661, #578, #4420 ) ) ;
#5498 = EDGE_CURVE ( 'NONE', #7223, #1060, #4147, .T. ) ;
#5499 = CARTESIAN_POINT ( 'NONE',  ( -1.850000000000000311, 2.436067977499789983, 1.749999999999999556 ) ) ;
#5500 = ADVANCED_FACE ( 'NONE', ( #5899 ), #1877, .T. ) ;
#5501 = CARTESIAN_POINT ( 'NONE',  ( -0.7500000000000001110, 2.436067977499789983, -1.750000000000000444 ) ) ;
#5502 = CARTESIAN_POINT ( 'NONE',  ( 0.2499999999999999445, 2.436067977499789983, -0.9500000000000003997 ) ) ;
#5503 = CARTESIAN_POINT ( 'NONE',  ( -1.500000000000000444, 0.2000000000000000111, 0.3749999999999993339 ) ) ;
#5504 = CARTESIAN_POINT ( 'NONE',  ( 0.000000000000000000, 0.1000000000000000056, 0.000000000000000000 ) ) ;
#5505 = ORIENTED_EDGE ( 'NONE', *, *, #4842, .T. ) ;
#5506 = PLANE ( 'NONE',  #5598 ) ;
#5507 = FILL_AREA_STYLE ('',( #3168 ) ) ;
#5508 = DIRECTION ( 'NONE',  ( -1.000000000000000000, 0.000000000000000000, -1.807003620809175125E-16 ) ) ;
#5509 = EDGE_CURVE ( 'NONE', #4099, #2525, #4735, .T. ) ;
#5510 = ORIENTED_EDGE ( 'NONE', *, *, #6959, .T. ) ;
#5511 = ORIENTED_EDGE ( 'NONE', *, *, #5187, .F. ) ;
#5512 = VERTEX_POINT ( 'NONE', #719 ) ;
#5513 = PRODUCT_DEFINITION_CONTEXT ( 'detailed design', #3931, 'design' ) ;
#5514 = LINE ( 'NONE', #6060, #4475 ) ;
#5515 = CARTESIAN_POINT ( 'NONE',  ( 0.000000000000000000, 0.000000000000000000, 1.699999999999999734 ) ) ;
#5516 = FACE_OUTER_BOUND ( 'NONE', #3182, .T. ) ;
#5517 = ORIENTED_EDGE ( 'NONE', *, *, #4905, .T. ) ;
#5518 = CARTESIAN_POINT ( 'NONE',  ( -1.999999999999999556, 0.1000000000000000056, -1.750000000000000444 ) ) ;
#5519 = EDGE_CURVE ( 'NONE', #494, #3377, #7625, .T. ) ;
#5520 = EDGE_CURVE ( 'NONE', #6714, #2638, #5938, .T. ) ;
#5521 = ORIENTED_EDGE ( 'NONE', *, *, #6316, .T. ) ;
#5522 = EDGE_CURVE ( 'NONE', #4340, #4068, #637, .T. ) ;
#5523 = ORIENTED_EDGE ( 'NONE', *, *, #4511, .F. ) ;
#5524 = VECTOR ( 'NONE', #1550, 1000.000000000000000 ) ;
#5525 = EDGE_LOOP ( 'NONE', ( #1533, #5626, #848, #5464, #3964, #4597 ) ) ;
#5526 = LINE ( 'NONE', #334, #4865 ) ;
#5527 = DIRECTION ( 'NONE',  ( 0.000000000000000000, -0.000000000000000000, 1.000000000000000000 ) ) ;
#5528 = EDGE_CURVE ( 'NONE', #929, #7602, #1794, .T. ) ;
#5529 = ORIENTED_EDGE ( 'NONE', *, *, #6462, .T. ) ;
#5530 = CARTESIAN_POINT ( 'NONE',  ( 0.6500000000000000222, 0.2000000000000000944, 0.9499999999999995115 ) ) ;
#5531 = CARTESIAN_POINT ( 'NONE',  ( 0.000000000000000000, 0.2000000000000000111, 0.000000000000000000 ) ) ;
#5532 = ORIENTED_EDGE ( 'NONE', *, *, #7568, .T. ) ;
#5533 = DIRECTION ( 'NONE',  ( 0.000000000000000000, 1.000000000000000000, 0.000000000000000000 ) ) ;
#5534 = VECTOR ( 'NONE', #7176, 1000.000000000000000 ) ;
#5535 = MECHANICAL_DESIGN_GEOMETRIC_PRESENTATION_REPRESENTATION (  '', ( #4283 ), #6275 ) ;
#5536 = CARTESIAN_POINT ( 'NONE',  ( 1.399999999999999911, 2.436067977499789983, 0.9499999999999995115 ) ) ;
#5537 = ORIENTED_EDGE ( 'NONE', *, *, #1866, .F. ) ;
#5538 = AXIS2_PLACEMENT_3D ( 'NONE', #2591, #6699, #3737 ) ;
#5539 = DIRECTION ( 'NONE',  ( -0.000000000000000000, -1.000000000000000000, -0.000000000000000000 ) ) ;
#5540 = DIRECTION ( 'NONE',  ( 1.000000000000000000, 0.000000000000000000, -0.000000000000000000 ) ) ;
#5541 = DIRECTION ( 'NONE',  ( -0.000000000000000000, -1.000000000000000000, -0.000000000000000000 ) ) ;
#5542 = CARTESIAN_POINT ( 'NONE',  ( -1.649999999999999467, 0.9000000000000000222, -1.400000000000000355 ) ) ;
#5543 = CARTESIAN_POINT ( 'NONE',  ( -0.7500000000000001110, 0.1000000000000000056, -1.699999999999999512 ) ) ;
#5544 = EDGE_CURVE ( 'NONE', #7602, #2459, #1214, .T. ) ;
#5545 = ORIENTED_EDGE ( 'NONE', *, *, #1505, .F. ) ;
#5546 = ADVANCED_FACE ( 'NONE', ( #3061 ), #4226, .F. ) ;
#5547 = CYLINDRICAL_SURFACE ( 'NONE', #5603, 0.1499999999999999667 ) ;
#5548 = PRESENTATION_STYLE_ASSIGNMENT (( #1444 ) ) ;
#5549 = CARTESIAN_POINT ( 'NONE',  ( -1.000000000000000222, 0.2000000000000000111, 1.749999999999998668 ) ) ;
#5550 = CARTESIAN_POINT ( 'NONE',  ( -0.5000000000000001110, 0.2000000000000000944, 1.749999999999999556 ) ) ;
#5551 = ORIENTED_EDGE ( 'NONE', *, *, #3333, .F. ) ;
#5552 = ORIENTED_EDGE ( 'NONE', *, *, #2787, .T. ) ;
#5553 = VECTOR ( 'NONE', #7610, 1000.000000000000000 ) ;
#5554 = EDGE_CURVE ( 'NONE', #4166, #680, #2984, .T. ) ;
#5555 = COLOUR_RGB ( '',0.7921568627450980005, 0.8196078431372548767, 0.9333333333333333481 ) ;
#5556 = ORIENTED_EDGE ( 'NONE', *, *, #3468, .T. ) ;
#5557 = DIRECTION ( 'NONE',  ( 0.000000000000000000, 0.000000000000000000, 1.000000000000000000 ) ) ;
#5558 = DIRECTION ( 'NONE',  ( -0.000000000000000000, -1.000000000000000000, 0.000000000000000000 ) ) ;
#5559 = CARTESIAN_POINT ( 'NONE',  ( 1.949999999999999734, 0.000000000000000000, 1.349999999999999645 ) ) ;
#5560 = ORIENTED_EDGE ( 'NONE', *, *, #5447, .F. ) ;
#5561 = CARTESIAN_POINT ( 'NONE',  ( -1.949999999999999734, 0.1000000000000000056, -1.699999999999999512 ) ) ;
#5562 = VECTOR ( 'NONE', #674, 1000.000000000000000 ) ;
#5563 = ORIENTED_EDGE ( 'NONE', *, *, #6459, .T. ) ;
#5564 = VERTEX_POINT ( 'NONE', #3636 ) ;
#5565 = VECTOR ( 'NONE', #563, 1000.000000000000000 ) ;
#5566 = ORIENTED_EDGE ( 'NONE', *, *, #3330, .T. ) ;
#5567 = LINE ( 'NONE', #2576, #298 ) ;
#5568 =( NAMED_UNIT ( * ) PLANE_ANGLE_UNIT ( ) SI_UNIT ( $, .RADIAN. ) );
#5569 = DIRECTION ( 'NONE',  ( -1.000000000000000000, 0.000000000000000000, 0.000000000000000000 ) ) ;
#5570 = AXIS2_PLACEMENT_3D ( 'NONE', #238, #6162, #5029 ) ;
#5571 = ORIENTED_EDGE ( 'NONE', *, *, #6013, .F. ) ;
#5572 = CARTESIAN_POINT ( 'NONE',  ( -1.500000000000000222, 0.2000000000000000111, -1.699999999999999512 ) ) ;
#5573 = DIRECTION ( 'NONE',  ( 0.000000000000000000, -1.000000000000000000, 0.000000000000000000 ) ) ;
#5574 = ORIENTED_EDGE ( 'NONE', *, *, #1195, .T. ) ;
#5575 = DIRECTION ( 'NONE',  ( 0.000000000000000000, 0.000000000000000000, -1.000000000000000000 ) ) ;
#5576 = CARTESIAN_POINT ( 'NONE',  ( 0.2499999999999999445, 0.2000000000000000944, 0.9499999999999995115 ) ) ;
#5577 = ORIENTED_EDGE ( 'NONE', *, *, #6223, .T. ) ;
#5578 = CARTESIAN_POINT ( 'NONE',  ( -1.250000000000000222, 0.1000000000000000056, -1.750000000000000444 ) ) ;
#5579 = EDGE_CURVE ( 'NONE', #4734, #6045, #5982, .T. ) ;
#5580 = VECTOR ( 'NONE', #4586, 1000.000000000000000 ) ;
#5581 = ORIENTED_EDGE ( 'NONE', *, *, #1556, .F. ) ;
#5582 = CARTESIAN_POINT ( 'NONE',  ( 0.6500000000000000222, 0.000000000000000000, 1.699999999999999734 ) ) ;
#5583 = CARTESIAN_POINT ( 'NONE',  ( -1.949999999999999734, 0.05000000000000000278, -1.350000000000000089 ) ) ;
#5584 = DIRECTION ( 'NONE',  ( 0.000000000000000000, 0.000000000000000000, -1.000000000000000000 ) ) ;
#5585 = DIRECTION ( 'NONE',  ( -1.000000000000000000, 0.000000000000000000, 0.000000000000000000 ) ) ;
#5586 = AXIS2_PLACEMENT_3D ( 'NONE', #1798, #1261, #2906 ) ;
#5587 = DIRECTION ( 'NONE',  ( -0.7071067811865463515, 0.000000000000000000, -0.7071067811865487940 ) ) ;
#5588 = CARTESIAN_POINT ( 'NONE',  ( -1.949999999999999734, 0.1000000000000000056, -1.699999999999999512 ) ) ;
#5589 = ADVANCED_FACE ( 'NONE', ( #22 ), #2375, .T. ) ;
#5590 = CARTESIAN_POINT ( 'NONE',  ( 1.399999999999999911, 0.04999999999999999584, 0.9499999999999995115 ) ) ;
#5591 = VERTEX_POINT ( 'NONE', #5351 ) ;
#5592 = ORIENTED_EDGE ( 'NONE', *, *, #2535, .T. ) ;
#5593 = AXIS2_PLACEMENT_3D ( 'NONE', #7364, #3714, #4929 ) ;
#5594 = VERTEX_POINT ( 'NONE', #2410 ) ;
#5595 = CARTESIAN_POINT ( 'NONE',  ( 1.949999999999999734, 0.2000000000000000111, -1.350000000000000533 ) ) ;
#5596 = LINE ( 'NONE', #5515, #516 ) ;
#5597 = CARTESIAN_POINT ( 'NONE',  ( -0.7500000000000001110, 2.436067977499789983, 1.250000000000000444 ) ) ;
#5598 = AXIS2_PLACEMENT_3D ( 'NONE', #6707, #3167, #6204 ) ;
#5599 = ORIENTED_EDGE ( 'NONE', *, *, #3178, .F. ) ;
#5600 = CARTESIAN_POINT ( 'NONE',  ( 0.6500000000000000222, 0.2000000000000000944, 0.9499999999999995115 ) ) ;
#5601 = ORIENTED_EDGE ( 'NONE', *, *, #4059, .F. ) ;
#5602 = VERTEX_POINT ( 'NONE', #3485 ) ;
#5603 = AXIS2_PLACEMENT_3D ( 'NONE', #3090, #3824, #203 ) ;
#5604 = CARTESIAN_POINT ( 'NONE',  ( 2.000000000000000444, 0.2000000000000000944, -1.350000000000000533 ) ) ;
#5605 = DIRECTION ( 'NONE',  ( 0.000000000000000000, 0.000000000000000000, 1.000000000000000000 ) ) ;
#5606 = DIRECTION ( 'NONE',  ( 0.7071067811865487940, 0.000000000000000000, -0.7071067811865463515 ) ) ;
#5607 = ORIENTED_EDGE ( 'NONE', *, *, #6175, .T. ) ;
#5608 = DIRECTION ( 'NONE',  ( 0.000000000000000000, 0.000000000000000000, 1.000000000000000000 ) ) ;
#5609 = PLANE ( 'NONE',  #1481 ) ;
#5610 = DIRECTION ( 'NONE',  ( 1.000000000000000000, -0.000000000000000000, -0.000000000000000000 ) ) ;
#5611 = EDGE_CURVE ( 'NONE', #4574, #7191, #5389, .T. ) ;
#5612 = CARTESIAN_POINT ( 'NONE',  ( -0.2000000000000005662, 0.09999999999999982514, -0.2000000000000000111 ) ) ;
#5613 = AXIS2_PLACEMENT_3D ( 'NONE', #4495, #5694, #4641 ) ;
#5614 = EDGE_LOOP ( 'NONE', ( #4261, #1052, #1147, #7096, #4020, #6140 ) ) ;
#5615 = VERTEX_POINT ( 'NONE', #7135 ) ;
#5616 = CARTESIAN_POINT ( 'NONE',  ( -1.500000000000000444, 0.2000000000000000111, 0.6749999999999991562 ) ) ;
#5617 = CARTESIAN_POINT ( 'NONE',  ( -1.949999999999999734, 0.1000000000000000056, -1.350000000000000089 ) ) ;
#5618 = PRESENTATION_LAYER_ASSIGNMENT (  '', '', ( #4994 ) ) ;
#5619 = EDGE_CURVE ( 'NONE', #1007, #2012, #5862, .T. ) ;
#5620 = EDGE_CURVE ( 'NONE', #3274, #7213, #95, .T. ) ;
#5621 = CARTESIAN_POINT ( 'NONE',  ( -1.949999999999999734, 0.1000000000000000056, -0.3750000000000001110 ) ) ;
#5622 = DIRECTION ( 'NONE',  ( -0.000000000000000000, -0.000000000000000000, 1.000000000000000000 ) ) ;
#5623 = EDGE_CURVE ( 'NONE', #486, #182, #4813, .T. ) ;
#5624 = CARTESIAN_POINT ( 'NONE',  ( 0.000000000000000000, 0.000000000000000000, 0.000000000000000000 ) ) ;
#5625 = DIRECTION ( 'NONE',  ( 1.000000000000000000, 0.000000000000000000, 0.000000000000000000 ) ) ;
#5626 = ORIENTED_EDGE ( 'NONE', *, *, #6656, .T. ) ;
#5627 = ORIENTED_EDGE ( 'NONE', *, *, #7422, .F. ) ;
#5628 = EDGE_LOOP ( 'NONE', ( #5217, #2310, #2834, #6556 ) ) ;
#5629 = DIRECTION ( 'NONE',  ( -5.421010862427522170E-16, 0.000000000000000000, 1.000000000000000000 ) ) ;
#5630 = PLANE ( 'NONE',  #145 ) ;
#5631 = FACE_OUTER_BOUND ( 'NONE', #2737, .T. ) ;
#5632 = ORIENTED_EDGE ( 'NONE', *, *, #4640, .T. ) ;
#5633 = DIRECTION ( 'NONE',  ( 1.000000000000000000, 0.000000000000000000, -0.000000000000000000 ) ) ;
#5634 = ADVANCED_FACE ( 'NONE', ( #2901 ), #6173, .F. ) ;
#5635 = ORIENTED_EDGE ( 'NONE', *, *, #801, .T. ) ;
#5636 = VERTEX_POINT ( 'NONE', #3751 ) ;
#5637 = EDGE_CURVE ( 'NONE', #1734, #736, #3833, .T. ) ;
#5638 = PLANE ( 'NONE',  #5216 ) ;
#5639 = ADVANCED_FACE ( 'NONE', ( #6790 ), #1489, .F. ) ;
#5640 = DIRECTION ( 'NONE',  ( 0.000000000000000000, 0.000000000000000000, -1.000000000000000000 ) ) ;
#5641 = DIRECTION ( 'NONE',  ( 0.000000000000000000, -1.000000000000000000, 0.000000000000000000 ) ) ;
#5642 = ORIENTED_EDGE ( 'NONE', *, *, #3793, .F. ) ;
#5643 = LINE ( 'NONE', #6766, #3089 ) ;
#5644 = CARTESIAN_POINT ( 'NONE',  ( -1.250000000000000222, 0.000000000000000000, 1.250000000000000444 ) ) ;
#5645 = FACE_OUTER_BOUND ( 'NONE', #6338, .T. ) ;
#5646 = VECTOR ( 'NONE', #1512, 1000.000000000000000 ) ;
#5647 = EDGE_CURVE ( 'NONE', #6391, #3608, #6676, .T. ) ;
#5648 = ORIENTED_EDGE ( 'NONE', *, *, #5872, .T. ) ;
#5649 = CARTESIAN_POINT ( 'NONE',  ( 1.800000000000000488, 0.000000000000000000, 1.349999999999999645 ) ) ;
#5650 = VERTEX_POINT ( 'NONE', #2607 ) ;
#5651 = LINE ( 'NONE', #4372, #3537 ) ;
#5652 = VECTOR ( 'NONE', #1651, 1000.000000000000000 ) ;
#5653 = LINE ( 'NONE', #4493, #6667 ) ;
#5654 = LINE ( 'NONE', #3860, #4537 ) ;
#5655 = DIRECTION ( 'NONE',  ( 0.000000000000000000, -0.000000000000000000, 1.000000000000000000 ) ) ;
#5656 = VECTOR ( 'NONE', #46, 1000.000000000000000 ) ;
#5657 = CARTESIAN_POINT ( 'NONE',  ( 0.000000000000000000, 0.1000000000000000056, 0.000000000000000000 ) ) ;
#5658 = CARTESIAN_POINT ( 'NONE',  ( -0.7500000000000001110, 0.2000000000000000111, -1.750000000000000444 ) ) ;
#5659 = EDGE_CURVE ( 'NONE', #6562, #7421, #7288, .T. ) ;
#5660 = CARTESIAN_POINT ( 'NONE',  ( 1.949999999999999734, 0.1000000000000000056, -1.699999999999999512 ) ) ;
#5661 = LINE ( 'NONE', #5077, #6700 ) ;
#5662 = ORIENTED_EDGE ( 'NONE', *, *, #6893, .F. ) ;
#5663 = ADVANCED_FACE ( 'NONE', ( #6135 ), #3256, .F. ) ;
#5664 = EDGE_LOOP ( 'NONE', ( #6590, #4043, #3147, #2327 ) ) ;
#5665 = ORIENTED_EDGE ( 'NONE', *, *, #365, .T. ) ;
#5666 = DIRECTION ( 'NONE',  ( 0.000000000000000000, 0.000000000000000000, 1.000000000000000000 ) ) ;
#5667 = FACE_OUTER_BOUND ( 'NONE', #3909, .T. ) ;
#5668 = DIRECTION ( 'NONE',  ( 1.355252715606880296E-16, -0.000000000000000000, 1.000000000000000000 ) ) ;
#5669 = EDGE_CURVE ( 'NONE', #1865, #4472, #1370, .T. ) ;
#5670 = ORIENTED_EDGE ( 'NONE', *, *, #6894, .F. ) ;
#5671 = LINE ( 'NONE', #2761, #1104 ) ;
#5672 = PRESENTATION_LAYER_ASSIGNMENT (  '', '', ( #1344 ) ) ;
#5673 = DIRECTION ( 'NONE',  ( 0.000000000000000000, -0.000000000000000000, 1.000000000000000000 ) ) ;
#5674 = LINE ( 'NONE', #2474, #913 ) ;
#5675 = AXIS2_PLACEMENT_3D ( 'NONE', #3990, #2828, #6363 ) ;
#5676 = CARTESIAN_POINT ( 'NONE',  ( -1.949999999999999734, 0.000000000000000000, 0.000000000000000000 ) ) ;
#5677 = VERTEX_POINT ( 'NONE', #2528 ) ;
#5678 = FACE_OUTER_BOUND ( 'NONE', #5178, .T. ) ;
#5679 = LINE ( 'NONE', #6370, #6447 ) ;
#5680 = EDGE_CURVE ( 'NONE', #4079, #5615, #837, .T. ) ;
#5681 = CARTESIAN_POINT ( 'NONE',  ( -0.7500000000000002220, 0.1000000000000000056, 1.749999999999999556 ) ) ;
#5682 = VECTOR ( 'NONE', #2199, 1000.000000000000000 ) ;
#5683 = ORIENTED_EDGE ( 'NONE', *, *, #2863, .T. ) ;
#5684 = DIRECTION ( 'NONE',  ( 0.000000000000000000, 0.000000000000000000, -1.000000000000000000 ) ) ;
#5685 = VERTEX_POINT ( 'NONE', #3794 ) ;
#5686 = EDGE_CURVE ( 'NONE', #5445, #1473, #3176, .T. ) ;
#5687 = VECTOR ( 'NONE', #7161, 1000.000000000000000 ) ;
#5688 = DIRECTION ( 'NONE',  ( -0.000000000000000000, -1.000000000000000000, 0.000000000000000000 ) ) ;
#5689 = ORIENTED_EDGE ( 'NONE', *, *, #2921, .F. ) ;
#5690 = CARTESIAN_POINT ( 'NONE',  ( 0.2499999999999999445, 0.05000000000000000278, 0.000000000000000000 ) ) ;
#5691 = CARTESIAN_POINT ( 'NONE',  ( -1.500000000000000222, 0.000000000000000000, 0.1499999999999999667 ) ) ;
#5692 = DIRECTION ( 'NONE',  ( 0.000000000000000000, -0.000000000000000000, 1.000000000000000000 ) ) ;
#5693 = DIRECTION ( 'NONE',  ( 1.000000000000000000, -0.000000000000000000, -0.000000000000000000 ) ) ;
#5694 = DIRECTION ( 'NONE',  ( -0.000000000000000000, 0.000000000000000000, -1.000000000000000000 ) ) ;
#5695 = CARTESIAN_POINT ( 'NONE',  ( -0.7500000000000001110, 0.05000000000000000278, 0.000000000000000000 ) ) ;
#5696 = CARTESIAN_POINT ( 'NONE',  ( 1.399999999999999911, 0.2000000000000000944, -1.750000000000000444 ) ) ;
#5697 = FACE_OUTER_BOUND ( 'NONE', #2121, .T. ) ;
#5698 = ORIENTED_EDGE ( 'NONE', *, *, #515, .T. ) ;
#5699 = VECTOR ( 'NONE', #6845, 1000.000000000000000 ) ;
#5700 = ORIENTED_EDGE ( 'NONE', *, *, #1265, .F. ) ;
#5701 = ORIENTED_EDGE ( 'NONE', *, *, #2498, .T. ) ;
#5702 = PLANE ( 'NONE',  #3358 ) ;
#5703 = DIRECTION ( 'NONE',  ( -0.000000000000000000, -0.000000000000000000, -1.000000000000000000 ) ) ;
#5704 = FACE_OUTER_BOUND ( 'NONE', #3948, .T. ) ;
#5705 = DIRECTION ( 'NONE',  ( 0.000000000000000000, 1.000000000000000000, 0.000000000000000000 ) ) ;
#5706 = EDGE_LOOP ( 'NONE', ( #1652, #1913, #4885, #5876 ) ) ;
#5707 = VECTOR ( 'NONE', #3364, 1000.000000000000000 ) ;
#5708 = CIRCLE ( 'NONE', #7559, 0.1499999999999999667 ) ;
#5709 = EDGE_CURVE ( 'NONE', #5483, #7443, #4264, .T. ) ;
#5710 = EDGE_CURVE ( 'NONE', #2462, #148, #6751, .T. ) ;
#5711 = DIRECTION ( 'NONE',  ( 1.000000000000000000, -0.000000000000000000, 0.000000000000000000 ) ) ;
#5712 = VECTOR ( 'NONE', #7128, 1000.000000000000000 ) ;
#5713 = CARTESIAN_POINT ( 'NONE',  ( -1.500000000000000222, 0.2000000000000000944, 0.9499999999999990674 ) ) ;
#5714 = LINE ( 'NONE', #6337, #6021 ) ;
#5715 = VERTEX_POINT ( 'NONE', #7247 ) ;
#5716 = DIRECTION ( 'NONE',  ( -0.000000000000000000, -1.000000000000000000, 0.000000000000000000 ) ) ;
#5717 = DIRECTION ( 'NONE',  ( 0.000000000000000000, -1.000000000000000000, 0.000000000000000000 ) ) ;
#5718 = EDGE_CURVE ( 'NONE', #3665, #2462, #3713, .T. ) ;
#5719 = PLANE ( 'NONE',  #2460 ) ;
#5720 = DIRECTION ( 'NONE',  ( 0.000000000000000000, 0.000000000000000000, -1.000000000000000000 ) ) ;
#5721 = COLOUR_RGB ( '',0.2509803921568627416, 0.2509803921568627416, 0.2509803921568627416 ) ;
#5722 = ORIENTED_EDGE ( 'NONE', *, *, #1667, .F. ) ;
#5723 = LINE ( 'NONE', #382, #4247 ) ;
#5724 = EDGE_LOOP ( 'NONE', ( #7635, #5360, #6596, #7605 ) ) ;
#5725 = DIRECTION ( 'NONE',  ( -1.000000000000000000, 0.000000000000000000, 0.000000000000000000 ) ) ;
#5726 = EDGE_LOOP ( 'NONE', ( #6480, #2394, #3076, #4315 ) ) ;
#5727 = DIRECTION ( 'NONE',  ( 0.000000000000000000, -1.000000000000000000, 0.000000000000000000 ) ) ;
#5728 = DIRECTION ( 'NONE',  ( -0.000000000000000000, -0.000000000000000000, 1.000000000000000000 ) ) ;
#5729 = SURFACE_STYLE_FILL_AREA ( #427 ) ;
#5730 = EDGE_CURVE ( 'NONE', #2733, #5448, #6634, .T. ) ;
#5731 = CARTESIAN_POINT ( 'NONE',  ( 1.800000000000000488, 0.2000000000000000111, -1.350000000000000533 ) ) ;
#5732 = EDGE_CURVE ( 'NONE', #2715, #6645, #292, .T. ) ;
#5733 = EDGE_CURVE ( 'NONE', #2733, #6364, #5514, .T. ) ;
#5734 = CARTESIAN_POINT ( 'NONE',  ( 1.399999999999999911, 0.2000000000000000944, 0.9499999999999995115 ) ) ;
#5735 = DIRECTION ( 'NONE',  ( 0.000000000000000000, 0.000000000000000000, -1.000000000000000000 ) ) ;
#5736 = VECTOR ( 'NONE', #2661, 1000.000000000000000 ) ;
#5737 = CARTESIAN_POINT ( 'NONE',  ( -0.2000000000000005662, 0.000000000000000000, -0.2000000000000000111 ) ) ;
#5738 = CARTESIAN_POINT ( 'NONE',  ( 2.000000000000000444, 0.1000000000000000056, 0.9499999999999995115 ) ) ;
#5739 = ORIENTED_EDGE ( 'NONE', *, *, #2636, .T. ) ;
#5740 = ORIENTED_EDGE ( 'NONE', *, *, #6411, .T. ) ;
#5741 = ORIENTED_EDGE ( 'NONE', *, *, #6462, .F. ) ;
#5742 = CARTESIAN_POINT ( 'NONE',  ( 1.949999999999999734, 0.1000000000000000056, 1.699999999999999734 ) ) ;
#5743 = DIRECTION ( 'NONE',  ( -1.000000000000000000, 0.000000000000000000, 0.000000000000000000 ) ) ;
#5744 = EDGE_CURVE ( 'NONE', #6525, #1665, #3672, .T. ) ;
#5745 = DIRECTION ( 'NONE',  ( 0.000000000000000000, 0.000000000000000000, -1.000000000000000000 ) ) ;
#5746 = FACE_OUTER_BOUND ( 'NONE', #2575, .T. ) ;
#5747 = ORIENTED_EDGE ( 'NONE', *, *, #4108, .T. ) ;
#5748 = ADVANCED_FACE ( 'NONE', ( #7363 ), #2069, .F. ) ;
#5749 = PLANE ( 'NONE',  #3406 ) ;
#5750 = CARTESIAN_POINT ( 'NONE',  ( 2.000000000000000444, 0.2000000000000000111, 1.349999999999999645 ) ) ;
#5751 = CARTESIAN_POINT ( 'NONE',  ( -1.999999999999999556, 0.2000000000000000111, -1.350000000000000089 ) ) ;
#5752 = ORIENTED_EDGE ( 'NONE', *, *, #3392, .F. ) ;
#5753 = DIRECTION ( 'NONE',  ( 0.000000000000000000, 0.000000000000000000, -1.000000000000000000 ) ) ;
#5754 = CARTESIAN_POINT ( 'NONE',  ( -1.500000000000000222, 0.2000000000000000111, 0.9499999999999990674 ) ) ;
#5755 = EDGE_CURVE ( 'NONE', #5362, #899, #3102, .T. ) ;
#5756 = EDGE_CURVE ( 'NONE', #534, #182, #6287, .T. ) ;
#5757 = CARTESIAN_POINT ( 'NONE',  ( 0.000000000000000000, -0.000000000000000000, 1.699999999999999734 ) ) ;
#5758 = VERTEX_POINT ( 'NONE', #6867 ) ;
#5759 = ORIENTED_EDGE ( 'NONE', *, *, #3060, .T. ) ;
#5760 =( NAMED_UNIT ( * ) PLANE_ANGLE_UNIT ( ) SI_UNIT ( $, .RADIAN. ) );
#5761 = ORIENTED_EDGE ( 'NONE', *, *, #5147, .T. ) ;
#5762 = CARTESIAN_POINT ( 'NONE',  ( -1.949999999999999734, 0.1000000000000000056, -1.699999999999999512 ) ) ;
#5763 = ORIENTED_EDGE ( 'NONE', *, *, #5755, .T. ) ;
#5764 = DIRECTION ( 'NONE',  ( 0.000000000000000000, -0.000000000000000000, 1.000000000000000000 ) ) ;
#5765 = CARTESIAN_POINT ( 'NONE',  ( -1.999999999999999556, 0.2000000000000000111, 0.6749999999999991562 ) ) ;
#5766 = ORIENTED_EDGE ( 'NONE', *, *, #3003, .F. ) ;
#5767 =( NAMED_UNIT ( * ) SI_UNIT ( $, .STERADIAN. ) SOLID_ANGLE_UNIT ( ) );
#5768 = VECTOR ( 'NONE', #4596, 1000.000000000000000 ) ;
#5769 = CARTESIAN_POINT ( 'NONE',  ( -1.500000000000000444, 0.2000000000000000111, -0.6750000000000000444 ) ) ;
#5770 = VECTOR ( 'NONE', #5875, 1000.000000000000000 ) ;
#5771 = CARTESIAN_POINT ( 'NONE',  ( -1.999999999999999556, 0.2000000000000000944, 0.9499999999999990674 ) ) ;
#5772 = SURFACE_STYLE_USAGE ( .BOTH. , #2215 ) ;
#5773 = PLANE ( 'NONE',  #2818 ) ;
#5774 = LINE ( 'NONE', #2820, #640 ) ;
#5775 = ORIENTED_EDGE ( 'NONE', *, *, #7112, .T. ) ;
#5776 = ADVANCED_FACE ( 'NONE', ( #2757 ), #7402, .F. ) ;
#5777 = VECTOR ( 'NONE', #2230, 1000.000000000000000 ) ;
#5778 = ORIENTED_EDGE ( 'NONE', *, *, #1537, .F. ) ;
#5779 = DIRECTION ( 'NONE',  ( -0.000000000000000000, -1.000000000000000000, -0.000000000000000000 ) ) ;
#5780 = ADVANCED_FACE ( 'NONE', ( #438 ), #1099, .T. ) ;
#5781 = LINE ( 'NONE', #6361, #6086 ) ;
#5782 = VECTOR ( 'NONE', #3918, 1000.000000000000000 ) ;
#5783 = CARTESIAN_POINT ( 'NONE',  ( 0.2499999999999999445, 2.436067977499789983, 0.9499999999999995115 ) ) ;
#5784 = EDGE_LOOP ( 'NONE', ( #3014, #3264, #1562, #2408, #3907, #4891 ) ) ;
#5785 = CARTESIAN_POINT ( 'NONE',  ( 0.2499999999999999445, 0.2000000000000000944, -0.9500000000000003997 ) ) ;
#5786 =( LENGTH_UNIT ( ) NAMED_UNIT ( * ) SI_UNIT ( .MILLI., .METRE. ) );
#5787 = LINE ( 'NONE', #5902, #1453 ) ;
#5788 = ORIENTED_EDGE ( 'NONE', *, *, #4098, .T. ) ;
#5789 = PLANE ( 'NONE',  #7302 ) ;
#5790 = COLOUR_RGB ( '',0.7921568627450980005, 0.8196078431372548767, 0.9333333333333333481 ) ;
#5791 = LINE ( 'NONE', #489, #7440 ) ;
#5792 = CARTESIAN_POINT ( 'NONE',  ( 1.399999999999999689, 0.1000000000000000056, 1.749999999999999556 ) ) ;
#5793 = VERTEX_POINT ( 'NONE', #6325 ) ;
#5794 = EDGE_LOOP ( 'NONE', ( #1234, #345, #3150, #6663 ) ) ;
#5795 = DIRECTION ( 'NONE',  ( -1.000000000000000000, 0.000000000000000000, 1.084202172485505790E-16 ) ) ;
#5796 = VECTOR ( 'NONE', #873, 1000.000000000000000 ) ;
#5797 = ORIENTED_EDGE ( 'NONE', *, *, #4609, .T. ) ;
#5798 = CARTESIAN_POINT ( 'NONE',  ( -1.500000000000000222, 2.436067977499789983, -1.699999999999999512 ) ) ;
#5799 = EDGE_LOOP ( 'NONE', ( #2166, #7377, #7222, #4820, #569, #4331 ) ) ;
#5800 = DIRECTION ( 'NONE',  ( 0.000000000000000000, 1.000000000000000000, 0.000000000000000000 ) ) ;
#5801 = DIRECTION ( 'NONE',  ( 0.000000000000000000, 1.000000000000000000, 0.000000000000000000 ) ) ;
#5802 = ORIENTED_EDGE ( 'NONE', *, *, #5981, .F. ) ;
#5803 = VECTOR ( 'NONE', #7632, 1000.000000000000000 ) ;
#5804 = PLANE ( 'NONE',  #4300 ) ;
#5805 = VECTOR ( 'NONE', #657, 1000.000000000000000 ) ;
#5806 = VECTOR ( 'NONE', #1466, 1000.000000000000000 ) ;
#5807 = CARTESIAN_POINT ( 'NONE',  ( -1.949999999999999734, 0.05000000000000000278, -1.699999999999999512 ) ) ;
#5808 = EDGE_CURVE ( 'NONE', #2291, #6, #3368, .T. ) ;
#5809 = VECTOR ( 'NONE', #7129, 1000.000000000000000 ) ;
#5810 = DIRECTION ( 'NONE',  ( -1.000000000000000000, 0.000000000000000000, 0.000000000000000000 ) ) ;
#5811 = CARTESIAN_POINT ( 'NONE',  ( 0.6500000000000000222, 0.2000000000000000944, -0.9500000000000003997 ) ) ;
#5812 = LINE ( 'NONE', #584, #410 ) ;
#5813 = ORIENTED_EDGE ( 'NONE', *, *, #7480, .F. ) ;
#5814 = EDGE_CURVE ( 'NONE', #1467, #2919, #6906, .T. ) ;
#5815 = ORIENTED_EDGE ( 'NONE', *, *, #7579, .F. ) ;
#5816 = CARTESIAN_POINT ( 'NONE',  ( 0.000000000000000000, 0.1000000000000000056, 0.000000000000000000 ) ) ;
#5817 = CARTESIAN_POINT ( 'NONE',  ( 0.000000000000000000, 0.05000000000000000278, 0.9499999999999990674 ) ) ;
#5818 = ADVANCED_FACE ( 'NONE', ( #2824 ), #5702, .F. ) ;
#5819 = VECTOR ( 'NONE', #6414, 1000.000000000000000 ) ;
#5820 = DIRECTION ( 'NONE',  ( 1.000000000000000000, 0.000000000000000000, -2.168404344971012566E-16 ) ) ;
#5821 = VERTEX_POINT ( 'NONE', #2862 ) ;
#5822 = CIRCLE ( 'NONE', #2483, 0.1499999999999999667 ) ;
#5823 = CARTESIAN_POINT ( 'NONE',  ( -1.850000000000000311, 2.436067977499789983, -1.750000000000000444 ) ) ;
#5824 = PRESENTATION_STYLE_ASSIGNMENT (( #3375 ) ) ;
#5825 = CARTESIAN_POINT ( 'NONE',  ( -1.999999999999999556, 0.1000000000000000056, -0.9499999999999998446 ) ) ;
#5826 = EDGE_CURVE ( 'NONE', #2386, #4448, #1061, .T. ) ;
#5827 = AXIS2_PLACEMENT_3D ( 'NONE', #6902, #948, #6320 ) ;
#5828 = AXIS2_PLACEMENT_3D ( 'NONE', #1101, #6868, #7016 ) ;
#5829 = EDGE_LOOP ( 'NONE', ( #2548, #3576, #6933, #836 ) ) ;
#5830 = LINE ( 'NONE', #7492, #3955 ) ;
#5831 = DIRECTION ( 'NONE',  ( -1.000000000000000000, 0.000000000000000000, -2.168404344971012566E-16 ) ) ;
#5832 = LINE ( 'NONE', #7494, #5682 ) ;
#5833 = EDGE_LOOP ( 'NONE', ( #76, #4393, #173, #883 ) ) ;
#5834 = VECTOR ( 'NONE', #1110, 1000.000000000000000 ) ;
#5835 = EDGE_LOOP ( 'NONE', ( #3013, #3761, #1423, #6067 ) ) ;
#5836 = VECTOR ( 'NONE', #4069, 1000.000000000000000 ) ;
#5837 = DIRECTION ( 'NONE',  ( 1.000000000000000000, 0.000000000000000000, 0.000000000000000000 ) ) ;
#5838 = EDGE_LOOP ( 'NONE', ( #974, #4325, #7030, #5316 ) ) ;
#5839 = DIRECTION ( 'NONE',  ( 0.000000000000000000, -1.000000000000000000, 0.000000000000000000 ) ) ;
#5840 = VERTEX_POINT ( 'NONE', #3872 ) ;
#5841 = PLANE ( 'NONE',  #6198 ) ;
#5842 = EDGE_CURVE ( 'NONE', #4571, #4042, #4615, .T. ) ;
#5843 = CARTESIAN_POINT ( 'NONE',  ( -1.000000000000000222, 0.2000000000000000111, 1.699999999999999734 ) ) ;
#5844 = EDGE_LOOP ( 'NONE', ( #6103, #5183, #607, #5601 ) ) ;
#5845 = PRESENTATION_LAYER_ASSIGNMENT (  '', '', ( #159 ) ) ;
#5846 =( NAMED_UNIT ( * ) PLANE_ANGLE_UNIT ( ) SI_UNIT ( $, .RADIAN. ) );
#5847 = DIRECTION ( 'NONE',  ( 0.000000000000000000, 1.000000000000000000, 0.000000000000000000 ) ) ;
#5848 =( GEOMETRIC_REPRESENTATION_CONTEXT ( 3 ) GLOBAL_UNCERTAINTY_ASSIGNED_CONTEXT ( ( #2108 ) ) GLOBAL_UNIT_ASSIGNED_CONTEXT ( ( #5786, #6916, #6336 ) ) REPRESENTATION_CONTEXT ( 'NONE', 'WORKASPACE' ) );
#5849 = LINE ( 'NONE', #1704, #7282 ) ;
#5850 = CARTESIAN_POINT ( 'NONE',  ( -1.999999999999999556, 0.1000000000000000056, -1.750000000000000444 ) ) ;
#5851 = EDGE_LOOP ( 'NONE', ( #2666, #4319, #4273, #732 ) ) ;
#5852 = EDGE_CURVE ( 'NONE', #6151, #6219, #6252, .T. ) ;
#5853 = EDGE_CURVE ( 'NONE', #4170, #555, #3911, .T. ) ;
#5854 = ORIENTED_EDGE ( 'NONE', *, *, #4137, .F. ) ;
#5855 = VECTOR ( 'NONE', #1929, 1000.000000000000000 ) ;
#5856 = VECTOR ( 'NONE', #6037, 1000.000000000000000 ) ;
#5857 = DIRECTION ( 'NONE',  ( -0.000000000000000000, -1.000000000000000000, -0.000000000000000000 ) ) ;
#5858 = EDGE_CURVE ( 'NONE', #1924, #1338, #363, .T. ) ;
#5859 = PLANE ( 'NONE',  #4966 ) ;
#5860 = CARTESIAN_POINT ( 'NONE',  ( -0.000000000000000000, 0.000000000000000000, -1.699999999999999512 ) ) ;
#5861 = ORIENTED_EDGE ( 'NONE', *, *, #1063, .F. ) ;
#5862 = LINE ( 'NONE', #4187, #1268 ) ;
#5863 = FACE_OUTER_BOUND ( 'NONE', #5794, .T. ) ;
#5864 = DIRECTION ( 'NONE',  ( 0.000000000000000000, 0.000000000000000000, 1.000000000000000000 ) ) ;
#5865 = EDGE_LOOP ( 'NONE', ( #6705, #2992, #1546, #1436, #987, #5080 ) ) ;
#5866 = CARTESIAN_POINT ( 'NONE',  ( -1.999999999999999556, 0.2000000000000000944, -0.3750000000000001110 ) ) ;
#5867 = DIRECTION ( 'NONE',  ( 0.000000000000000000, 0.000000000000000000, 1.000000000000000000 ) ) ;
#5868 = ADVANCED_FACE ( 'NONE', ( #3289 ), #2259, .F. ) ;
#5869 = DIRECTION ( 'NONE',  ( 1.000000000000000000, 0.000000000000000000, 0.000000000000000000 ) ) ;
#5870 = EDGE_CURVE ( 'NONE', #5175, #4079, #4506, .T. ) ;
#5871 = VERTEX_POINT ( 'NONE', #7515 ) ;
#5872 = EDGE_CURVE ( 'NONE', #1551, #686, #2221, .T. ) ;
#5873 = VERTEX_POINT ( 'NONE', #6943 ) ;
#5874 = ORIENTED_EDGE ( 'NONE', *, *, #5090, .F. ) ;
#5875 = DIRECTION ( 'NONE',  ( -1.000000000000000000, 0.000000000000000000, 0.000000000000000000 ) ) ;
#5876 = ORIENTED_EDGE ( 'NONE', *, *, #2524, .T. ) ;
#5877 = DIRECTION ( 'NONE',  ( 0.000000000000000000, 1.000000000000000000, 0.000000000000000000 ) ) ;
#5878 = CARTESIAN_POINT ( 'NONE',  ( 1.949999999999999734, 0.1000000000000000056, -1.699999999999999512 ) ) ;
#5879 = ORIENTED_EDGE ( 'NONE', *, *, #4369, .T. ) ;
#5880 = SURFACE_STYLE_USAGE ( .BOTH. , #1776 ) ;
#5881 = ADVANCED_FACE ( 'NONE', ( #1641 ), #6360, .T. ) ;
#5882 = FACE_OUTER_BOUND ( 'NONE', #5154, .T. ) ;
#5883 = EDGE_LOOP ( 'NONE', ( #5174, #7001, #5763, #1689 ) ) ;
#5884 = DIRECTION ( 'NONE',  ( 1.000000000000000000, 0.000000000000000000, -1.807003620809175125E-16 ) ) ;
#5885 = CARTESIAN_POINT ( 'NONE',  ( -1.500000000000000444, 2.436067977499789983, -0.6750000000000000444 ) ) ;
#5886 = DIRECTION ( 'NONE',  ( 0.000000000000000000, -0.000000000000000000, 1.000000000000000000 ) ) ;
#5887 = CARTESIAN_POINT ( 'NONE',  ( 2.000000000000000444, 1.000000000000000000, 1.749999999999999556 ) ) ;
#5888 = DIRECTION ( 'NONE',  ( 0.000000000000000000, 0.000000000000000000, -1.000000000000000000 ) ) ;
#5889 = ORIENTED_EDGE ( 'NONE', *, *, #3823, .F. ) ;
#5890 = PRODUCT_DEFINITION_SHAPE ( 'NONE', 'NONE',  #1887 ) ;
#5891 = ORIENTED_EDGE ( 'NONE', *, *, #4112, .F. ) ;
#5892 = PRESENTATION_LAYER_ASSIGNMENT (  '', '', ( #5267 ) ) ;
#5893 = CARTESIAN_POINT ( 'NONE',  ( 0.000000000000000000, 0.05000000000000000278, 0.000000000000000000 ) ) ;
#5894 = DIRECTION ( 'NONE',  ( 1.000000000000000000, 0.000000000000000000, 0.000000000000000000 ) ) ;
#5895 = CARTESIAN_POINT ( 'NONE',  ( -1.250000000000000222, 0.000000000000000000, 1.699999999999999734 ) ) ;
#5896 = VECTOR ( 'NONE', #413, 1000.000000000000000 ) ;
#5897 = EDGE_LOOP ( 'NONE', ( #3436, #919, #4136, #5444, #337, #4185 ) ) ;
#5898 = AXIS2_PLACEMENT_3D ( 'NONE', #4954, #823, #7308 ) ;
#5899 = FACE_OUTER_BOUND ( 'NONE', #1699, .T. ) ;
#5900 = EDGE_CURVE ( 'NONE', #5907, #3890, #4024, .T. ) ;
#5901 = DIRECTION ( 'NONE',  ( -1.000000000000000000, 0.000000000000000000, 0.000000000000000000 ) ) ;
#5902 = CARTESIAN_POINT ( 'NONE',  ( -0.2000000000000005662, 0.1000000000000000056, -0.2000000000000000111 ) ) ;
#5903 = ORIENTED_EDGE ( 'NONE', *, *, #346, .F. ) ;
#5904 = LINE ( 'NONE', #63, #5456 ) ;
#5905 = PLANE ( 'NONE',  #2252 ) ;
#5906 = LINE ( 'NONE', #6641, #5565 ) ;
#5907 = VERTEX_POINT ( 'NONE', #3630 ) ;
#5908 = ORIENTED_EDGE ( 'NONE', *, *, #7097, .T. ) ;
#5909 = ORIENTED_EDGE ( 'NONE', *, *, #4275, .F. ) ;
#5910 = DIRECTION ( 'NONE',  ( 0.000000000000000000, -1.000000000000000000, 0.000000000000000000 ) ) ;
#5911 = VERTEX_POINT ( 'NONE', #3480 ) ;
#5912 = CARTESIAN_POINT ( 'NONE',  ( -1.500000000000000444, 0.2000000000000000111, -0.6750000000000000444 ) ) ;
#5913 = EDGE_CURVE ( 'NONE', #2106, #68, #672, .T. ) ;
#5914 = FACE_OUTER_BOUND ( 'NONE', #4178, .T. ) ;
#5915 = ORIENTED_EDGE ( 'NONE', *, *, #35, .F. ) ;
#5916 = LINE ( 'NONE', #2960, #5805 ) ;
#5917 =( GEOMETRIC_REPRESENTATION_CONTEXT ( 3 ) GLOBAL_UNCERTAINTY_ASSIGNED_CONTEXT ( ( #6134 ) ) GLOBAL_UNIT_ASSIGNED_CONTEXT ( ( #2890, #6619, #2965 ) ) REPRESENTATION_CONTEXT ( 'NONE', 'WORKASPACE' ) );
#5918 = EDGE_CURVE ( 'NONE', #6057, #1988, #3512, .T. ) ;
#5919 = DIRECTION ( 'NONE',  ( 1.000000000000000000, -0.000000000000000000, -0.000000000000000000 ) ) ;
#5920 = ORIENTED_EDGE ( 'NONE', *, *, #2186, .T. ) ;
#5921 = LINE ( 'NONE', #5335, #330 ) ;
#5922 = CARTESIAN_POINT ( 'NONE',  ( 0.2499999999999999445, 0.1000000000000000056, 0.9499999999999995115 ) ) ;
#5923 = AXIS2_PLACEMENT_3D ( 'NONE', #4806, #2333, #591 ) ;
#5924 = CARTESIAN_POINT ( 'NONE',  ( -0.5000000000000001110, 0.05000000000000000278, -1.250000000000001332 ) ) ;
#5925 = CARTESIAN_POINT ( 'NONE',  ( -1.949999999999999734, 0.1000000000000000056, -1.699999999999999512 ) ) ;
#5926 = DIRECTION ( 'NONE',  ( 0.000000000000000000, -0.000000000000000000, 1.000000000000000000 ) ) ;
#5927 = ORIENTED_EDGE ( 'NONE', *, *, #5118, .T. ) ;
#5928 = AXIS2_PLACEMENT_3D ( 'NONE', #6612, #7113, #4244 ) ;
#5929 = EDGE_LOOP ( 'NONE', ( #1138, #5599, #7075, #5627, #7439, #6722 ) ) ;
#5930 = VECTOR ( 'NONE', #5468, 1000.000000000000000 ) ;
#5931 = DIRECTION ( 'NONE',  ( 0.000000000000000000, 0.000000000000000000, 1.000000000000000000 ) ) ;
#5932 = CARTESIAN_POINT ( 'NONE',  ( -0.7500000000000001110, 0.09999999999999982514, 1.250000000000000444 ) ) ;
#5933 = VECTOR ( 'NONE', #4251, 1000.000000000000000 ) ;
#5934 = LINE ( 'NONE', #6474, #5562 ) ;
#5935 = ADVANCED_FACE ( 'NONE', ( #3593 ), #15, .T. ) ;
#5936 = VERTEX_POINT ( 'NONE', #1134 ) ;
#5937 = LINE ( 'NONE', #2449, #3322 ) ;
#5938 = LINE ( 'NONE', #59, #2078 ) ;
#5939 = VECTOR ( 'NONE', #2305, 1000.000000000000000 ) ;
#5940 = FACE_OUTER_BOUND ( 'NONE', #7645, .T. ) ;
#5941 = FACE_OUTER_BOUND ( 'NONE', #4942, .T. ) ;
#5942 = ORIENTED_EDGE ( 'NONE', *, *, #3224, .F. ) ;
#5943 = DIRECTION ( 'NONE',  ( -0.000000000000000000, -1.000000000000000000, -0.000000000000000000 ) ) ;
#5944 = DIRECTION ( 'NONE',  ( 0.000000000000000000, -0.000000000000000000, 1.000000000000000000 ) ) ;
#5945 = CARTESIAN_POINT ( 'NONE',  ( -1.850000000000000311, 0.09999999999999982514, -1.350000000000000089 ) ) ;
#5946 = EDGE_CURVE ( 'NONE', #1627, #7548, #6550, .T. ) ;
#5947 = EDGE_CURVE ( 'NONE', #6905, #1131, #5234, .T. ) ;
#5948 = AXIS2_PLACEMENT_3D ( 'NONE', #3108, #5479, #180 ) ;
#5949 = ORIENTED_EDGE ( 'NONE', *, *, #2396, .F. ) ;
#5950 = ORIENTED_EDGE ( 'NONE', *, *, #4770, .F. ) ;
#5951 = ORIENTED_EDGE ( 'NONE', *, *, #824, .F. ) ;
#5952 = CARTESIAN_POINT ( 'NONE',  ( 0.000000000000000000, 0.1000000000000000056, 0.000000000000000000 ) ) ;
#5953 = EDGE_CURVE ( 'NONE', #6148, #6548, #4094, .T. ) ;
#5954 = ORIENTED_EDGE ( 'NONE', *, *, #163, .T. ) ;
#5955 = DIRECTION ( 'NONE',  ( -0.000000000000000000, -1.000000000000000000, -0.000000000000000000 ) ) ;
#5956 = CARTESIAN_POINT ( 'NONE',  ( -1.500000000000000444, 0.2000000000000000111, 0.6749999999999991562 ) ) ;
#5957 = VERTEX_POINT ( 'NONE', #87 ) ;
#5958 = CARTESIAN_POINT ( 'NONE',  ( 1.800000000000000266, 2.436067977499789983, -1.699999999999999512 ) ) ;
#5959 = VECTOR ( 'NONE', #121, 1000.000000000000000 ) ;
#5960 = VECTOR ( 'NONE', #2655, 1000.000000000000000 ) ;
#5961 = CARTESIAN_POINT ( 'NONE',  ( -0.7500000000000001110, 0.2000000000000000944, 1.250000000000000444 ) ) ;
#5962 = EDGE_LOOP ( 'NONE', ( #6887, #1343, #585, #5056, #4478, #2383 ) ) ;
#5963 =( NAMED_UNIT ( * ) SI_UNIT ( $, .STERADIAN. ) SOLID_ANGLE_UNIT ( ) );
#5964 = PRESENTATION_STYLE_ASSIGNMENT (( #1241 ) ) ;
#5965 = AXIS2_PLACEMENT_3D ( 'NONE', #5742, #7444, #2717 ) ;
#5966 = LINE ( 'NONE', #1318, #6277 ) ;
#5967 = CARTESIAN_POINT ( 'NONE',  ( 1.999999999999999556, 2.436067977499789983, -0.1999999999999999833 ) ) ;
#5968 = LINE ( 'NONE', #665, #7407 ) ;
#5969 = DIRECTION ( 'NONE',  ( 0.000000000000000000, 1.000000000000000000, 0.000000000000000000 ) ) ;
#5970 = EDGE_LOOP ( 'NONE', ( #2182, #4923, #3802, #4046 ) ) ;
#5971 = EDGE_CURVE ( 'NONE', #5871, #5175, #5268, .T. ) ;
#5972 = ORIENTED_EDGE ( 'NONE', *, *, #1033, .T. ) ;
#5973 = VECTOR ( 'NONE', #1557, 1000.000000000000000 ) ;
#5974 = ADVANCED_FACE ( 'NONE', ( #1869 ), #5345, .F. ) ;
#5975 = CARTESIAN_POINT ( 'NONE',  ( -1.850000000000000311, 0.2000000000000000111, -1.350000000000000089 ) ) ;
#5976 = LINE ( 'NONE', #673, #7025 ) ;
#5977 = PLANE ( 'NONE',  #1476 ) ;
#5978 = ORIENTED_EDGE ( 'NONE', *, *, #1566, .F. ) ;
#5979 = AXIS2_PLACEMENT_3D ( 'NONE', #428, #2708, #5225 ) ;
#5980 = ORIENTED_EDGE ( 'NONE', *, *, #1077, .F. ) ;
#5981 = EDGE_CURVE ( 'NONE', #420, #210, #551, .T. ) ;
#5982 = LINE ( 'NONE', #4693, #525 ) ;
#5983 = LINE ( 'NONE', #3673, #6825 ) ;
#5984 = FACE_OUTER_BOUND ( 'NONE', #5929, .T. ) ;
#5985 = ORIENTED_EDGE ( 'NONE', *, *, #1597, .T. ) ;
#5986 = CARTESIAN_POINT ( 'NONE',  ( -1.999999999999999556, 0.1000000000000000056, -1.750000000000000444 ) ) ;
#5987 = DIRECTION ( 'NONE',  ( 0.000000000000000000, -0.000000000000000000, -1.000000000000000000 ) ) ;
#5988 = DIRECTION ( 'NONE',  ( 0.000000000000000000, 0.000000000000000000, 1.000000000000000000 ) ) ;
#5989 = EDGE_CURVE ( 'NONE', #7455, #6562, #4649, .T. ) ;
#5990 = ORIENTED_EDGE ( 'NONE', *, *, #176, .T. ) ;
#5991 = VERTEX_POINT ( 'NONE', #589 ) ;
#5992 = ORIENTED_EDGE ( 'NONE', *, *, #6190, .T. ) ;
#5993 = DIRECTION ( 'NONE',  ( 1.000000000000000000, 0.000000000000000000, -0.000000000000000000 ) ) ;
#5994 = ADVANCED_FACE ( 'NONE', ( #7621 ), #4063, .T. ) ;
#5995 = EDGE_CURVE ( 'NONE', #5602, #2800, #7091, .T. ) ;
#5996 = ORIENTED_EDGE ( 'NONE', *, *, #1566, .T. ) ;
#5997 = FACE_OUTER_BOUND ( 'NONE', #5970, .T. ) ;
#5998 = DIRECTION ( 'NONE',  ( 1.000000000000000000, -0.000000000000000000, 0.000000000000000000 ) ) ;
#5999 = ORIENTED_EDGE ( 'NONE', *, *, #5342, .T. ) ;
#6000 = EDGE_CURVE ( 'NONE', #2951, #7072, #2932, .T. ) ;
#6001 = LINE ( 'NONE', #3469, #666 ) ;
#6002 = ORIENTED_EDGE ( 'NONE', *, *, #504, .T. ) ;
#6003 = DIRECTION ( 'NONE',  ( 0.000000000000000000, 1.000000000000000000, 0.000000000000000000 ) ) ;
#6004 = CARTESIAN_POINT ( 'NONE',  ( 1.800000000000000266, 0.2000000000000000944, 1.749999999999999556 ) ) ;
#6005 = DIRECTION ( 'NONE',  ( 0.000000000000000000, -1.000000000000000000, 0.000000000000000000 ) ) ;
#6006 = LINE ( 'NONE', #2399, #2947 ) ;
#6007 = DIRECTION ( 'NONE',  ( 0.000000000000000000, 0.000000000000000000, 1.000000000000000000 ) ) ;
#6008 = DIRECTION ( 'NONE',  ( 0.000000000000000000, -0.000000000000000000, 1.000000000000000000 ) ) ;
#6009 = VERTEX_POINT ( 'NONE', #2330 ) ;
#6010 = CARTESIAN_POINT ( 'NONE',  ( -1.850000000000000311, 0.2000000000000000944, -1.350000000000000089 ) ) ;
#6011 = DIRECTION ( 'NONE',  ( 0.000000000000000000, 0.000000000000000000, 1.000000000000000000 ) ) ;
#6012 = DIRECTION ( 'NONE',  ( 0.000000000000000000, 0.000000000000000000, 1.000000000000000000 ) ) ;
#6013 = EDGE_CURVE ( 'NONE', #1190, #1388, #631, .T. ) ;
#6014 = ORIENTED_EDGE ( 'NONE', *, *, #1848, .F. ) ;
#6015 = CLOSED_SHELL ( 'NONE', ( #4188, #2557, #4917, #2292, #4038, #2935, #4855, #622 ) ) ;
#6016 = EDGE_LOOP ( 'NONE', ( #1895, #51 ) ) ;
#6017 = EDGE_CURVE ( 'NONE', #1837, #2043, #7051, .T. ) ;
#6018 = CARTESIAN_POINT ( 'NONE',  ( 1.800000000000000488, 0.2000000000000000944, 1.349999999999999645 ) ) ;
#6019 = LINE ( 'NONE', #6599, #718 ) ;
#6020 = CARTESIAN_POINT ( 'NONE',  ( 2.000000000000000444, 0.2000000000000000111, -1.350000000000000533 ) ) ;
#6021 = VECTOR ( 'NONE', #6367, 1000.000000000000000 ) ;
#6022 = LINE ( 'NONE', #3063, #6153 ) ;
#6023 = MECHANICAL_DESIGN_GEOMETRIC_PRESENTATION_REPRESENTATION (  '', ( #5030 ), #1218 ) ;
#6024 = VERTEX_POINT ( 'NONE', #4802 ) ;
#6025 = CARTESIAN_POINT ( 'NONE',  ( -1.500000000000000444, 0.2000000000000000111, 0.6749999999999991562 ) ) ;
#6026 = CARTESIAN_POINT ( 'NONE',  ( 1.949999999999999734, 0.1000000000000000056, -1.699999999999999512 ) ) ;
#6027 = AXIS2_PLACEMENT_3D ( 'NONE', #3956, #6334, #961 ) ;
#6028 = ORIENTED_EDGE ( 'NONE', *, *, #748, .F. ) ;
#6029 = VERTEX_POINT ( 'NONE', #4101 ) ;
#6030 = ORIENTED_EDGE ( 'NONE', *, *, #35, .T. ) ;
#6031 = DIRECTION ( 'NONE',  ( 0.000000000000000000, 1.000000000000000000, 0.000000000000000000 ) ) ;
#6032 = ORIENTED_EDGE ( 'NONE', *, *, #2265, .T. ) ;
#6033 = DIRECTION ( 'NONE',  ( 0.000000000000000000, 0.000000000000000000, 1.000000000000000000 ) ) ;
#6034 = DIRECTION ( 'NONE',  ( 1.000000000000000000, 0.000000000000000000, -0.000000000000000000 ) ) ;
#6035 = ORIENTED_EDGE ( 'NONE', *, *, #4609, .F. ) ;
#6036 = CARTESIAN_POINT ( 'NONE',  ( -1.999999999999999556, 0.2000000000000000944, 1.349999999999999201 ) ) ;
#6037 = DIRECTION ( 'NONE',  ( -0.000000000000000000, -1.000000000000000000, -0.000000000000000000 ) ) ;
#6038 = ORIENTED_EDGE ( 'NONE', *, *, #1694, .T. ) ;
#6039 =( NAMED_UNIT ( * ) PLANE_ANGLE_UNIT ( ) SI_UNIT ( $, .RADIAN. ) );
#6040 = CARTESIAN_POINT ( 'NONE',  ( 2.464095846557964553E-18, 0.05000000000000000278, -0.2000000000000000111 ) ) ;
#6041 = DIRECTION ( 'NONE',  ( 0.000000000000000000, -0.000000000000000000, -1.000000000000000000 ) ) ;
#6042 = DIRECTION ( 'NONE',  ( 0.000000000000000000, 0.000000000000000000, -1.000000000000000000 ) ) ;
#6043 = PRESENTATION_LAYER_ASSIGNMENT (  '', '', ( #2931 ) ) ;
#6044 = DIRECTION ( 'NONE',  ( 1.000000000000000000, 0.000000000000000000, -2.168404344971012566E-16 ) ) ;
#6045 = VERTEX_POINT ( 'NONE', #7167 ) ;
#6046 = EDGE_CURVE ( 'NONE', #1561, #2219, #4218, .T. ) ;
#6047 = VECTOR ( 'NONE', #1327, 1000.000000000000000 ) ;
#6048 = CARTESIAN_POINT ( 'NONE',  ( -1.500000000000000000, 0.1000000000000000056, -1.750000000000000444 ) ) ;
#6049 = PLANE ( 'NONE',  #3445 ) ;
#6050 = EDGE_CURVE ( 'NONE', #860, #7339, #6092, .T. ) ;
#6051 = VECTOR ( 'NONE', #2918, 1000.000000000000000 ) ;
#6052 = FACE_OUTER_BOUND ( 'NONE', #7307, .T. ) ;
#6053 = AXIS2_PLACEMENT_3D ( 'NONE', #6302, #5720, #418 ) ;
#6054 = ORIENTED_EDGE ( 'NONE', *, *, #3492, .F. ) ;
#6055 = VECTOR ( 'NONE', #6007, 1000.000000000000000 ) ;
#6056 = VERTEX_POINT ( 'NONE', #1941 ) ;
#6057 = VERTEX_POINT ( 'NONE', #167 ) ;
#6058 = CLOSED_SHELL ( 'NONE', ( #5307, #6384, #2749, #4714, #6712, #1878, #1991, #4155 ) ) ;
#6059 = ADVANCED_FACE ( 'NONE', ( #4846 ), #3744, .F. ) ;
#6060 = CARTESIAN_POINT ( 'NONE',  ( 1.949999999999999734, 0.1000000000000000056, -1.699999999999999512 ) ) ;
#6061 = CARTESIAN_POINT ( 'NONE',  ( 0.000000000000000000, 0.000000000000000000, 0.000000000000000000 ) ) ;
#6062 = LINE ( 'NONE', #6102, #4156 ) ;
#6063 = VERTEX_POINT ( 'NONE', #6127 ) ;
#6064 = CARTESIAN_POINT ( 'NONE',  ( 2.000000000000000444, 0.1000000000000000056, -1.750000000000000444 ) ) ;
#6065 = CARTESIAN_POINT ( 'NONE',  ( -1.999999999999999556, 1.000000000000000000, -1.750000000000000444 ) ) ;
#6066 = EDGE_CURVE ( 'NONE', #4097, #4426, #3051, .T. ) ;
#6067 = ORIENTED_EDGE ( 'NONE', *, *, #2816, .T. ) ;
#6068 = ORIENTED_EDGE ( 'NONE', *, *, #4706, .T. ) ;
#6069 = ADVANCED_FACE ( 'NONE', ( #4294 ), #5506, .T. ) ;
#6070 = ORIENTED_EDGE ( 'NONE', *, *, #6483, .F. ) ;
#6071 = EDGE_CURVE ( 'NONE', #5636, #3117, #1443, .T. ) ;
#6072 = CARTESIAN_POINT ( 'NONE',  ( -1.500000000000000444, 0.000000000000000000, 0.6749999999999991562 ) ) ;
#6073 = VERTEX_POINT ( 'NONE', #7240 ) ;
#6074 = LINE ( 'NONE', #3118, #4952 ) ;
#6075 = DIRECTION ( 'NONE',  ( -0.000000000000000000, 0.000000000000000000, 1.000000000000000000 ) ) ;
#6076 = ORIENTED_EDGE ( 'NONE', *, *, #3333, .T. ) ;
#6077 = AXIS2_PLACEMENT_3D ( 'NONE', #2768, #7565, #5753 ) ;
#6078 = LINE ( 'NONE', #4206, #5855 ) ;
#6079 = DIRECTION ( 'NONE',  ( 0.000000000000000000, 0.000000000000000000, -1.000000000000000000 ) ) ;
#6080 = ORIENTED_EDGE ( 'NONE', *, *, #1632, .T. ) ;
#6081 = EDGE_CURVE ( 'NONE', #6750, #3510, #1478, .T. ) ;
#6082 = CARTESIAN_POINT ( 'NONE',  ( -1.500000000000000444, 0.2000000000000000111, 0.3749999999999993339 ) ) ;
#6083 = DIRECTION ( 'NONE',  ( 1.000000000000000000, 0.000000000000000000, -0.000000000000000000 ) ) ;
#6084 = AXIS2_PLACEMENT_3D ( 'NONE', #7358, #434, #7397 ) ;
#6085 = PLANE ( 'NONE',  #1609 ) ;
#6086 = VECTOR ( 'NONE', #1604, 1000.000000000000000 ) ;
#6087 = CARTESIAN_POINT ( 'NONE',  ( -1.500000000000000222, 0.09999999999999982514, 0.1499999999999999667 ) ) ;
#6088 = DIRECTION ( 'NONE',  ( 0.000000000000000000, -0.000000000000000000, 1.000000000000000000 ) ) ;
#6089 = ORIENTED_EDGE ( 'NONE', *, *, #3296, .F. ) ;
#6090 = VECTOR ( 'NONE', #4660, 1000.000000000000000 ) ;
#6091 = AXIS2_PLACEMENT_3D ( 'NONE', #4180, #1749, #2405 ) ;
#6092 = LINE ( 'NONE', #2481, #4972 ) ;
#6093 = EDGE_CURVE ( 'NONE', #1723, #4042, #6665, .T. ) ;
#6094 = ADVANCED_FACE ( 'NONE', ( #7206 ), #1908, .F. ) ;
#6095 = DIRECTION ( 'NONE',  ( -1.000000000000000000, 0.000000000000000000, -0.000000000000000000 ) ) ;
#6096 = VERTEX_POINT ( 'NONE', #3666 ) ;
#6097 = VERTEX_POINT ( 'NONE', #829 ) ;
#6098 = VERTEX_POINT ( 'NONE', #6048 ) ;
#6099 = EDGE_CURVE ( 'NONE', #3272, #5038, #4882, .T. ) ;
#6100 = CARTESIAN_POINT ( 'NONE',  ( -1.999999999999999556, 0.2000000000000000111, -1.350000000000000089 ) ) ;
#6101 = PLANE ( 'NONE',  #2367 ) ;
#6102 = CARTESIAN_POINT ( 'NONE',  ( 2.000000000000000444, 0.1000000000000000056, 1.749999999999999556 ) ) ;
#6103 = ORIENTED_EDGE ( 'NONE', *, *, #3674, .T. ) ;
#6104 = CARTESIAN_POINT ( 'NONE',  ( 1.949999999999999734, 0.05000000000000000278, -0.9500000000000003997 ) ) ;
#6105 = ORIENTED_EDGE ( 'NONE', *, *, #364, .T. ) ;
#6106 = ORIENTED_EDGE ( 'NONE', *, *, #6483, .T. ) ;
#6107 = EDGE_LOOP ( 'NONE', ( #2520, #1273, #1746, #6485 ) ) ;
#6108 = PLANE ( 'NONE',  #1882 ) ;
#6109 = VECTOR ( 'NONE', #5919, 1000.000000000000000 ) ;
#6110 = CARTESIAN_POINT ( 'NONE',  ( -1.500000000000000222, 2.436067977499789983, 1.699999999999999734 ) ) ;
#6111 = ADVANCED_FACE ( 'NONE', ( #3134 ), #5547, .F. ) ;
#6112 = ORIENTED_EDGE ( 'NONE', *, *, #1407, .T. ) ;
#6113 = FACE_OUTER_BOUND ( 'NONE', #6170, .T. ) ;
#6114 = CARTESIAN_POINT ( 'NONE',  ( -8.131516293641290651E-17, 0.05000000000000000278, 0.3749999999999996669 ) ) ;
#6115 = ORIENTED_EDGE ( 'NONE', *, *, #106, .T. ) ;
#6116 = EDGE_CURVE ( 'NONE', #1388, #6733, #7317, .T. ) ;
#6117 = DIRECTION ( 'NONE',  ( 0.000000000000000000, 0.000000000000000000, 1.000000000000000000 ) ) ;
#6118 = EDGE_CURVE ( 'NONE', #1581, #3419, #3703, .T. ) ;
#6119 = LINE ( 'NONE', #818, #3130 ) ;
#6120 = ORIENTED_EDGE ( 'NONE', *, *, #230, .T. ) ;
#6121 = DIRECTION ( 'NONE',  ( -0.000000000000000000, -1.000000000000000000, -0.000000000000000000 ) ) ;
#6122 = CARTESIAN_POINT ( 'NONE',  ( 1.949999999999999734, 0.1000000000000000056, -1.699999999999999512 ) ) ;
#6123 = CARTESIAN_POINT ( 'NONE',  ( -1.949999999999999734, 0.1000000000000000056, -1.699999999999999512 ) ) ;
#6124 = DIRECTION ( 'NONE',  ( 1.000000000000000000, 0.000000000000000000, 0.000000000000000000 ) ) ;
#6125 = ADVANCED_FACE ( 'NONE', ( #1984 ), #3207, .T. ) ;
#6126 = ORIENTED_EDGE ( 'NONE', *, *, #3429, .T. ) ;
#6127 = CARTESIAN_POINT ( 'NONE',  ( -1.999999999999999556, 0.2000000000000000944, -0.6750000000000000444 ) ) ;
#6128 = SURFACE_SIDE_STYLE ('',( #1985 ) ) ;
#6129 = LINE ( 'NONE', #2600, #112 ) ;
#6130 = LINE ( 'NONE', #3605, #4093 ) ;
#6131 = ORIENTED_EDGE ( 'NONE', *, *, #183, .F. ) ;
#6132 = ORIENTED_EDGE ( 'NONE', *, *, #5519, .F. ) ;
#6133 = ORIENTED_EDGE ( 'NONE', *, *, #397, .T. ) ;
#6134 = UNCERTAINTY_MEASURE_WITH_UNIT (LENGTH_MEASURE( 1.000000000000000082E-05 ), #2890, 'distance_accuracy_value', 'NONE');
#6135 = FACE_OUTER_BOUND ( 'NONE', #2676, .T. ) ;
#6136 = FACE_OUTER_BOUND ( 'NONE', #6998, .T. ) ;
#6137 = CARTESIAN_POINT ( 'NONE',  ( 2.000000000000000444, 0.1000000000000000056, -1.350000000000000755 ) ) ;
#6138 = ORIENTED_EDGE ( 'NONE', *, *, #4350, .T. ) ;
#6139 = FACE_OUTER_BOUND ( 'NONE', #1513, .T. ) ;
#6140 = ORIENTED_EDGE ( 'NONE', *, *, #3145, .F. ) ;
#6141 = EDGE_CURVE ( 'NONE', #4701, #1338, #2026, .T. ) ;
#6142 = ORIENTED_EDGE ( 'NONE', *, *, #4905, .F. ) ;
#6143 = AXIS2_PLACEMENT_3D ( 'NONE', #5252, #5993, #2349 ) ;
#6144 = EDGE_LOOP ( 'NONE', ( #3819, #6885, #6748, #6711 ) ) ;
#6145 = DIRECTION ( 'NONE',  ( -1.000000000000000000, -0.000000000000000000, -0.000000000000000000 ) ) ;
#6146 = FACE_OUTER_BOUND ( 'NONE', #7638, .T. ) ;
#6147 = LINE ( 'NONE', #2463, #1940 ) ;
#6148 = VERTEX_POINT ( 'NONE', #284 ) ;
#6149 = CARTESIAN_POINT ( 'NONE',  ( 1.399999999999999911, 0.2000000000000000944, 0.9499999999999995115 ) ) ;
#6150 = DIRECTION ( 'NONE',  ( 0.000000000000000000, -0.000000000000000000, 1.000000000000000000 ) ) ;
#6151 = VERTEX_POINT ( 'NONE', #4996 ) ;
#6152 = CARTESIAN_POINT ( 'NONE',  ( 1.399999999999999911, 0.2000000000000000111, 0.9499999999999995115 ) ) ;
#6153 = VECTOR ( 'NONE', #136, 1000.000000000000000 ) ;
#6154 = PRESENTATION_LAYER_ASSIGNMENT (  '', '', ( #4283 ) ) ;
#6155 = DIRECTION ( 'NONE',  ( -1.000000000000000000, 0.000000000000000000, 0.000000000000000000 ) ) ;
#6156 = ORIENTED_EDGE ( 'NONE', *, *, #3686, .T. ) ;
#6157 = ADVANCED_FACE ( 'NONE', ( #7353 ), #4415, .T. ) ;
#6158 = VECTOR ( 'NONE', #5458, 1000.000000000000000 ) ;
#6159 =( NAMED_UNIT ( * ) SI_UNIT ( $, .STERADIAN. ) SOLID_ANGLE_UNIT ( ) );
#6160 = ORIENTED_EDGE ( 'NONE', *, *, #2265, .F. ) ;
#6161 = CARTESIAN_POINT ( 'NONE',  ( -1.949999999999999734, 2.436067977499789983, -0.1499999999999999667 ) ) ;
#6162 = DIRECTION ( 'NONE',  ( 0.000000000000000000, -1.000000000000000000, 0.000000000000000000 ) ) ;
#6163 = PLANE ( 'NONE',  #4441 ) ;
#6164 = LINE ( 'NONE', #2096, #3166 ) ;
#6165 = DIRECTION ( 'NONE',  ( 0.000000000000000000, -1.000000000000000000, 0.000000000000000000 ) ) ;
#6166 = DIRECTION ( 'NONE',  ( 0.000000000000000000, -1.000000000000000000, 0.000000000000000000 ) ) ;
#6167 = DIRECTION ( 'NONE',  ( -1.000000000000000000, 0.000000000000000000, 0.000000000000000000 ) ) ;
#6168 = FACE_OUTER_BOUND ( 'NONE', #1842, .T. ) ;
#6169 = ORIENTED_EDGE ( 'NONE', *, *, #1317, .T. ) ;
#6170 = EDGE_LOOP ( 'NONE', ( #4279, #4762, #4864, #7624 ) ) ;
#6171 = VECTOR ( 'NONE', #6012, 1000.000000000000000 ) ;
#6172 = ORIENTED_EDGE ( 'NONE', *, *, #7315, .F. ) ;
#6173 = PLANE ( 'NONE',  #7442 ) ;
#6174 = FACE_OUTER_BOUND ( 'NONE', #2613, .T. ) ;
#6175 = EDGE_CURVE ( 'NONE', #4981, #6750, #3320, .T. ) ;
#6176 = DIRECTION ( 'NONE',  ( -0.000000000000000000, -1.000000000000000000, -0.000000000000000000 ) ) ;
#6177 = VERTEX_POINT ( 'NONE', #3280 ) ;
#6178 = LINE ( 'NONE', #4427, #3461 ) ;
#6179 = VECTOR ( 'NONE', #417, 1000.000000000000000 ) ;
#6180 = VECTOR ( 'NONE', #3152, 1000.000000000000000 ) ;
#6181 = EDGE_LOOP ( 'NONE', ( #502, #259, #6138, #5219, #969, #3327 ) ) ;
#6182 = ORIENTED_EDGE ( 'NONE', *, *, #6258, .F. ) ;
#6183 = VECTOR ( 'NONE', #6523, 1000.000000000000000 ) ;
#6184 = DIRECTION ( 'NONE',  ( -1.000000000000000000, 0.000000000000000000, -5.421010862427523156E-16 ) ) ;
#6185 = DIRECTION ( 'NONE',  ( -0.000000000000000000, -0.000000000000000000, -1.000000000000000000 ) ) ;
#6186 = LINE ( 'NONE', #4823, #2796 ) ;
#6187 = EDGE_LOOP ( 'NONE', ( #4362, #2056, #7244, #715 ) ) ;
#6188 = DIRECTION ( 'NONE',  ( 0.000000000000000000, -1.000000000000000000, 0.000000000000000000 ) ) ;
#6189 = DIRECTION ( 'NONE',  ( 0.000000000000000000, 0.000000000000000000, -1.000000000000000000 ) ) ;
#6190 = EDGE_CURVE ( 'NONE', #6057, #6848, #6822, .T. ) ;
#6191 = ORIENTED_EDGE ( 'NONE', *, *, #593, .T. ) ;
#6192 = ADVANCED_FACE ( 'NONE', ( #4454 ), #394, .F. ) ;
#6193 = CARTESIAN_POINT ( 'NONE',  ( 1.999999999999999556, 0.2000000000000000944, -0.9500000000000003997 ) ) ;
#6194 = LINE ( 'NONE', #858, #2028 ) ;
#6195 = ORIENTED_EDGE ( 'NONE', *, *, #2838, .T. ) ;
#6196 = EDGE_CURVE ( 'NONE', #7072, #5381, #2750, .T. ) ;
#6197 = DIRECTION ( 'NONE',  ( 0.000000000000000000, -1.000000000000000000, 0.000000000000000000 ) ) ;
#6198 = AXIS2_PLACEMENT_3D ( 'NONE', #3424, #5800, #4524 ) ;
#6199 = ORIENTED_EDGE ( 'NONE', *, *, #3701, .T. ) ;
#6200 = CARTESIAN_POINT ( 'NONE',  ( 1.949999999999999734, 0.1000000000000000056, 1.699999999999999734 ) ) ;
#6201 = DIRECTION ( 'NONE',  ( -1.000000000000000000, 0.000000000000000000, 0.000000000000000000 ) ) ;
#6202 = SURFACE_SIDE_STYLE ('',( #2635 ) ) ;
#6203 = VECTOR ( 'NONE', #4740, 1000.000000000000000 ) ;
#6204 = DIRECTION ( 'NONE',  ( 0.000000000000000000, -0.000000000000000000, 1.000000000000000000 ) ) ;
#6205 = DIRECTION ( 'NONE',  ( 0.000000000000000000, -0.000000000000000000, 1.000000000000000000 ) ) ;
#6206 = FACE_OUTER_BOUND ( 'NONE', #2779, .T. ) ;
#6207 = DIRECTION ( 'NONE',  ( 0.000000000000000000, -0.000000000000000000, 1.000000000000000000 ) ) ;
#6208 = VERTEX_POINT ( 'NONE', #7432 ) ;
#6209 = EDGE_CURVE ( 'NONE', #6358, #1414, #4607, .T. ) ;
#6210 = VECTOR ( 'NONE', #7140, 1000.000000000000000 ) ;
#6211 = ORIENTED_EDGE ( 'NONE', *, *, #5953, .F. ) ;
#6212 = VECTOR ( 'NONE', #3409, 1000.000000000000000 ) ;
#6213 = ORIENTED_EDGE ( 'NONE', *, *, #5814, .F. ) ;
#6214 = UNCERTAINTY_MEASURE_WITH_UNIT (LENGTH_MEASURE( 1.000000000000000082E-05 ), #158, 'distance_accuracy_value', 'NONE');
#6215 = CARTESIAN_POINT ( 'NONE',  ( 1.949999999999999734, 0.1000000000000000056, -1.699999999999999512 ) ) ;
#6216 = LINE ( 'NONE', #953, #771 ) ;
#6217 = CARTESIAN_POINT ( 'NONE',  ( -1.999999999999999556, 2.436067977499789983, 0.9499999999999990674 ) ) ;
#6218 = VECTOR ( 'NONE', #2037, 1000.000000000000000 ) ;
#6219 = VERTEX_POINT ( 'NONE', #5734 ) ;
#6220 = LINE ( 'NONE', #218, #4833 ) ;
#6221 = EDGE_CURVE ( 'NONE', #3971, #33, #5150, .T. ) ;
#6222 = ORIENTED_EDGE ( 'NONE', *, *, #5872, .F. ) ;
#6223 = EDGE_CURVE ( 'NONE', #3423, #886, #2671, .T. ) ;
#6224 = EDGE_LOOP ( 'NONE', ( #7642, #6865, #1949, #3947, #695, #3260 ) ) ;
#6225 = VECTOR ( 'NONE', #3621, 1000.000000000000000 ) ;
#6226 = CARTESIAN_POINT ( 'NONE',  ( -1.850000000000000311, 0.1000000000000000056, 1.749999999999999556 ) ) ;
#6227 = FILL_AREA_STYLE_COLOUR ( '', #166 ) ;
#6228 = DIRECTION ( 'NONE',  ( 0.000000000000000000, 0.000000000000000000, -1.000000000000000000 ) ) ;
#6229 = ORIENTED_EDGE ( 'NONE', *, *, #717, .T. ) ;
#6230 = LINE ( 'NONE', #7299, #2358 ) ;
#6231 = FACE_OUTER_BOUND ( 'NONE', #6963, .T. ) ;
#6232 = CARTESIAN_POINT ( 'NONE',  ( 0.000000000000000000, 0.05000000000000000278, 1.699999999999999734 ) ) ;
#6233 =( NAMED_UNIT ( * ) PLANE_ANGLE_UNIT ( ) SI_UNIT ( $, .RADIAN. ) );
#6234 = VECTOR ( 'NONE', #2003, 1000.000000000000000 ) ;
#6235 = ORIENTED_EDGE ( 'NONE', *, *, #6476, .T. ) ;
#6236 = ADVANCED_FACE ( 'NONE', ( #4530 ), #2142, .F. ) ;
#6237 = FACE_OUTER_BOUND ( 'NONE', #4973, .T. ) ;
#6238 = VERTEX_POINT ( 'NONE', #5621 ) ;
#6239 = DIRECTION ( 'NONE',  ( 0.000000000000000000, 0.000000000000000000, 1.000000000000000000 ) ) ;
#6240 = PLANE ( 'NONE',  #7043 ) ;
#6241 = DIRECTION ( 'NONE',  ( -5.421010862427523156E-16, 0.000000000000000000, -1.000000000000000000 ) ) ;
#6242 = VECTOR ( 'NONE', #7495, 1000.000000000000000 ) ;
#6243 = CARTESIAN_POINT ( 'NONE',  ( -1.649999999999999467, 0.4757359312880715119, -1.400000000000000355 ) ) ;
#6244 = EDGE_CURVE ( 'NONE', #4724, #6148, #6898, .T. ) ;
#6245 = CARTESIAN_POINT ( 'NONE',  ( 0.000000000000000000, 0.2000000000000000111, 0.000000000000000000 ) ) ;
#6246 = LINE ( 'NONE', #908, #7146 ) ;
#6247 = CARTESIAN_POINT ( 'NONE',  ( 0.2499999999999999445, 0.2000000000000000111, -0.9500000000000003997 ) ) ;
#6248 = DIRECTION ( 'NONE',  ( -1.000000000000000000, 0.000000000000000000, -0.000000000000000000 ) ) ;
#6249 = ORIENTED_EDGE ( 'NONE', *, *, #4804, .F. ) ;
#6250 = EDGE_LOOP ( 'NONE', ( #6643, #288, #5288, #1493 ) ) ;
#6251 = ORIENTED_EDGE ( 'NONE', *, *, #4023, .F. ) ;
#6252 = LINE ( 'NONE', #952, #3597 ) ;
#6253 = PLANE ( 'NONE',  #5828 ) ;
#6254 = EDGE_CURVE ( 'NONE', #5715, #3612, #5192, .T. ) ;
#6255 = LINE ( 'NONE', #7365, #90 ) ;
#6256 = ORIENTED_EDGE ( 'NONE', *, *, #6852, .T. ) ;
#6257 = FACE_OUTER_BOUND ( 'NONE', #995, .T. ) ;
#6258 = EDGE_CURVE ( 'NONE', #2842, #3032, #1591, .T. ) ;
#6259 = ORIENTED_EDGE ( 'NONE', *, *, #7053, .F. ) ;
#6260 = FACE_OUTER_BOUND ( 'NONE', #1598, .T. ) ;
#6261 = SURFACE_STYLE_FILL_AREA ( #927 ) ;
#6262 = LINE ( 'NONE', #963, #5896 ) ;
#6263 = ORIENTED_EDGE ( 'NONE', *, *, #3290, .T. ) ;
#6264 = LINE ( 'NONE', #1576, #1371 ) ;
#6265 = CARTESIAN_POINT ( 'NONE',  ( 0.2499999999999999445, 0.2000000000000000111, 0.9499999999999995115 ) ) ;
#6266 = CARTESIAN_POINT ( 'NONE',  ( -1.850000000000000311, 0.05000000000000000278, 1.699999999999999734 ) ) ;
#6267 = ORIENTED_EDGE ( 'NONE', *, *, #4811, .T. ) ;
#6268 = FACE_OUTER_BOUND ( 'NONE', #6396, .T. ) ;
#6269 = EDGE_LOOP ( 'NONE', ( #628, #4523, #2632, #3019, #2107, #233 ) ) ;
#6270 = PLANE ( 'NONE',  #79 ) ;
#6271 = ORIENTED_EDGE ( 'NONE', *, *, #2042, .F. ) ;
#6272 = CARTESIAN_POINT ( 'NONE',  ( 1.399999999999999911, 0.2000000000000000111, 1.749999999999999556 ) ) ;
#6273 = AXIS2_PLACEMENT_3D ( 'NONE', #3449, #1836, #2904 ) ;
#6274 = CARTESIAN_POINT ( 'NONE',  ( 1.399999999999999911, 0.1000000000000000056, 0.9499999999999995115 ) ) ;
#6275 =( GEOMETRIC_REPRESENTATION_CONTEXT ( 3 ) GLOBAL_UNCERTAINTY_ASSIGNED_CONTEXT ( ( #6674 ) ) GLOBAL_UNIT_ASSIGNED_CONTEXT ( ( #3741, #1937, #1359 ) ) REPRESENTATION_CONTEXT ( 'NONE', 'WORKASPACE' ) );
#6276 = PLANE ( 'NONE',  #921 ) ;
#6277 = VECTOR ( 'NONE', #663, 1000.000000000000000 ) ;
#6278 = DIRECTION ( 'NONE',  ( -0.000000000000000000, -0.000000000000000000, 1.000000000000000000 ) ) ;
#6279 =( NAMED_UNIT ( * ) SI_UNIT ( $, .STERADIAN. ) SOLID_ANGLE_UNIT ( ) );
#6280 = CARTESIAN_POINT ( 'NONE',  ( 1.800000000000000488, 0.09999999999999982514, 1.349999999999999645 ) ) ;
#6281 = PLANE ( 'NONE',  #3708 ) ;
#6282 = ORIENTED_EDGE ( 'NONE', *, *, #3237, .F. ) ;
#6283 = ADVANCED_FACE ( 'NONE', ( #5033 ), #2783, .F. ) ;
#6284 = EDGE_CURVE ( 'NONE', #6468, #4863, #1016, .T. ) ;
#6285 = VERTEX_POINT ( 'NONE', #6937 ) ;
#6286 = VERTEX_POINT ( 'NONE', #3978 ) ;
#6287 = LINE ( 'NONE', #2151, #3474 ) ;
#6288 = ADVANCED_FACE ( 'NONE', ( #4496 ), #6354, .T. ) ;
#6289 = LINE ( 'NONE', #2260, #3099 ) ;
#6290 = DIRECTION ( 'NONE',  ( 0.000000000000000000, -0.000000000000000000, 1.000000000000000000 ) ) ;
#6291 = PLANE ( 'NONE',  #6664 ) ;
#6292 = EDGE_CURVE ( 'NONE', #5272, #5564, #468, .T. ) ;
#6293 = DIRECTION ( 'NONE',  ( 0.000000000000000000, 1.000000000000000000, 0.000000000000000000 ) ) ;
#6294 = CARTESIAN_POINT ( 'NONE',  ( -1.500000000000000222, 0.09999999999999982514, 0.9499999999999990674 ) ) ;
#6295 = AXIS2_PLACEMENT_3D ( 'NONE', #6510, #634, #2866 ) ;
#6296 = CARTESIAN_POINT ( 'NONE',  ( 0.000000000000000000, 0.05000000000000000278, 1.699999999999999734 ) ) ;
#6297 = ORIENTED_EDGE ( 'NONE', *, *, #6547, .F. ) ;
#6298 = CARTESIAN_POINT ( 'NONE',  ( -0.7500000000000001110, 2.436067977499789983, 1.250000000000000444 ) ) ;
#6299 = CARTESIAN_POINT ( 'NONE',  ( 0.2499999999999999445, 0.2000000000000000111, -0.9500000000000003997 ) ) ;
#6300 = DIRECTION ( 'NONE',  ( -0.000000000000000000, 0.000000000000000000, -1.000000000000000000 ) ) ;
#6301 = VECTOR ( 'NONE', #5692, 1000.000000000000000 ) ;
#6302 = CARTESIAN_POINT ( 'NONE',  ( -0.7500000000000001110, 0.2000000000000000111, -1.250000000000001332 ) ) ;
#6303 = ADVANCED_FACE ( 'NONE', ( #7392 ), #1669, .F. ) ;
#6304 = EDGE_CURVE ( 'NONE', #5991, #6525, #2924, .T. ) ;
#6305 = VECTOR ( 'NONE', #7311, 1000.000000000000000 ) ;
#6306 = EDGE_LOOP ( 'NONE', ( #912, #1638, #4276, #5251 ) ) ;
#6307 = PRESENTATION_STYLE_ASSIGNMENT (( #3384 ) ) ;
#6308 = EDGE_LOOP ( 'NONE', ( #2571, #359, #3840, #1931 ) ) ;
#6309 = VECTOR ( 'NONE', #6585, 1000.000000000000000 ) ;
#6310 = CARTESIAN_POINT ( 'NONE',  ( -0.7500000000000001110, 0.2000000000000000111, 1.749999999999999556 ) ) ;
#6311 = ORIENTED_EDGE ( 'NONE', *, *, #4482, .T. ) ;
#6312 = DIRECTION ( 'NONE',  ( 0.000000000000000000, 0.000000000000000000, 1.000000000000000000 ) ) ;
#6313 = LINE ( 'NONE', #1013, #2707 ) ;
#6314 = DIRECTION ( 'NONE',  ( 1.000000000000000000, 0.000000000000000000, 0.000000000000000000 ) ) ;
#6315 = CARTESIAN_POINT ( 'NONE',  ( -0.7500000000000001110, 0.04999999999999999584, 1.250000000000000444 ) ) ;
#6316 = EDGE_CURVE ( 'NONE', #972, #3722, #620, .T. ) ;
#6317 = DIRECTION ( 'NONE',  ( 1.000000000000000000, 0.000000000000000000, 0.000000000000000000 ) ) ;
#6318 =( LENGTH_UNIT ( ) NAMED_UNIT ( * ) SI_UNIT ( .MILLI., .METRE. ) );
#6319 = CARTESIAN_POINT ( 'NONE',  ( 1.800000000000000488, 2.436067977499789983, -1.350000000000000533 ) ) ;
#6320 = DIRECTION ( 'NONE',  ( 0.000000000000000000, 0.000000000000000000, -1.000000000000000000 ) ) ;
#6321 = VERTEX_POINT ( 'NONE', #580 ) ;
#6322 = VECTOR ( 'NONE', #1654, 1000.000000000000000 ) ;
#6323 = ORIENTED_EDGE ( 'NONE', *, *, #3296, .T. ) ;
#6324 = ORIENTED_EDGE ( 'NONE', *, *, #6811, .T. ) ;
#6325 = CARTESIAN_POINT ( 'NONE',  ( -0.5000000000000000000, 0.1000000000000000056, -1.750000000000000444 ) ) ;
#6326 = EDGE_CURVE ( 'NONE', #7108, #1865, #2964, .T. ) ;
#6327 = EDGE_CURVE ( 'NONE', #3200, #4426, #660, .T. ) ;
#6328 = CARTESIAN_POINT ( 'NONE',  ( 0.2499999999999999445, 0.09999999999999982514, -0.9500000000000003997 ) ) ;
#6329 = CARTESIAN_POINT ( 'NONE',  ( -0.7500000000000001110, 2.436067977499789983, 1.699999999999999734 ) ) ;
#6330 = CARTESIAN_POINT ( 'NONE',  ( -1.649999999999999467, 0.9000000000000000222, -1.400000000000000355 ) ) ;
#6331 = VERTEX_POINT ( 'NONE', #6386 ) ;
#6332 = AXIS2_PLACEMENT_3D ( 'NONE', #5302, #4611, #1745 ) ;
#6333 = VECTOR ( 'NONE', #4540, 1000.000000000000000 ) ;
#6334 = DIRECTION ( 'NONE',  ( 1.000000000000000000, 0.000000000000000000, -0.000000000000000000 ) ) ;
#6335 = VECTOR ( 'NONE', #4575, 1000.000000000000000 ) ;
#6336 =( NAMED_UNIT ( * ) SI_UNIT ( $, .STERADIAN. ) SOLID_ANGLE_UNIT ( ) );
#6337 = CARTESIAN_POINT ( 'NONE',  ( -1.850000000000000311, 2.436067977499789983, 1.349999999999999201 ) ) ;
#6338 = EDGE_LOOP ( 'NONE', ( #4236, #2205, #1875, #404, #2049, #1911 ) ) ;
#6339 = LINE ( 'NONE', #449, #6322 ) ;
#6340 = DIRECTION ( 'NONE',  ( -1.000000000000000000, 0.000000000000000000, 0.000000000000000000 ) ) ;
#6341 = CARTESIAN_POINT ( 'NONE',  ( 2.000000000000000444, 0.1000000000000000056, -1.350000000000000755 ) ) ;
#6342 = STYLED_ITEM ( 'NONE', ( #4052 ), #6404 ) ;
#6343 = ORIENTED_EDGE ( 'NONE', *, *, #6443, .F. ) ;
#6344 = DIRECTION ( 'NONE',  ( -1.000000000000000000, 0.000000000000000000, -1.807003620809175371E-16 ) ) ;
#6345 = VERTEX_POINT ( 'NONE', #2889 ) ;
#6346 = LINE ( 'NONE', #2132, #834 ) ;
#6347 = ORIENTED_EDGE ( 'NONE', *, *, #325, .T. ) ;
#6348 = LINE ( 'NONE', #5255, #4460 ) ;
#6349 = ADVANCED_FACE ( 'NONE', ( #2433, #77 ), #7615, .T. ) ;
#6350 = CARTESIAN_POINT ( 'NONE',  ( -1.850000000000000311, 0.2000000000000000111, 1.749999999999999556 ) ) ;
#6351 = VERTEX_POINT ( 'NONE', #4642 ) ;
#6352 = VECTOR ( 'NONE', #4979, 1000.000000000000000 ) ;
#6353 = CARTESIAN_POINT ( 'NONE',  ( 1.949999999999999734, 2.436067977499789983, -1.350000000000000533 ) ) ;
#6354 = PLANE ( 'NONE',  #7076 ) ;
#6355 = LINE ( 'NONE', #4531, #730 ) ;
#6356 = PLANE ( 'NONE',  #1226 ) ;
#6357 = LINE ( 'NONE', #1095, #4105 ) ;
#6358 = VERTEX_POINT ( 'NONE', #4792 ) ;
#6359 = ORIENTED_EDGE ( 'NONE', *, *, #5240, .T. ) ;
#6360 = PLANE ( 'NONE',  #2861 ) ;
#6361 = CARTESIAN_POINT ( 'NONE',  ( -1.999999999999999556, 0.000000000000000000, 0.9499999999999990674 ) ) ;
#6362 = CARTESIAN_POINT ( 'NONE',  ( 1.949999999999999734, 0.1000000000000000056, -1.699999999999999512 ) ) ;
#6363 = DIRECTION ( 'NONE',  ( 0.000000000000000000, -0.000000000000000000, 1.000000000000000000 ) ) ;
#6364 = VERTEX_POINT ( 'NONE', #7083 ) ;
#6365 = PLANE ( 'NONE',  #6390 ) ;
#6366 = DIRECTION ( 'NONE',  ( 0.000000000000000000, -1.000000000000000000, 0.000000000000000000 ) ) ;
#6367 = DIRECTION ( 'NONE',  ( -0.000000000000000000, -1.000000000000000000, -0.000000000000000000 ) ) ;
#6368 = ORIENTED_EDGE ( 'NONE', *, *, #4804, .T. ) ;
#6369 = LINE ( 'NONE', #2873, #5580 ) ;
#6370 = CARTESIAN_POINT ( 'NONE',  ( -1.500000000000000444, 0.1000000000000000056, -0.6750000000000000444 ) ) ;
#6371 = LINE ( 'NONE', #1078, #3562 ) ;
#6372 = EDGE_CURVE ( 'NONE', #6285, #2459, #1124, .T. ) ;
#6373 = ORIENTED_EDGE ( 'NONE', *, *, #1667, .T. ) ;
#6374 = ORIENTED_EDGE ( 'NONE', *, *, #2519, .F. ) ;
#6375 = ORIENTED_EDGE ( 'NONE', *, *, #1364, .F. ) ;
#6376 = DIRECTION ( 'NONE',  ( 0.000000000000000000, 0.000000000000000000, 1.000000000000000000 ) ) ;
#6377 = ADVANCED_FACE ( 'NONE', ( #6495 ), #5334, .F. ) ;
#6378 = EDGE_LOOP ( 'NONE', ( #4824, #6948, #3837, #1824 ) ) ;
#6379 = CARTESIAN_POINT ( 'NONE',  ( 1.949999999999999734, 0.1000000000000000056, 1.699999999999999734 ) ) ;
#6380 = LINE ( 'NONE', #7540, #3817 ) ;
#6381 = ORIENTED_EDGE ( 'NONE', *, *, #5853, .F. ) ;
#6382 = AXIS2_PLACEMENT_3D ( 'NONE', #6488, #7147, #1847 ) ;
#6383 = DIRECTION ( 'NONE',  ( 1.000000000000000000, 0.000000000000000000, 0.000000000000000000 ) ) ;
#6384 = ADVANCED_FACE ( 'NONE', ( #7582 ), #1092, .F. ) ;
#6385 = VECTOR ( 'NONE', #7376, 1000.000000000000000 ) ;
#6386 = CARTESIAN_POINT ( 'NONE',  ( -1.250000000000000222, 0.1000000000000000056, -1.750000000000000444 ) ) ;
#6387 = DIRECTION ( 'NONE',  ( 0.000000000000000000, 0.000000000000000000, 1.000000000000000000 ) ) ;
#6388 = LINE ( 'NONE', #7547, #2128 ) ;
#6389 = ORIENTED_EDGE ( 'NONE', *, *, #910, .F. ) ;
#6390 = AXIS2_PLACEMENT_3D ( 'NONE', #1034, #2831, #6951 ) ;
#6391 = VERTEX_POINT ( 'NONE', #7 ) ;
#6392 = DIRECTION ( 'NONE',  ( 0.000000000000000000, 0.000000000000000000, -1.000000000000000000 ) ) ;
#6393 = DIRECTION ( 'NONE',  ( -0.000000000000000000, 0.000000000000000000, 1.000000000000000000 ) ) ;
#6394 = AXIS2_PLACEMENT_3D ( 'NONE', #3560, #1298, #5276 ) ;
#6395 = DIRECTION ( 'NONE',  ( 1.000000000000000000, 0.000000000000000000, 0.000000000000000000 ) ) ;
#6396 = EDGE_LOOP ( 'NONE', ( #58, #2959, #5133, #5980 ) ) ;
#6397 = EDGE_CURVE ( 'NONE', #723, #2663, #1780, .T. ) ;
#6398 = LINE ( 'NONE', #1719, #5782 ) ;
#6399 = FACE_OUTER_BOUND ( 'NONE', #7425, .T. ) ;
#6400 = COLOUR_RGB ( '',0.7921568627450980005, 0.8196078431372548767, 0.9333333333333333481 ) ;
#6401 = ORIENTED_EDGE ( 'NONE', *, *, #2553, .T. ) ;
#6402 = DIRECTION ( 'NONE',  ( 0.000000000000000000, 1.000000000000000000, 0.000000000000000000 ) ) ;
#6403 = CARTESIAN_POINT ( 'NONE',  ( -1.999999999999999556, 0.1000000000000000056, -1.350000000000000089 ) ) ;
#6404 = MANIFOLD_SOLID_BREP ( 'Boss-Extrude3', #2344 ) ;
#6405 = DIRECTION ( 'NONE',  ( 1.000000000000000000, 0.000000000000000000, 0.000000000000000000 ) ) ;
#6406 = ORIENTED_EDGE ( 'NONE', *, *, #630, .F. ) ;
#6407 = ORIENTED_EDGE ( 'NONE', *, *, #4026, .F. ) ;
#6408 = VECTOR ( 'NONE', #3323, 1000.000000000000000 ) ;
#6409 = VERTEX_POINT ( 'NONE', #3007 ) ;
#6410 = DIRECTION ( 'NONE',  ( 1.000000000000000000, 0.000000000000000000, -2.168404344971012566E-16 ) ) ;
#6411 = EDGE_CURVE ( 'NONE', #728, #7335, #3583, .T. ) ;
#6412 = ADVANCED_FACE ( 'NONE', ( #6146 ), #5414, .F. ) ;
#6413 = ORIENTED_EDGE ( 'NONE', *, *, #6093, .F. ) ;
#6414 = DIRECTION ( 'NONE',  ( -0.000000000000000000, -1.000000000000000000, -0.000000000000000000 ) ) ;
#6415 = LINE ( 'NONE', #6932, #6051 ) ;
#6416 = EDGE_LOOP ( 'NONE', ( #4348, #114, #5861, #4060, #4595, #3306 ) ) ;
#6417 = AXIS2_PLACEMENT_3D ( 'NONE', #967, #6769, #3303 ) ;
#6418 = VECTOR ( 'NONE', #704, 1000.000000000000000 ) ;
#6419 =( NAMED_UNIT ( * ) PLANE_ANGLE_UNIT ( ) SI_UNIT ( $, .RADIAN. ) );
#6420 = VECTOR ( 'NONE', #737, 1000.000000000000000 ) ;
#6421 = ADVANCED_FACE ( 'NONE', ( #335 ), #5014, .F. ) ;
#6422 = VECTOR ( 'NONE', #5410, 1000.000000000000000 ) ;
#6423 = LINE ( 'NONE', #6493, #7090 ) ;
#6424 = CARTESIAN_POINT ( 'NONE',  ( 1.399999999999999689, 0.1000000000000000056, 1.749999999999999556 ) ) ;
#6425 = LINE ( 'NONE', #6939, #3732 ) ;
#6426 = ORIENTED_EDGE ( 'NONE', *, *, #7346, .T. ) ;
#6427 = VERTEX_POINT ( 'NONE', #303 ) ;
#6428 = CARTESIAN_POINT ( 'NONE',  ( -1.999999999999999556, 0.2000000000000000944, -0.1499999999999999667 ) ) ;
#6429 = MANIFOLD_SOLID_BREP ( 'Cut-Extrude3', #700 ) ;
#6430 = PLANE ( 'NONE',  #2005 ) ;
#6431 = AXIS2_PLACEMENT_3D ( 'NONE', #570, #5877, #1773 ) ;
#6432 = FACE_OUTER_BOUND ( 'NONE', #5962, .T. ) ;
#6433 = EDGE_CURVE ( 'NONE', #6453, #2914, #5674, .T. ) ;
#6434 = ORIENTED_EDGE ( 'NONE', *, *, #4379, .T. ) ;
#6435 = VECTOR ( 'NONE', #1724, 1000.000000000000000 ) ;
#6436 = DIRECTION ( 'NONE',  ( 0.000000000000000000, -1.000000000000000000, 0.000000000000000000 ) ) ;
#6437 = CARTESIAN_POINT ( 'NONE',  ( 1.999999999999999556, 2.436067977499789983, -0.1999999999999999833 ) ) ;
#6438 = DIRECTION ( 'NONE',  ( 1.084202172485505790E-16, -0.000000000000000000, 1.000000000000000000 ) ) ;
#6439 = AXIS2_PLACEMENT_3D ( 'NONE', #287, #2643, #5120 ) ;
#6440 = AXIS2_PLACEMENT_3D ( 'NONE', #7059, #3023, #5314 ) ;
#6441 = ORIENTED_EDGE ( 'NONE', *, *, #6141, .T. ) ;
#6442 = DIRECTION ( 'NONE',  ( -0.000000000000000000, -1.000000000000000000, -0.000000000000000000 ) ) ;
#6443 = EDGE_CURVE ( 'NONE', #3670, #1723, #7337, .T. ) ;
#6444 = CARTESIAN_POINT ( 'NONE',  ( 0.2499999999999999445, 2.436067977499789983, -0.9500000000000003997 ) ) ;
#6445 = CARTESIAN_POINT ( 'NONE',  ( 0.2499999999999999445, 0.2000000000000000111, 0.9499999999999995115 ) ) ;
#6446 = ORIENTED_EDGE ( 'NONE', *, *, #7220, .F. ) ;
#6447 = VECTOR ( 'NONE', #1725, 1000.000000000000000 ) ;
#6448 = ORIENTED_EDGE ( 'NONE', *, *, #6656, .F. ) ;
#6449 = VECTOR ( 'NONE', #6392, 1000.000000000000000 ) ;
#6450 = DIRECTION ( 'NONE',  ( 0.000000000000000000, 0.000000000000000000, 1.000000000000000000 ) ) ;
#6451 = ORIENTED_EDGE ( 'NONE', *, *, #4590, .T. ) ;
#6452 = LINE ( 'NONE', #1155, #5770 ) ;
#6453 = VERTEX_POINT ( 'NONE', #5094 ) ;
#6454 = CARTESIAN_POINT ( 'NONE',  ( 0.2499999999999999445, 0.2000000000000000111, -1.750000000000000444 ) ) ;
#6455 = DIRECTION ( 'NONE',  ( 0.000000000000000000, 0.000000000000000000, -1.000000000000000000 ) ) ;
#6456 = ORIENTED_EDGE ( 'NONE', *, *, #1620, .F. ) ;
#6457 = AXIS2_PLACEMENT_3D ( 'NONE', #5657, #1520, #4015 ) ;
#6458 = CARTESIAN_POINT ( 'NONE',  ( 0.6500000000000000222, 0.1000000000000000056, 1.749999999999999556 ) ) ;
#6459 = EDGE_CURVE ( 'NONE', #1473, #4881, #1462, .T. ) ;
#6460 = DIRECTION ( 'NONE',  ( 0.000000000000000000, -0.000000000000000000, 1.000000000000000000 ) ) ;
#6461 = ORIENTED_EDGE ( 'NONE', *, *, #3861, .T. ) ;
#6462 = EDGE_CURVE ( 'NONE', #5121, #3385, #889, .T. ) ;
#6463 = VECTOR ( 'NONE', #2231, 1000.000000000000000 ) ;
#6464 = DIRECTION ( 'NONE',  ( 0.000000000000000000, 0.000000000000000000, 1.000000000000000000 ) ) ;
#6465 =( LENGTH_UNIT ( ) NAMED_UNIT ( * ) SI_UNIT ( .MILLI., .METRE. ) );
#6466 = CARTESIAN_POINT ( 'NONE',  ( 2.000000000000000444, 0.1000000000000000056, -1.750000000000000444 ) ) ;
#6467 = LINE ( 'NONE', #6976, #7435 ) ;
#6468 = VERTEX_POINT ( 'NONE', #4360 ) ;
#6469 = ORIENTED_EDGE ( 'NONE', *, *, #6662, .F. ) ;
#6470 = EDGE_CURVE ( 'NONE', #7362, #7233, #4395, .T. ) ;
#6471 = AXIS2_PLACEMENT_3D ( 'NONE', #6243, #6935, #1590 ) ;
#6472 = CARTESIAN_POINT ( 'NONE',  ( 0.6500000000000000222, 0.2000000000000000111, 0.9499999999999995115 ) ) ;
#6473 = DIRECTION ( 'NONE',  ( -1.000000000000000000, 0.000000000000000000, -0.000000000000000000 ) ) ;
#6474 = CARTESIAN_POINT ( 'NONE',  ( -1.500000000000000444, 2.436067977499789983, -0.3750000000000002220 ) ) ;
#6475 = VERTEX_POINT ( 'NONE', #3043 ) ;
#6476 = EDGE_CURVE ( 'NONE', #3272, #4769, #3806, .T. ) ;
#6477 = DIRECTION ( 'NONE',  ( 0.000000000000000000, -1.000000000000000000, 0.000000000000000000 ) ) ;
#6478 = DIRECTION ( 'NONE',  ( 0.000000000000000000, 0.000000000000000000, -1.000000000000000000 ) ) ;
#6479 = CARTESIAN_POINT ( 'NONE',  ( 1.949999999999999734, 0.1000000000000000056, -1.350000000000000533 ) ) ;
#6480 = ORIENTED_EDGE ( 'NONE', *, *, #3758, .F. ) ;
#6481 = CARTESIAN_POINT ( 'NONE',  ( -0.5000000000000001110, 2.436067977499789983, 1.250000000000000444 ) ) ;
#6482 = LINE ( 'NONE', #1262, #1881 ) ;
#6483 = EDGE_CURVE ( 'NONE', #4861, #6024, #3266, .T. ) ;
#6484 = DIRECTION ( 'NONE',  ( 1.000000000000000000, -0.000000000000000000, 0.000000000000000000 ) ) ;
#6485 = ORIENTED_EDGE ( 'NONE', *, *, #3664, .T. ) ;
#6486 = ORIENTED_EDGE ( 'NONE', *, *, #7313, .T. ) ;
#6487 = ORIENTED_EDGE ( 'NONE', *, *, #7431, .T. ) ;
#6488 = CARTESIAN_POINT ( 'NONE',  ( -1.649999999999999467, 1.000000000000000000, -1.400000000000000355 ) ) ;
#6489 = VERTEX_POINT ( 'NONE', #2725 ) ;
#6490 = LINE ( 'NONE', #2915, #17 ) ;
#6491 = CARTESIAN_POINT ( 'NONE',  ( -1.500000000000000444, 0.2000000000000000111, 0.6749999999999991562 ) ) ;
#6492 = ORIENTED_EDGE ( 'NONE', *, *, #3927, .F. ) ;
#6493 = CARTESIAN_POINT ( 'NONE',  ( -1.250000000000000222, 0.2000000000000000944, -1.250000000000001332 ) ) ;
#6494 = ORIENTED_EDGE ( 'NONE', *, *, #5619, .T. ) ;
#6496 = EDGE_CURVE ( 'NONE', #3530, #6, #7413, .T. ) ;
#6495 = FACE_OUTER_BOUND ( 'NONE', #5525, .T. ) ;
#6497 = SURFACE_STYLE_FILL_AREA ( #6582 ) ;
#6498 = CARTESIAN_POINT ( 'NONE',  ( 1.999999999999999556, 0.2000000000000000111, 0.2000000000000000389 ) ) ;
#6499 = FACE_OUTER_BOUND ( 'NONE', #5196, .T. ) ;
#6500 = DIRECTION ( 'NONE',  ( 0.000000000000000000, 0.000000000000000000, -1.000000000000000000 ) ) ;
#6501 = LINE ( 'NONE', #3547, #2975 ) ;
#6502 = ORIENTED_EDGE ( 'NONE', *, *, #85, .F. ) ;
#6503 = ORIENTED_EDGE ( 'NONE', *, *, #1289, .F. ) ;
#6504 = VECTOR ( 'NONE', #6997, 1000.000000000000000 ) ;
#6505 = CARTESIAN_POINT ( 'NONE',  ( -1.850000000000000311, 0.09999999999999982514, 1.349999999999999201 ) ) ;
#6506 = DIRECTION ( 'NONE',  ( 0.000000000000000000, 0.000000000000000000, 1.000000000000000000 ) ) ;
#6507 = MANIFOLD_SOLID_BREP ( 'Cut-Extrude2[15]', #7287 ) ;
#6508 = EDGE_CURVE ( 'NONE', #512, #1114, #5131, .T. ) ;
#6509 = EDGE_CURVE ( 'NONE', #7238, #6331, #3883, .T. ) ;
#6510 = CARTESIAN_POINT ( 'NONE',  ( 2.000000000000000444, 7.315072906367324990, 1.749999999999999556 ) ) ;
#6511 = VECTOR ( 'NONE', #2540, 1000.000000000000000 ) ;
#6512 = ORIENTED_EDGE ( 'NONE', *, *, #2345, .T. ) ;
#6513 = COLOUR_RGB ( '',0.7921568627450980005, 0.8196078431372548767, 0.9333333333333333481 ) ;
#6514 = EDGE_LOOP ( 'NONE', ( #7256, #5321, #2579, #5741 ) ) ;
#6515 = ADVANCED_FACE ( 'NONE', ( #1611 ), #412, .F. ) ;
#6516 = VECTOR ( 'NONE', #7235, 1000.000000000000000 ) ;
#6517 = CARTESIAN_POINT ( 'NONE',  ( -1.250000000000000222, 0.2000000000000000111, -1.749999999999999778 ) ) ;
#6518 = DIRECTION ( 'NONE',  ( 0.000000000000000000, -0.000000000000000000, 1.000000000000000000 ) ) ;
#6519 = DIRECTION ( 'NONE',  ( 1.000000000000000000, -0.000000000000000000, 0.000000000000000000 ) ) ;
#6520 = ORIENTED_EDGE ( 'NONE', *, *, #6508, .F. ) ;
#6521 = DIRECTION ( 'NONE',  ( 0.000000000000000000, -0.000000000000000000, -1.000000000000000000 ) ) ;
#6522 = PLANE ( 'NONE',  #3716 ) ;
#6523 = DIRECTION ( 'NONE',  ( -0.000000000000000000, -0.000000000000000000, -1.000000000000000000 ) ) ;
#6524 = VERTEX_POINT ( 'NONE', #7020 ) ;
#6525 = VERTEX_POINT ( 'NONE', #3957 ) ;
#6526 = ORIENTED_EDGE ( 'NONE', *, *, #2384, .T. ) ;
#6527 = CARTESIAN_POINT ( 'NONE',  ( -1.250000000000000222, 0.2000000000000000111, -1.250000000000001332 ) ) ;
#6528 = EDGE_CURVE ( 'NONE', #860, #2638, #5277, .T. ) ;
#6529 = VERTEX_POINT ( 'NONE', #6875 ) ;
#6530 = CARTESIAN_POINT ( 'NONE',  ( 0.2499999999999999445, 0.05000000000000000278, 1.699999999999999734 ) ) ;
#6531 = EDGE_CURVE ( 'NONE', #4431, #402, #2301, .T. ) ;
#6532 = DIRECTION ( 'NONE',  ( -0.000000000000000000, 0.000000000000000000, -1.000000000000000000 ) ) ;
#6533 = EDGE_LOOP ( 'NONE', ( #6793, #6830, #6282, #3110, #5037, #6038 ) ) ;
#6534 = EDGE_CURVE ( 'NONE', #6800, #2603, #526, .T. ) ;
#6535 = CARTESIAN_POINT ( 'NONE',  ( 0.6500000000000000222, 0.2000000000000000111, -0.9500000000000003997 ) ) ;
#6536 =( GEOMETRIC_REPRESENTATION_CONTEXT ( 3 ) GLOBAL_UNCERTAINTY_ASSIGNED_CONTEXT ( ( #1415 ) ) GLOBAL_UNIT_ASSIGNED_CONTEXT ( ( #6745, #3704, #4416 ) ) REPRESENTATION_CONTEXT ( 'NONE', 'WORKASPACE' ) );
#6537 = CARTESIAN_POINT ( 'NONE',  ( 1.949999999999999734, 0.1000000000000000056, 1.699999999999999734 ) ) ;
#6538 = VERTEX_POINT ( 'NONE', #5242 ) ;
#6539 = DIRECTION ( 'NONE',  ( 0.000000000000000000, -1.000000000000000000, 0.000000000000000000 ) ) ;
#6540 = DIRECTION ( 'NONE',  ( -0.000000000000000000, 0.000000000000000000, 1.000000000000000000 ) ) ;
#6541 = VECTOR ( 'NONE', #2102, 1000.000000000000000 ) ;
#6542 = DIRECTION ( 'NONE',  ( 0.000000000000000000, -1.000000000000000000, 0.000000000000000000 ) ) ;
#6543 = DIRECTION ( 'NONE',  ( -1.000000000000000000, 0.000000000000000000, -0.000000000000000000 ) ) ;
#6544 = DIRECTION ( 'NONE',  ( -2.168404344971012566E-16, 0.000000000000000000, -1.000000000000000000 ) ) ;
#6545 = VERTEX_POINT ( 'NONE', #4656 ) ;
#6546 = AXIS2_PLACEMENT_3D ( 'NONE', #6491, #4869, #6075 ) ;
#6547 = EDGE_CURVE ( 'NONE', #3853, #7114, #1035, .T. ) ;
#6548 = VERTEX_POINT ( 'NONE', #483 ) ;
#6549 = VECTOR ( 'NONE', #4860, 1000.000000000000000 ) ;
#6550 = LINE ( 'NONE', #1171, #2137 ) ;
#6551 = FACE_OUTER_BOUND ( 'NONE', #2880, .T. ) ;
#6552 = AXIS2_PLACEMENT_3D ( 'NONE', #1296, #3711, #3635 ) ;
#6553 = CARTESIAN_POINT ( 'NONE',  ( -1.850000000000000311, 0.04999999999999999584, -1.699999999999999512 ) ) ;
#6554 = ORIENTED_EDGE ( 'NONE', *, *, #2273, .F. ) ;
#6555 = EDGE_CURVE ( 'NONE', #1114, #5758, #2869, .T. ) ;
#6556 = ORIENTED_EDGE ( 'NONE', *, *, #163, .F. ) ;
#6557 = EDGE_CURVE ( 'NONE', #5381, #6524, #1573, .T. ) ;
#6558 = DIRECTION ( 'NONE',  ( 0.000000000000000000, -1.000000000000000000, 0.000000000000000000 ) ) ;
#6559 = VECTOR ( 'NONE', #5490, 1000.000000000000000 ) ;
#6560 = FACE_OUTER_BOUND ( 'NONE', #958, .T. ) ;
#6561 = FACE_OUTER_BOUND ( 'NONE', #277, .T. ) ;
#6562 = VERTEX_POINT ( 'NONE', #1144 ) ;
#6563 = LINE ( 'NONE', #1838, #1871 ) ;
#6564 = CARTESIAN_POINT ( 'NONE',  ( -1.500000000000000222, 0.05000000000000000278, 0.000000000000000000 ) ) ;
#6565 = CARTESIAN_POINT ( 'NONE',  ( -0.2000000000000005107, 0.09999999999999982514, 0.2000000000000000389 ) ) ;
#6566 = VECTOR ( 'NONE', #3798, 1000.000000000000000 ) ;
#6567 = ORIENTED_EDGE ( 'NONE', *, *, #6081, .T. ) ;
#6568 = EDGE_LOOP ( 'NONE', ( #6598, #4208, #2849, #1496 ) ) ;
#6569 = ORIENTED_EDGE ( 'NONE', *, *, #6673, .F. ) ;
#6570 = DIRECTION ( 'NONE',  ( -0.000000000000000000, -1.000000000000000000, -0.000000000000000000 ) ) ;
#6571 = EDGE_LOOP ( 'NONE', ( #2334, #862, #598, #5244, #291, #4502 ) ) ;
#6572 = DIRECTION ( 'NONE',  ( -2.168404344971008474E-15, 0.000000000000000000, 1.000000000000000000 ) ) ;
#6573 = DIRECTION ( 'NONE',  ( 0.000000000000000000, -0.000000000000000000, 1.000000000000000000 ) ) ;
#6574 = VERTEX_POINT ( 'NONE', #7562 ) ;
#6575 = LINE ( 'NONE', #1278, #870 ) ;
#6576 = VECTOR ( 'NONE', #3171, 1000.000000000000000 ) ;
#6577 = VECTOR ( 'NONE', #3265, 1000.000000000000000 ) ;
#6578 = DIRECTION ( 'NONE',  ( -0.000000000000000000, -1.000000000000000000, -0.000000000000000000 ) ) ;
#6579 = EDGE_LOOP ( 'NONE', ( #2502, #5254, #1846, #5545 ) ) ;
#6580 = EDGE_CURVE ( 'NONE', #182, #2951, #3919, .T. ) ;
#6581 = DIRECTION ( 'NONE',  ( 1.000000000000000000, -0.000000000000000000, -1.084202172485505790E-16 ) ) ;
#6582 = FILL_AREA_STYLE ('',( #661 ) ) ;
#6583 = VECTOR ( 'NONE', #7172, 1000.000000000000000 ) ;
#6584 = LINE ( 'NONE', #1282, #6158 ) ;
#6585 = DIRECTION ( 'NONE',  ( 0.000000000000000000, -1.000000000000000000, 0.000000000000000000 ) ) ;
#6586 = CARTESIAN_POINT ( 'NONE',  ( 1.800000000000000488, 0.2000000000000000111, -1.350000000000000533 ) ) ;
#6587 = SURFACE_STYLE_FILL_AREA ( #3132 ) ;
#6588 = ORIENTED_EDGE ( 'NONE', *, *, #6118, .T. ) ;
#6589 = ADVANCED_FACE ( 'NONE', ( #4625 ), #6987, .F. ) ;
#6590 = ORIENTED_EDGE ( 'NONE', *, *, #3518, .F. ) ;
#6591 =( GEOMETRIC_REPRESENTATION_CONTEXT ( 3 ) GLOBAL_UNCERTAINTY_ASSIGNED_CONTEXT ( ( #323 ) ) GLOBAL_UNIT_ASSIGNED_CONTEXT ( ( #2397, #545, #5963 ) ) REPRESENTATION_CONTEXT ( 'NONE', 'WORKASPACE' ) );
#6592 = DIRECTION ( 'NONE',  ( 0.000000000000000000, 1.000000000000000000, 0.000000000000000000 ) ) ;
#6593 = LINE ( 'NONE', #1291, #859 ) ;
#6594 = PLANE ( 'NONE',  #5923 ) ;
#6595 = ORIENTED_EDGE ( 'NONE', *, *, #2440, .T. ) ;
#6596 = ORIENTED_EDGE ( 'NONE', *, *, #4840, .F. ) ;
#6597 = AXIS2_PLACEMENT_3D ( 'NONE', #7155, #4169, #4088 ) ;
#6598 = ORIENTED_EDGE ( 'NONE', *, *, #6785, .T. ) ;
#6599 = CARTESIAN_POINT ( 'NONE',  ( 1.999999999999999556, 0.2000000000000000111, -0.9500000000000003997 ) ) ;
#6600 = FACE_OUTER_BOUND ( 'NONE', #5396, .T. ) ;
#6601 = DIRECTION ( 'NONE',  ( 0.000000000000000000, 1.000000000000000000, 0.000000000000000000 ) ) ;
#6602 = ORIENTED_EDGE ( 'NONE', *, *, #2771, .T. ) ;
#6603 = AXIS2_PLACEMENT_3D ( 'NONE', #3307, #5684, #7383 ) ;
#6604 = CARTESIAN_POINT ( 'NONE',  ( -1.626303258728260349E-17, 0.05000000000000000278, -0.1500000000000001887 ) ) ;
#6605 = CARTESIAN_POINT ( 'NONE',  ( -1.000000000000000222, 0.2000000000000000111, -1.749999999999999556 ) ) ;
#6606 = ORIENTED_EDGE ( 'NONE', *, *, #5918, .F. ) ;
#6607 = EDGE_LOOP ( 'NONE', ( #5642, #2499, #3398, #5523 ) ) ;
#6608 = ORIENTED_EDGE ( 'NONE', *, *, #340, .F. ) ;
#6609 = CARTESIAN_POINT ( 'NONE',  ( -1.500000000000000222, 0.2000000000000000111, -0.1500000000000000222 ) ) ;
#6610 = ORIENTED_EDGE ( 'NONE', *, *, #6397, .T. ) ;
#6611 = CARTESIAN_POINT ( 'NONE',  ( -1.949999999999999734, 0.05000000000000000278, 0.9499999999999990674 ) ) ;
#6612 = CARTESIAN_POINT ( 'NONE',  ( 0.000000000000000000, 0.05000000000000000278, 0.000000000000000000 ) ) ;
#6613 = ORIENTED_EDGE ( 'NONE', *, *, #7313, .F. ) ;
#6614 = EDGE_CURVE ( 'NONE', #789, #3847, #4070, .T. ) ;
#6615 = DIRECTION ( 'NONE',  ( 0.000000000000000000, 1.000000000000000000, 0.000000000000000000 ) ) ;
#6616 = PLANE ( 'NONE',  #7578 ) ;
#6617 = EDGE_LOOP ( 'NONE', ( #4235, #26, #2275, #4242, #4967, #2716 ) ) ;
#6618 = ADVANCED_FACE ( 'NONE', ( #5863 ), #558, .F. ) ;
#6619 =( NAMED_UNIT ( * ) PLANE_ANGLE_UNIT ( ) SI_UNIT ( $, .RADIAN. ) );
#6620 = CARTESIAN_POINT ( 'NONE',  ( -1.000000000000000444, 0.1000000000000000056, -1.750000000000000444 ) ) ;
#6621 = CARTESIAN_POINT ( 'NONE',  ( 1.800000000000000266, 0.1000000000000000056, 1.699999999999999734 ) ) ;
#6622 = DIRECTION ( 'NONE',  ( -1.000000000000000000, 0.000000000000000000, -2.168404344971012566E-16 ) ) ;
#6623 = PLANE ( 'NONE',  #216 ) ;
#6624 = ADVANCED_FACE ( 'NONE', ( #7626 ), #596, .F. ) ;
#6625 = ORIENTED_EDGE ( 'NONE', *, *, #3262, .F. ) ;
#6626 = DIRECTION ( 'NONE',  ( 0.000000000000000000, 0.000000000000000000, 1.000000000000000000 ) ) ;
#6627 = DIRECTION ( 'NONE',  ( 0.000000000000000000, 0.000000000000000000, 1.000000000000000000 ) ) ;
#6628 = CARTESIAN_POINT ( 'NONE',  ( -0.2000000000000005107, 0.1000000000000000056, 0.2000000000000000389 ) ) ;
#6629 = ORIENTED_EDGE ( 'NONE', *, *, #4125, .F. ) ;
#6630 = ADVANCED_FACE ( 'NONE', ( #3637 ), #4189, .F. ) ;
#6631 = ORIENTED_EDGE ( 'NONE', *, *, #5042, .F. ) ;
#6632 = DIRECTION ( 'NONE',  ( 1.000000000000000000, -0.000000000000000000, 0.000000000000000000 ) ) ;
#6633 = ADVANCED_FACE ( 'NONE', ( #6600 ), #60, .F. ) ;
#6634 = LINE ( 'NONE', #5595, #6218 ) ;
#6635 = CARTESIAN_POINT ( 'NONE',  ( -1.000000000000000222, 0.05000000000000000278, -1.250000000000001332 ) ) ;
#6636 = VECTOR ( 'NONE', #928, 1000.000000000000000 ) ;
#6637 = LINE ( 'NONE', #4971, #4535 ) ;
#6638 = VECTOR ( 'NONE', #5585, 1000.000000000000000 ) ;
#6639 = ORIENTED_EDGE ( 'NONE', *, *, #3304, .T. ) ;
#6640 = PLANE ( 'NONE',  #5948 ) ;
#6641 = CARTESIAN_POINT ( 'NONE',  ( -1.250000000000000222, 0.000000000000000000, -1.250000000000001332 ) ) ;
#6642 = VECTOR ( 'NONE', #4877, 1000.000000000000000 ) ;
#6643 = ORIENTED_EDGE ( 'NONE', *, *, #1712, .F. ) ;
#6644 = ADVANCED_FACE ( 'NONE', ( #4694 ), #5437, .T. ) ;
#6645 = VERTEX_POINT ( 'NONE', #2377 ) ;
#6646 = ORIENTED_EDGE ( 'NONE', *, *, #2189, .F. ) ;
#6647 = LINE ( 'NONE', #3229, #2309 ) ;
#6648 = EDGE_LOOP ( 'NONE', ( #1912, #1367, #6426, #5683, #4238, #4780 ) ) ;
#6649 = LINE ( 'NONE', #3500, #1123 ) ;
#6650 = CARTESIAN_POINT ( 'NONE',  ( 0.000000000000000000, 0.1000000000000000056, 0.000000000000000000 ) ) ;
#6651 = ORIENTED_EDGE ( 'NONE', *, *, #1406, .T. ) ;
#6652 = CARTESIAN_POINT ( 'NONE',  ( -1.999999999999999556, 0.1000000000000000056, -1.750000000000000444 ) ) ;
#6653 = CARTESIAN_POINT ( 'NONE',  ( 2.000000000000000444, 0.1000000000000000056, 1.349999999999999645 ) ) ;
#6654 = VERTEX_POINT ( 'NONE', #6020 ) ;
#6655 = ADVANCED_FACE ( 'NONE', ( #6560 ), #1177, .F. ) ;
#6656 = EDGE_CURVE ( 'NONE', #296, #727, #1299, .T. ) ;
#6657 = FACE_OUTER_BOUND ( 'NONE', #4536, .T. ) ;
#6658 = LINE ( 'NONE', #6200, #4911 ) ;
#6659 = LINE ( 'NONE', #3545, #2711 ) ;
#6660 = MECHANICAL_DESIGN_GEOMETRIC_PRESENTATION_REPRESENTATION (  '', ( #3057 ), #5048 ) ;
#6661 = CARTESIAN_POINT ( 'NONE',  ( -1.000000000000000222, 0.2000000000000000111, 1.749999999999998668 ) ) ;
#6662 = EDGE_CURVE ( 'NONE', #3499, #1924, #4736, .T. ) ;
#6663 = ORIENTED_EDGE ( 'NONE', *, *, #959, .F. ) ;
#6664 = AXIS2_PLACEMENT_3D ( 'NONE', #1568, #1677, #3295 ) ;
#6665 = LINE ( 'NONE', #6744, #5471 ) ;
#6666 =( NAMED_UNIT ( * ) SI_UNIT ( $, .STERADIAN. ) SOLID_ANGLE_UNIT ( ) );
#6667 = VECTOR ( 'NONE', #4955, 1000.000000000000000 ) ;
#6668 = CARTESIAN_POINT ( 'NONE',  ( 0.6500000000000000222, 0.1000000000000000056, 1.699999999999999734 ) ) ;
#6669 = ORIENTED_EDGE ( 'NONE', *, *, #6433, .T. ) ;
#6670 = VECTOR ( 'NONE', #4232, 1000.000000000000000 ) ;
#6671 = VERTEX_POINT ( 'NONE', #1879 ) ;
#6672 = EDGE_LOOP ( 'NONE', ( #4222, #4909, #1657, #635, #5577, #7031, #1890, #5354, #6115, #6156, #6132, #1965, #6903, #7048, #2016, #1082, #2257, #3534, #3689, #5972, #2154, #2002, #4658, #6259 ) ) ;
#6673 = EDGE_CURVE ( 'NONE', #3750, #2566, #23, .T. ) ;
#6674 = UNCERTAINTY_MEASURE_WITH_UNIT (LENGTH_MEASURE( 1.000000000000000082E-05 ), #3741, 'distance_accuracy_value', 'NONE');
#6675 = VECTOR ( 'NONE', #5473, 1000.000000000000000 ) ;
#6676 = LINE ( 'NONE', #324, #4845 ) ;
#6677 = PLANE ( 'NONE',  #5593 ) ;
#6678 = ADVANCED_FACE ( 'NONE', ( #5940 ), #4228, .F. ) ;
#6679 = DIRECTION ( 'NONE',  ( 0.000000000000000000, -0.000000000000000000, 1.000000000000000000 ) ) ;
#6680 = EDGE_CURVE ( 'NONE', #6671, #813, #5983, .T. ) ;
#6681 = VERTEX_POINT ( 'NONE', #720 ) ;
#6682 = DIRECTION ( 'NONE',  ( 0.000000000000000000, -0.000000000000000000, 1.000000000000000000 ) ) ;
#6683 = DIRECTION ( 'NONE',  ( 1.000000000000000000, 0.000000000000000000, 0.000000000000000000 ) ) ;
#6684 = VERTEX_POINT ( 'NONE', #3062 ) ;
#6685 = ORIENTED_EDGE ( 'NONE', *, *, #7355, .T. ) ;
#6686 = ORIENTED_EDGE ( 'NONE', *, *, #6680, .F. ) ;
#6687 = CARTESIAN_POINT ( 'NONE',  ( 1.399999999999999911, 0.2000000000000000111, -1.750000000000000444 ) ) ;
#6688 = EDGE_CURVE ( 'NONE', #3790, #5105, #96, .T. ) ;
#6689 = CARTESIAN_POINT ( 'NONE',  ( 0.000000000000000000, 0.1000000000000000056, 0.000000000000000000 ) ) ;
#6690 = ORIENTED_EDGE ( 'NONE', *, *, #2395, .F. ) ;
#6691 = DIRECTION ( 'NONE',  ( 5.421010862427523156E-16, 0.000000000000000000, -1.000000000000000000 ) ) ;
#6692 = LINE ( 'NONE', #1967, #741 ) ;
#6693 = ORIENTED_EDGE ( 'NONE', *, *, #4332, .F. ) ;
#6694 = AXIS2_PLACEMENT_3D ( 'NONE', #2957, #1925, #4277 ) ;
#6695 = CARTESIAN_POINT ( 'NONE',  ( 1.800000000000000488, 2.436067977499789983, 1.349999999999999645 ) ) ;
#6696 = CARTESIAN_POINT ( 'NONE',  ( 1.949999999999999734, 0.1000000000000000056, -1.699999999999999512 ) ) ;
#6697 = ORIENTED_EDGE ( 'NONE', *, *, #5424, .F. ) ;
#6698 = DIRECTION ( 'NONE',  ( -0.000000000000000000, 0.000000000000000000, 1.000000000000000000 ) ) ;
#6699 = DIRECTION ( 'NONE',  ( 0.000000000000000000, 0.000000000000000000, -1.000000000000000000 ) ) ;
#6700 = VECTOR ( 'NONE', #7438, 1000.000000000000000 ) ;
#6701 = DIRECTION ( 'NONE',  ( -0.000000000000000000, -1.000000000000000000, -0.000000000000000000 ) ) ;
#6702 = VECTOR ( 'NONE', #881, 1000.000000000000000 ) ;
#6703 = LINE ( 'NONE', #1358, #117 ) ;
#6704 = PLANE ( 'NONE',  #2486 ) ;
#6705 = ORIENTED_EDGE ( 'NONE', *, *, #822, .F. ) ;
#6706 = AXIS2_PLACEMENT_3D ( 'NONE', #1758, #2490, #7214 ) ;
#6707 = CARTESIAN_POINT ( 'NONE',  ( 0.000000000000000000, 0.2000000000000000111, 0.000000000000000000 ) ) ;
#6708 = SURFACE_SIDE_STYLE ('',( #2672 ) ) ;
#6709 = LINE ( 'NONE', #245, #6788 ) ;
#6710 = CARTESIAN_POINT ( 'NONE',  ( 0.000000000000000000, 0.05000000000000000278, 1.250000000000000444 ) ) ;
#6711 = ORIENTED_EDGE ( 'NONE', *, *, #21, .F. ) ;
#6712 = ADVANCED_FACE ( 'NONE', ( #7099 ), #7215, .T. ) ;
#6713 = VECTOR ( 'NONE', #2598, 1000.000000000000000 ) ;
#6714 = VERTEX_POINT ( 'NONE', #4265 ) ;
#6715 = VERTEX_POINT ( 'NONE', #6635 ) ;
#6716 = CARTESIAN_POINT ( 'NONE',  ( 1.949999999999999734, 2.436067977499789983, 0.9499999999999995115 ) ) ;
#6717 = DIRECTION ( 'NONE',  ( -0.000000000000000000, -1.000000000000000000, -0.000000000000000000 ) ) ;
#6718 = DIRECTION ( 'NONE',  ( -1.355252715606880296E-16, 0.000000000000000000, -1.000000000000000000 ) ) ;
#6719 = EDGE_LOOP ( 'NONE', ( #2238, #3531, #7260, #1422 ) ) ;
#6720 = CARTESIAN_POINT ( 'NONE',  ( 0.000000000000000000, 0.05000000000000000278, -1.699999999999999512 ) ) ;
#6721 = ADVANCED_FACE ( 'NONE', ( #4148 ), #2986, .T. ) ;
#6722 = ORIENTED_EDGE ( 'NONE', *, *, #2396, .T. ) ;
#6723 = ORIENTED_EDGE ( 'NONE', *, *, #3422, .F. ) ;
#6724 = ORIENTED_EDGE ( 'NONE', *, *, #3330, .F. ) ;
#6725 = LINE ( 'NONE', #3762, #7464 ) ;
#6726 = VECTOR ( 'NONE', #3196, 1000.000000000000000 ) ;
#6727 =( LENGTH_UNIT ( ) NAMED_UNIT ( * ) SI_UNIT ( .MILLI., .METRE. ) );
#6728 = DIRECTION ( 'NONE',  ( 0.000000000000000000, -1.000000000000000000, 0.000000000000000000 ) ) ;
#6729 = EDGE_CURVE ( 'NONE', #1734, #3180, #212, .T. ) ;
#6730 = EDGE_LOOP ( 'NONE', ( #5264, #5238, #1224, #5581 ) ) ;
#6731 = DIRECTION ( 'NONE',  ( 0.000000000000000000, -0.000000000000000000, 1.000000000000000000 ) ) ;
#6732 = CARTESIAN_POINT ( 'NONE',  ( -1.250000000000000222, 0.1000000000000000056, -1.250000000000001332 ) ) ;
#6733 = VERTEX_POINT ( 'NONE', #4387 ) ;
#6734 = LINE ( 'NONE', #2660, #5186 ) ;
#6735 = CARTESIAN_POINT ( 'NONE',  ( -1.999999999999999556, 0.2000000000000000111, -0.1499999999999999667 ) ) ;
#6736 = EDGE_LOOP ( 'NONE', ( #2929, #362, #610, #4989 ) ) ;
#6737 = LINE ( 'NONE', #3736, #2670 ) ;
#6738 = ORIENTED_EDGE ( 'NONE', *, *, #4692, .T. ) ;
#6739 = LINE ( 'NONE', #5616, #6642 ) ;
#6740 = CARTESIAN_POINT ( 'NONE',  ( -1.250000000000000222, 0.2000000000000000111, -1.749999999999999778 ) ) ;
#6741 = DIRECTION ( 'NONE',  ( 0.000000000000000000, 0.000000000000000000, 1.000000000000000000 ) ) ;
#6742 = CARTESIAN_POINT ( 'NONE',  ( 2.000000000000000444, 1.000000000000000000, 1.749999999999999556 ) ) ;
#6743 = EDGE_CURVE ( 'NONE', #6056, #4099, #5708, .T. ) ;
#6744 = CARTESIAN_POINT ( 'NONE',  ( -1.500000000000000222, 0.2000000000000000111, -1.149999999999999911 ) ) ;
#6745 =( LENGTH_UNIT ( ) NAMED_UNIT ( * ) SI_UNIT ( .MILLI., .METRE. ) );
#6746 = LINE ( 'NONE', #7278, #5796 ) ;
#6747 = CARTESIAN_POINT ( 'NONE',  ( 0.000000000000000000, 0.2000000000000000111, 0.000000000000000000 ) ) ;
#6748 = ORIENTED_EDGE ( 'NONE', *, *, #2654, .F. ) ;
#6749 = ORIENTED_EDGE ( 'NONE', *, *, #3993, .F. ) ;
#6750 = VERTEX_POINT ( 'NONE', #1994 ) ;
#6751 = LINE ( 'NONE', #1992, #2014 ) ;
#6752 = EDGE_CURVE ( 'NONE', #1988, #2291, #3218, .T. ) ;
#6753 = ADVANCED_FACE ( 'NONE', ( #4305 ), #6677, .F. ) ;
#6754 = LINE ( 'NONE', #7289, #3347 ) ;
#6755 = CARTESIAN_POINT ( 'NONE',  ( 0.000000000000000000, 0.1000000000000000056, 0.000000000000000000 ) ) ;
#6756 = ORIENTED_EDGE ( 'NONE', *, *, #3440, .F. ) ;
#6757 = DIRECTION ( 'NONE',  ( 0.000000000000000000, 0.000000000000000000, -1.000000000000000000 ) ) ;
#6758 = VECTOR ( 'NONE', #688, 1000.000000000000000 ) ;
#6759 = ADVANCED_FACE ( 'NONE', ( #6174 ), #5630, .T. ) ;
#6760 = VERTEX_POINT ( 'NONE', #838 ) ;
#6761 = ORIENTED_EDGE ( 'NONE', *, *, #4288, .T. ) ;
#6762 = VECTOR ( 'NONE', #4274, 1000.000000000000000 ) ;
#6763 = DIRECTION ( 'NONE',  ( -1.000000000000000000, 0.000000000000000000, 0.000000000000000000 ) ) ;
#6764 = DIRECTION ( 'NONE',  ( 0.000000000000000000, -1.000000000000000000, 0.000000000000000000 ) ) ;
#6765 = EDGE_LOOP ( 'NONE', ( #684, #2065 ) ) ;
#6766 = CARTESIAN_POINT ( 'NONE',  ( 1.399999999999999911, 0.2000000000000000111, -1.699999999999999512 ) ) ;
#6767 = FACE_OUTER_BOUND ( 'NONE', #6224, .T. ) ;
#6768 = VERTEX_POINT ( 'NONE', #4345 ) ;
#6769 = DIRECTION ( 'NONE',  ( -1.000000000000000000, 0.000000000000000000, 5.421010862427523156E-16 ) ) ;
#6770 = VECTOR ( 'NONE', #5163, 1000.000000000000000 ) ;
#6771 = CARTESIAN_POINT ( 'NONE',  ( -0.7500000000000001110, 0.2000000000000000944, -1.250000000000001332 ) ) ;
#6772 = ORIENTED_EDGE ( 'NONE', *, *, #4302, .T. ) ;
#6773 = VECTOR ( 'NONE', #5711, 1000.000000000000000 ) ;
#6774 = ORIENTED_EDGE ( 'NONE', *, *, #3540, .T. ) ;
#6775 = ADVANCED_FACE ( 'NONE', ( #6136 ), #6101, .T. ) ;
#6776 = CARTESIAN_POINT ( 'NONE',  ( 1.949999999999999734, 0.05000000000000000278, -1.699999999999999512 ) ) ;
#6777 = PLANE ( 'NONE',  #5570 ) ;
#6778 = FILL_AREA_STYLE ('',( #940 ) ) ;
#6779 = DIRECTION ( 'NONE',  ( 1.000000000000000000, 0.000000000000000000, 0.000000000000000000 ) ) ;
#6780 = DIRECTION ( 'NONE',  ( 0.000000000000000000, -0.000000000000000000, -1.000000000000000000 ) ) ;
#6781 = EDGE_CURVE ( 'NONE', #2624, #6453, #4465, .T. ) ;
#6782 = AXIS2_PLACEMENT_3D ( 'NONE', #4997, #7354, #6780 ) ;
#6783 = DIRECTION ( 'NONE',  ( 0.000000000000000000, 0.000000000000000000, -1.000000000000000000 ) ) ;
#6784 = DIRECTION ( 'NONE',  ( -0.000000000000000000, -0.000000000000000000, -1.000000000000000000 ) ) ;
#6785 = EDGE_CURVE ( 'NONE', #5685, #727, #6754, .T. ) ;
#6786 = ORIENTED_EDGE ( 'NONE', *, *, #5623, .T. ) ;
#6787 = EDGE_LOOP ( 'NONE', ( #4514, #5505, #3142, #436 ) ) ;
#6788 = VECTOR ( 'NONE', #6783, 1000.000000000000000 ) ;
#6789 = VERTEX_POINT ( 'NONE', #3140 ) ;
#6790 = FACE_OUTER_BOUND ( 'NONE', #1419, .T. ) ;
#6791 = CARTESIAN_POINT ( 'NONE',  ( -1.250000000000000222, 0.2000000000000000111, 1.250000000000000444 ) ) ;
#6792 = PLANE ( 'NONE',  #2316 ) ;
#6793 = ORIENTED_EDGE ( 'NONE', *, *, #4233, .T. ) ;
#6794 = CARTESIAN_POINT ( 'NONE',  ( 2.000000000000000444, 0.1000000000000000056, -1.750000000000000444 ) ) ;
#6795 = VECTOR ( 'NONE', #490, 1000.000000000000000 ) ;
#6796 = VECTOR ( 'NONE', #3038, 1000.000000000000000 ) ;
#6797 = EDGE_CURVE ( 'NONE', #4710, #6358, #4424, .T. ) ;
#6798 = EDGE_CURVE ( 'NONE', #2466, #5158, #5596, .T. ) ;
#6799 = VECTOR ( 'NONE', #190, 1000.000000000000000 ) ;
#6800 = VERTEX_POINT ( 'NONE', #255 ) ;
#6801 = EDGE_CURVE ( 'NONE', #1414, #723, #4969, .T. ) ;
#6802 = VERTEX_POINT ( 'NONE', #917 ) ;
#6803 = VECTOR ( 'NONE', #2933, 1000.000000000000000 ) ;
#6804 = FACE_OUTER_BOUND ( 'NONE', #7441, .T. ) ;
#6805 = DIRECTION ( 'NONE',  ( -1.000000000000000000, 0.000000000000000000, -2.168404344971012566E-16 ) ) ;
#6806 = CARTESIAN_POINT ( 'NONE',  ( -1.999999999999999556, 0.2000000000000000111, -0.9499999999999998446 ) ) ;
#6807 = VERTEX_POINT ( 'NONE', #1452 ) ;
#6808 = DIRECTION ( 'NONE',  ( -1.000000000000000000, 0.000000000000000000, 0.000000000000000000 ) ) ;
#6809 = CARTESIAN_POINT ( 'NONE',  ( -1.949999999999999734, 0.05000000000000000278, -0.6750000000000000444 ) ) ;
#6810 = FACE_OUTER_BOUND ( 'NONE', #1206, .T. ) ;
#6811 = EDGE_CURVE ( 'NONE', #3718, #1837, #5476, .T. ) ;
#6812 = CARTESIAN_POINT ( 'NONE',  ( 1.800000000000000044, 0.1000000000000000056, 1.749999999999999556 ) ) ;
#6813 = ORIENTED_EDGE ( 'NONE', *, *, #3350, .T. ) ;
#6814 = PLANE ( 'NONE',  #2061 ) ;
#6815 = VECTOR ( 'NONE', #2883, 1000.000000000000000 ) ;
#6816 = ORIENTED_EDGE ( 'NONE', *, *, #6528, .F. ) ;
#6817 = CARTESIAN_POINT ( 'NONE',  ( -0.7500000000000002220, 0.1000000000000000056, 1.749999999999999556 ) ) ;
#6818 = DIRECTION ( 'NONE',  ( 0.000000000000000000, 0.000000000000000000, 1.000000000000000000 ) ) ;
#6819 = DIRECTION ( 'NONE',  ( 1.000000000000000000, 0.000000000000000000, 8.673617379884035472E-16 ) ) ;
#6820 = VECTOR ( 'NONE', #7252, 1000.000000000000000 ) ;
#6821 = EDGE_CURVE ( 'NONE', #3791, #3488, #293, .T. ) ;
#6822 = LINE ( 'NONE', #5695, #4977 ) ;
#6823 = SURFACE_STYLE_FILL_AREA ( #4455 ) ;
#6824 = VECTOR ( 'NONE', #827, 1000.000000000000000 ) ;
#6825 = VECTOR ( 'NONE', #5390, 1000.000000000000000 ) ;
#6826 = EDGE_CURVE ( 'NONE', #2196, #387, #2648, .T. ) ;
#6827 = CARTESIAN_POINT ( 'NONE',  ( 1.949999999999999734, 0.1000000000000000056, -1.699999999999999512 ) ) ;
#6828 = FACE_OUTER_BOUND ( 'NONE', #1455, .T. ) ;
#6829 = VERTEX_POINT ( 'NONE', #1490 ) ;
#6830 = ORIENTED_EDGE ( 'NONE', *, *, #320, .T. ) ;
#6831 = VECTOR ( 'NONE', #4726, 1000.000000000000000 ) ;
#6832 = ORIENTED_EDGE ( 'NONE', *, *, #3788, .T. ) ;
#6833 = DIRECTION ( 'NONE',  ( 0.000000000000000000, -0.000000000000000000, -1.000000000000000000 ) ) ;
#6834 = DIRECTION ( 'NONE',  ( 0.000000000000000000, 0.000000000000000000, -1.000000000000000000 ) ) ;
#6835 = DIRECTION ( 'NONE',  ( 0.000000000000000000, -1.000000000000000000, 0.000000000000000000 ) ) ;
#6836 = VECTOR ( 'NONE', #7157, 1000.000000000000000 ) ;
#6837 = VERTEX_POINT ( 'NONE', #1951 ) ;
#6838 = LINE ( 'NONE', #2687, #6941 ) ;
#6839 = ORIENTED_EDGE ( 'NONE', *, *, #3304, .F. ) ;
#6840 = PRESENTATION_LAYER_ASSIGNMENT (  '', '', ( #2509 ) ) ;
#6841 = CARTESIAN_POINT ( 'NONE',  ( 0.000000000000000000, -0.000000000000000000, 1.699999999999999734 ) ) ;
#6842 = CARTESIAN_POINT ( 'NONE',  ( -1.500000000000000222, 0.2000000000000000111, 0.1499999999999999667 ) ) ;
#6843 = DIRECTION ( 'NONE',  ( 1.000000000000000000, 0.000000000000000000, 0.000000000000000000 ) ) ;
#6844 = ORIENTED_EDGE ( 'NONE', *, *, #5913, .T. ) ;
#6845 = DIRECTION ( 'NONE',  ( 0.000000000000000000, -1.000000000000000000, 0.000000000000000000 ) ) ;
#6846 = DIRECTION ( 'NONE',  ( 0.000000000000000000, -0.000000000000000000, 1.000000000000000000 ) ) ;
#6847 = CARTESIAN_POINT ( 'NONE',  ( -1.500000000000000222, 0.04999999999999999584, 0.9499999999999990674 ) ) ;
#6848 = VERTEX_POINT ( 'NONE', #3835 ) ;
#6849 = VECTOR ( 'NONE', #3226, 1000.000000000000000 ) ;
#6850 = ORIENTED_EDGE ( 'NONE', *, *, #3878, .F. ) ;
#6851 = CARTESIAN_POINT ( 'NONE',  ( -1.250000000000000222, 2.436067977499789983, 1.250000000000000444 ) ) ;
#6852 = EDGE_CURVE ( 'NONE', #4468, #5038, #6216, .T. ) ;
#6853 = ORIENTED_EDGE ( 'NONE', *, *, #7279, .T. ) ;
#6854 = CARTESIAN_POINT ( 'NONE',  ( -1.850000000000000311, 0.2000000000000000111, 1.349999999999999201 ) ) ;
#6855 = DIRECTION ( 'NONE',  ( -1.000000000000000000, 0.000000000000000000, -0.000000000000000000 ) ) ;
#6856 = PRESENTATION_STYLE_ASSIGNMENT (( #1440 ) ) ;
#6857 = ADVANCED_FACE ( 'NONE', ( #3874 ), #6253, .F. ) ;
#6858 = VECTOR ( 'NONE', #3271, 1000.000000000000000 ) ;
#6859 = CARTESIAN_POINT ( 'NONE',  ( -1.949999999999999734, 0.1000000000000000056, -1.699999999999999512 ) ) ;
#6860 = DIRECTION ( 'NONE',  ( -1.807003620809175125E-16, 0.000000000000000000, 1.000000000000000000 ) ) ;
#6861 = DIRECTION ( 'NONE',  ( -0.000000000000000000, 0.000000000000000000, -1.000000000000000000 ) ) ;
#6862 = EDGE_CURVE ( 'NONE', #5483, #3797, #5161, .T. ) ;
#6863 = LINE ( 'NONE', #1020, #5707 ) ;
#6864 = EDGE_LOOP ( 'NONE', ( #1346, #937, #2312, #3656 ) ) ;
#6865 = ORIENTED_EDGE ( 'NONE', *, *, #504, .F. ) ;
#6866 = ORIENTED_EDGE ( 'NONE', *, *, #7005, .F. ) ;
#6867 = CARTESIAN_POINT ( 'NONE',  ( -0.5000000000000000000, 0.05000000000000000278, -1.699999999999999512 ) ) ;
#6868 = DIRECTION ( 'NONE',  ( 0.000000000000000000, 0.000000000000000000, 1.000000000000000000 ) ) ;
#6869 = EDGE_CURVE ( 'NONE', #5333, #7018, #4507, .T. ) ;
#6870 = LINE ( 'NONE', #368, #4654 ) ;
#6871 = DIRECTION ( 'NONE',  ( 0.000000000000000000, -0.000000000000000000, 1.000000000000000000 ) ) ;
#6872 = EDGE_CURVE ( 'NONE', #3387, #3372, #439, .T. ) ;
#6873 = ADVANCED_FACE ( 'NONE', ( #3912 ), #1713, .F. ) ;
#6874 = DIRECTION ( 'NONE',  ( 0.000000000000000000, 0.000000000000000000, 1.000000000000000000 ) ) ;
#6875 = CARTESIAN_POINT ( 'NONE',  ( -1.000000000000000222, 0.1000000000000000056, -1.699999999999999512 ) ) ;
#6876 = LINE ( 'NONE', #1574, #6636 ) ;
#6877 = ORIENTED_EDGE ( 'NONE', *, *, #1570, .T. ) ;
#6878 = CARTESIAN_POINT ( 'NONE',  ( 1.800000000000000488, 0.2000000000000000944, -1.350000000000000533 ) ) ;
#6879 = PLANE ( 'NONE',  #154 ) ;
#6880 = LINE ( 'NONE', #2876, #4314 ) ;
#6881 = DIRECTION ( 'NONE',  ( 1.000000000000000000, -0.000000000000000000, -0.000000000000000000 ) ) ;
#6882 = EDGE_CURVE ( 'NONE', #6009, #207, #3442, .T. ) ;
#6883 = ORIENTED_EDGE ( 'NONE', *, *, #2673, .T. ) ;
#6884 = DIRECTION ( 'NONE',  ( 0.000000000000000000, 0.000000000000000000, -1.000000000000000000 ) ) ;
#6885 = ORIENTED_EDGE ( 'NONE', *, *, #6196, .T. ) ;
#6886 = LINE ( 'NONE', #7536, #5646 ) ;
#6887 = ORIENTED_EDGE ( 'NONE', *, *, #4692, .F. ) ;
#6888 = DIRECTION ( 'NONE',  ( -1.000000000000000000, -0.000000000000000000, -0.000000000000000000 ) ) ;
#6889 = VECTOR ( 'NONE', #7454, 1000.000000000000000 ) ;
#6890 = CARTESIAN_POINT ( 'NONE',  ( 1.949999999999999512, 0.05000000000000000278, 0.2000000000000000389 ) ) ;
#6891 = MECHANICAL_DESIGN_GEOMETRIC_PRESENTATION_REPRESENTATION (  '', ( #3654 ), #1691 ) ;
#6892 = CARTESIAN_POINT ( 'NONE',  ( 1.800000000000000266, 0.09999999999999982514, -1.750000000000000444 ) ) ;
#6893 = EDGE_CURVE ( 'NONE', #2813, #5105, #6289, .T. ) ;
#6894 = EDGE_CURVE ( 'NONE', #1665, #1922, #4577, .T. ) ;
#6895 = DIRECTION ( 'NONE',  ( 0.000000000000000000, 0.000000000000000000, 1.000000000000000000 ) ) ;
#6896 = AXIS2_PLACEMENT_3D ( 'NONE', #7119, #5375, #1242 ) ;
#6897 = ADVANCED_FACE ( 'NONE', ( #5667 ), #3988, .F. ) ;
#6898 = LINE ( 'NONE', #315, #4850 ) ;
#6899 =( LENGTH_UNIT ( ) NAMED_UNIT ( * ) SI_UNIT ( .MILLI., .METRE. ) );
#6900 = EDGE_CURVE ( 'NONE', #3465, #2473, #5781, .T. ) ;
#6901 = FACE_OUTER_BOUND ( 'NONE', #566, .T. ) ;
#6902 = CARTESIAN_POINT ( 'NONE',  ( 1.399999999999999911, 2.436067977499789983, -0.9500000000000002887 ) ) ;
#6903 = ORIENTED_EDGE ( 'NONE', *, *, #3963, .T. ) ;
#6904 = ORIENTED_EDGE ( 'NONE', *, *, #12, .T. ) ;
#6905 = VERTEX_POINT ( 'NONE', #2223 ) ;
#6906 = LINE ( 'NONE', #2184, #2258 ) ;
#6907 = DIRECTION ( 'NONE',  ( 1.000000000000000000, 0.000000000000000000, -0.000000000000000000 ) ) ;
#6908 = DIRECTION ( 'NONE',  ( -1.000000000000000000, 0.000000000000000000, 1.807003620809175125E-16 ) ) ;
#6909 = DIRECTION ( 'NONE',  ( 0.000000000000000000, 0.000000000000000000, -1.000000000000000000 ) ) ;
#6910 = ORIENTED_EDGE ( 'NONE', *, *, #7380, .T. ) ;
#6911 = VECTOR ( 'NONE', #88, 1000.000000000000000 ) ;
#6912 = ADVANCED_FACE ( 'NONE', ( #3401 ), #5235, .F. ) ;
#6913 = EDGE_CURVE ( 'NONE', #7361, #499, #990, .T. ) ;
#6914 = LINE ( 'NONE', #411, #4414 ) ;
#6915 = ADVANCED_FACE ( 'NONE', ( #5199 ), #6944, .F. ) ;
#6916 =( NAMED_UNIT ( * ) PLANE_ANGLE_UNIT ( ) SI_UNIT ( $, .RADIAN. ) );
#6917 = VECTOR ( 'NONE', #3434, 1000.000000000000000 ) ;
#6918 = LINE ( 'NONE', #5055, #2066 ) ;
#6919 = EDGE_LOOP ( 'NONE', ( #6588, #1049, #236, #4936 ) ) ;
#6920 = FACE_OUTER_BOUND ( 'NONE', #263, .T. ) ;
#6921 = CARTESIAN_POINT ( 'NONE',  ( 1.999999999999999556, 0.1000000000000000056, 0.9499999999999995115 ) ) ;
#6922 = DIRECTION ( 'NONE',  ( 1.000000000000000000, 0.000000000000000000, -1.355252715606880296E-16 ) ) ;
#6923 = VECTOR ( 'NONE', #1664, 1000.000000000000000 ) ;
#6924 = AXIS2_PLACEMENT_3D ( 'NONE', #4174, #2891, #6543 ) ;
#6925 = ORIENTED_EDGE ( 'NONE', *, *, #2948, .F. ) ;
#6926 = ADVANCED_FACE ( 'NONE', ( #3331 ), #6430, .F. ) ;
#6927 = ORIENTED_EDGE ( 'NONE', *, *, #5730, .F. ) ;
#6928 = VECTOR ( 'NONE', #624, 1000.000000000000000 ) ;
#6929 = CARTESIAN_POINT ( 'NONE',  ( 0.2499999999999999445, 0.000000000000000000, 0.9499999999999995115 ) ) ;
#6930 = ORIENTED_EDGE ( 'NONE', *, *, #7508, .T. ) ;
#6931 = CARTESIAN_POINT ( 'NONE',  ( 1.949999999999999734, 0.1000000000000000056, 0.9499999999999996225 ) ) ;
#6932 = CARTESIAN_POINT ( 'NONE',  ( -0.7500000000000001110, 0.2000000000000000944, 1.749999999999999556 ) ) ;
#6933 = ORIENTED_EDGE ( 'NONE', *, *, #7589, .F. ) ;
#6934 = PRESENTATION_STYLE_ASSIGNMENT (( #5880 ) ) ;
#6935 = DIRECTION ( 'NONE',  ( 0.000000000000000000, 1.000000000000000000, 0.000000000000000000 ) ) ;
#6936 = VECTOR ( 'NONE', #1465, 1000.000000000000000 ) ;
#6937 = CARTESIAN_POINT ( 'NONE',  ( 1.399999999999999911, 0.04999999999999999584, -0.9500000000000002887 ) ) ;
#6938 = PLANE ( 'NONE',  #5425 ) ;
#6939 = CARTESIAN_POINT ( 'NONE',  ( 0.2499999999999999445, 0.2000000000000000944, -0.9500000000000003997 ) ) ;
#6940 = VERTEX_POINT ( 'NONE', #406 ) ;
#6941 = VECTOR ( 'NONE', #7556, 1000.000000000000000 ) ;
#6942 = ORIENTED_EDGE ( 'NONE', *, *, #1505, .T. ) ;
#6943 = CARTESIAN_POINT ( 'NONE',  ( 0.2499999999999999445, 0.2000000000000000944, 1.749999999999999556 ) ) ;
#6944 = PLANE ( 'NONE',  #5331 ) ;
#6945 = CARTESIAN_POINT ( 'NONE',  ( -1.949999999999999734, 0.000000000000000000, -0.3750000000000001110 ) ) ;
#6946 = EDGE_CURVE ( 'NONE', #6654, #4851, #2758, .T. ) ;
#6947 = LINE ( 'NONE', #3371, #1351 ) ;
#6948 = ORIENTED_EDGE ( 'NONE', *, *, #3983, .T. ) ;
#6949 = VECTOR ( 'NONE', #200, 1000.000000000000000 ) ;
#6950 = VECTOR ( 'NONE', #2194, 1000.000000000000000 ) ;
#6951 = DIRECTION ( 'NONE',  ( -0.000000000000000000, 0.000000000000000000, -1.000000000000000000 ) ) ;
#6952 = VECTOR ( 'NONE', #1416, 1000.000000000000000 ) ;
#6953 = DIRECTION ( 'NONE',  ( 1.000000000000000000, 0.000000000000000000, 0.000000000000000000 ) ) ;
#6954 = CARTESIAN_POINT ( 'NONE',  ( -0.2000000000000005662, 0.2000000000000000111, -0.2000000000000000111 ) ) ;
#6955 = EDGE_LOOP ( 'NONE', ( #3596, #3869, #605, #5046 ) ) ;
#6956 = LINE ( 'NONE', #487, #2237 ) ;
#6957 = FACE_OUTER_BOUND ( 'NONE', #3383, .T. ) ;
#6958 = DIRECTION ( 'NONE',  ( -1.000000000000000000, 0.000000000000000000, 0.000000000000000000 ) ) ;
#6959 = EDGE_CURVE ( 'NONE', #5512, #266, #7484, .T. ) ;
#6960 = AXIS2_PLACEMENT_3D ( 'NONE', #851, #698, #5640 ) ;
#6961 = EDGE_LOOP ( 'NONE', ( #328, #3345, #5670, #1495, #2621, #6441 ) ) ;
#6962 = ORIENTED_EDGE ( 'NONE', *, *, #3788, .F. ) ;
#6963 = EDGE_LOOP ( 'NONE', ( #935, #4984, #2871, #6089 ) ) ;
#6964 = AXIS2_PLACEMENT_3D ( 'NONE', #308, #3813, #857 ) ;
#6965 = LINE ( 'NONE', #3893, #2302 ) ;
#6966 = ORIENTED_EDGE ( 'NONE', *, *, #4202, .T. ) ;
#6967 = DIRECTION ( 'NONE',  ( 0.000000000000000000, 1.000000000000000000, -0.000000000000000000 ) ) ;
#6968 = CARTESIAN_POINT ( 'NONE',  ( -1.949999999999999734, 0.05000000000000000278, 0.3749999999999992228 ) ) ;
#6969 = VERTEX_POINT ( 'NONE', #3950 ) ;
#6970 = CARTESIAN_POINT ( 'NONE',  ( -1.250000000000000222, 0.2000000000000000944, -1.250000000000001332 ) ) ;
#6971 = VECTOR ( 'NONE', #6578, 1000.000000000000000 ) ;
#6972 = CARTESIAN_POINT ( 'NONE',  ( -1.949999999999999734, 0.2000000000000000111, 0.9499999999999990674 ) ) ;
#6973 = DIRECTION ( 'NONE',  ( -0.000000000000000000, -0.000000000000000000, -1.000000000000000000 ) ) ;
#6974 = CARTESIAN_POINT ( 'NONE',  ( -0.7500000000000001110, 0.2000000000000000111, -1.750000000000000444 ) ) ;
#6975 = PLANE ( 'NONE',  #5184 ) ;
#6976 = CARTESIAN_POINT ( 'NONE',  ( 2.000000000000000444, 0.1000000000000000056, 1.749999999999999556 ) ) ;
#6977 = EDGE_LOOP ( 'NONE', ( #2269, #514, #1853, #654, #6080, #7050 ) ) ;
#6978 = EDGE_CURVE ( 'NONE', #6427, #6538, #4025, .T. ) ;
#6979 = EDGE_LOOP ( 'NONE', ( #707, #44, #2067, #1486, #5143, #6520 ) ) ;
#6980 = CARTESIAN_POINT ( 'NONE',  ( -1.500000000000000222, 0.1000000000000000056, -1.149999999999999911 ) ) ;
#6981 = DIRECTION ( 'NONE',  ( -1.807003620809175371E-16, 0.000000000000000000, -1.000000000000000000 ) ) ;
#6982 = CARTESIAN_POINT ( 'NONE',  ( -1.500000000000000222, 0.2000000000000000111, -1.149999999999999911 ) ) ;
#6983 = ORIENTED_EDGE ( 'NONE', *, *, #3191, .F. ) ;
#6984 = EDGE_CURVE ( 'NONE', #4696, #1674, #7622, .T. ) ;
#6985 = EDGE_CURVE ( 'NONE', #2611, #565, #4103, .T. ) ;
#6986 = CARTESIAN_POINT ( 'NONE',  ( 1.949999999999999734, 0.04999999999999999584, -1.350000000000000533 ) ) ;
#6987 = PLANE ( 'NONE',  #5088 ) ;
#6988 = DIRECTION ( 'NONE',  ( 0.000000000000000000, 0.000000000000000000, -1.000000000000000000 ) ) ;
#6989 = EDGE_LOOP ( 'NONE', ( #2988, #3749, #4078, #4035, #1154, #2181 ) ) ;
#6990 = DIRECTION ( 'NONE',  ( 0.000000000000000000, -1.000000000000000000, 0.000000000000000000 ) ) ;
#6991 = DIRECTION ( 'NONE',  ( 0.000000000000000000, 1.000000000000000000, 0.000000000000000000 ) ) ;
#6992 = ADVANCED_FACE ( 'NONE', ( #3481 ), #5859, .F. ) ;
#6993 = CARTESIAN_POINT ( 'NONE',  ( 1.949999999999999734, 0.1000000000000000056, 1.699999999999999734 ) ) ;
#6994 = ORIENTED_EDGE ( 'NONE', *, *, #6017, .T. ) ;
#6995 = ORIENTED_EDGE ( 'NONE', *, *, #2641, .T. ) ;
#6996 = ORIENTED_EDGE ( 'NONE', *, *, #1570, .F. ) ;
#6997 = DIRECTION ( 'NONE',  ( 0.000000000000000000, 0.000000000000000000, -1.000000000000000000 ) ) ;
#6998 = EDGE_LOOP ( 'NONE', ( #5012, #6554, #2504, #774, #2841, #835 ) ) ;
#6999 = DIRECTION ( 'NONE',  ( 1.000000000000000000, 0.000000000000000000, 0.000000000000000000 ) ) ;
#7000 = CARTESIAN_POINT ( 'NONE',  ( -1.500000000000000222, 0.000000000000000000, -1.699999999999999512 ) ) ;
#7001 = ORIENTED_EDGE ( 'NONE', *, *, #3620, .F. ) ;
#7002 = FILL_AREA_STYLE ('',( #2023 ) ) ;
#7003 = VECTOR ( 'NONE', #3696, 1000.000000000000000 ) ;
#7004 = DIRECTION ( 'NONE',  ( -0.000000000000000000, 0.000000000000000000, -1.000000000000000000 ) ) ;
#7005 = EDGE_CURVE ( 'NONE', #122, #3120, #1752, .T. ) ;
#7006 = VECTOR ( 'NONE', #5569, 1000.000000000000000 ) ;
#7007 = DIRECTION ( 'NONE',  ( 0.000000000000000000, 1.000000000000000000, 0.000000000000000000 ) ) ;
#7008 = DIRECTION ( 'NONE',  ( -0.000000000000000000, -0.000000000000000000, -1.000000000000000000 ) ) ;
#7009 = CARTESIAN_POINT ( 'NONE',  ( -1.949999999999999734, 0.000000000000000000, 0.3749999999999992228 ) ) ;
#7010 = LINE ( 'NONE', #5850, #7558 ) ;
#7011 = ORIENTED_EDGE ( 'NONE', *, *, #5248, .F. ) ;
#7012 = AXIS2_PLACEMENT_3D ( 'NONE', #7518, #1532, #6290 ) ;
#7013 = ORIENTED_EDGE ( 'NONE', *, *, #85, .T. ) ;
#7014 = EDGE_CURVE ( 'NONE', #1779, #1989, #3882, .T. ) ;
#7015 = DIRECTION ( 'NONE',  ( 1.000000000000000000, 0.000000000000000000, 0.000000000000000000 ) ) ;
#7016 = DIRECTION ( 'NONE',  ( 1.000000000000000000, 0.000000000000000000, -0.000000000000000000 ) ) ;
#7017 = CARTESIAN_POINT ( 'NONE',  ( 1.800000000000000933, 0.05000000000000000278, 9.757819552369547795E-16 ) ) ;
#7018 = VERTEX_POINT ( 'NONE', #1498 ) ;
#7019 = DIRECTION ( 'NONE',  ( -0.000000000000000000, -1.000000000000000000, -0.000000000000000000 ) ) ;
#7020 = CARTESIAN_POINT ( 'NONE',  ( -1.500000000000000222, 0.1000000000000000056, 1.699999999999999734 ) ) ;
#7021 = DIRECTION ( 'NONE',  ( -1.000000000000000000, 0.000000000000000000, 0.000000000000000000 ) ) ;
#7022 = VECTOR ( 'NONE', #3427, 1000.000000000000000 ) ;
#7023 = ORIENTED_EDGE ( 'NONE', *, *, #4138, .F. ) ;
#7024 = CARTESIAN_POINT ( 'NONE',  ( -1.000000000000000222, 0.09999999999999982514, -1.250000000000001332 ) ) ;
#7025 = VECTOR ( 'NONE', #3016, 1000.000000000000000 ) ;
#7026 = CARTESIAN_POINT ( 'NONE',  ( -0.7500000000000001110, 0.05000000000000000278, 0.000000000000000000 ) ) ;
#7027 = EDGE_CURVE ( 'NONE', #6545, #455, #925, .T. ) ;
#7028 = DIRECTION ( 'NONE',  ( 0.000000000000000000, 0.000000000000000000, 1.000000000000000000 ) ) ;
#7029 = EDGE_CURVE ( 'NONE', #1060, #3423, #4432, .T. ) ;
#7030 = ORIENTED_EDGE ( 'NONE', *, *, #5858, .T. ) ;
#7031 = ORIENTED_EDGE ( 'NONE', *, *, #3191, .T. ) ;
#7032 = VECTOR ( 'NONE', #1714, 1000.000000000000000 ) ;
#7033 = ORIENTED_EDGE ( 'NONE', *, *, #503, .T. ) ;
#7034 = LINE ( 'NONE', #4783, #446 ) ;
#7035 = VECTOR ( 'NONE', #3425, 1000.000000000000000 ) ;
#7036 = EDGE_LOOP ( 'NONE', ( #3505, #322, #6816, #2905, #1850, #3502, #1920, #5213, #6595, #7533, #6749, #171, #2754, #4627, #7564, #4632 ) ) ;
#7037 = CARTESIAN_POINT ( 'NONE',  ( -1.500000000000000222, 2.436067977499789983, -1.149999999999999911 ) ) ;
#7038 = CARTESIAN_POINT ( 'NONE',  ( -1.999999999999999556, 0.1000000000000000056, 1.749999999999999556 ) ) ;
#7039 = EDGE_LOOP ( 'NONE', ( #6347, #6839, #2894, #756 ) ) ;
#7040 = ADVANCED_FACE ( 'NONE', ( #6804 ), #5638, .T. ) ;
#7041 = VECTOR ( 'NONE', #7065, 1000.000000000000000 ) ;
#7042 = CARTESIAN_POINT ( 'NONE',  ( -0.7500000000000001110, 0.000000000000000000, 1.250000000000000444 ) ) ;
#7043 = AXIS2_PLACEMENT_3D ( 'NONE', #6123, #825, #2704 ) ;
#7044 = DIRECTION ( 'NONE',  ( 1.000000000000000000, 0.000000000000000000, -1.807003620809175125E-16 ) ) ;
#7045 = ORIENTED_EDGE ( 'NONE', *, *, #7315, .T. ) ;
#7046 = DIRECTION ( 'NONE',  ( -0.7071067811865487940, 0.000000000000000000, 0.7071067811865463515 ) ) ;
#7047 = DIRECTION ( 'NONE',  ( 0.000000000000000000, 0.000000000000000000, 1.000000000000000000 ) ) ;
#7048 = ORIENTED_EDGE ( 'NONE', *, *, #7360, .T. ) ;
#7049 = ADVANCED_FACE ( 'NONE', ( #2118 ), #6108, .F. ) ;
#7050 = ORIENTED_EDGE ( 'NONE', *, *, #6071, .T. ) ;
#7051 = LINE ( 'NONE', #4764, #2373 ) ;
#7052 = LINE ( 'NONE', #3667, #4815 ) ;
#7053 = EDGE_CURVE ( 'NONE', #2720, #3665, #5567, .T. ) ;
#7054 = DIRECTION ( 'NONE',  ( 5.421010862427522170E-16, 0.000000000000000000, 1.000000000000000000 ) ) ;
#7055 = VECTOR ( 'NONE', #5608, 1000.000000000000000 ) ;
#7056 = LINE ( 'NONE', #554, #4801 ) ;
#7057 = VERTEX_POINT ( 'NONE', #2046 ) ;
#7058 = DIRECTION ( 'NONE',  ( 0.000000000000000000, -0.000000000000000000, -1.000000000000000000 ) ) ;
#7059 = CARTESIAN_POINT ( 'NONE',  ( 0.000000000000000000, 0.1000000000000000056, 0.000000000000000000 ) ) ;
#7060 = LINE ( 'NONE', #5315, #1448 ) ;
#7061 = AXIS2_PLACEMENT_3D ( 'NONE', #1760, #7136, #678 ) ;
#7062 = ORIENTED_EDGE ( 'NONE', *, *, #5240, .F. ) ;
#7063 = DIRECTION ( 'NONE',  ( -0.000000000000000000, 0.000000000000000000, -1.000000000000000000 ) ) ;
#7064 = DIRECTION ( 'NONE',  ( 0.000000000000000000, -0.000000000000000000, -1.000000000000000000 ) ) ;
#7065 = DIRECTION ( 'NONE',  ( 0.000000000000000000, 0.000000000000000000, -1.000000000000000000 ) ) ;
#7066 = ORIENTED_EDGE ( 'NONE', *, *, #4090, .F. ) ;
#7067 = VECTOR ( 'NONE', #1799, 1000.000000000000000 ) ;
#7068 = EDGE_LOOP ( 'NONE', ( #6267, #7291, #2044, #7107 ) ) ;
#7069 = AXIS2_PLACEMENT_3D ( 'NONE', #4141, #6592, #5931 ) ;
#7070 = ORIENTED_EDGE ( 'NONE', *, *, #2626, .T. ) ;
#7071 = CARTESIAN_POINT ( 'NONE',  ( -1.949999999999999734, 0.000000000000000000, 0.000000000000000000 ) ) ;
#7072 = VERTEX_POINT ( 'NONE', #6226 ) ;
#7073 = DIRECTION ( 'NONE',  ( 0.000000000000000000, -1.000000000000000000, 0.000000000000000000 ) ) ;
#7074 = DIRECTION ( 'NONE',  ( -0.000000000000000000, -1.000000000000000000, -0.000000000000000000 ) ) ;
#7075 = ORIENTED_EDGE ( 'NONE', *, *, #7239, .F. ) ;
#7076 = AXIS2_PLACEMENT_3D ( 'NONE', #2710, #6860, #1055 ) ;
#7077 = CARTESIAN_POINT ( 'NONE',  ( -1.949999999999999734, 0.1000000000000000056, -1.699999999999999512 ) ) ;
#7078 = CARTESIAN_POINT ( 'NONE',  ( -1.649999999999999467, 0.4757359312880715119, -1.400000000000000355 ) ) ;
#7079 = ORIENTED_EDGE ( 'NONE', *, *, #4811, .F. ) ;
#7080 = ADVANCED_FACE ( 'NONE', ( #4394 ), #3185, .T. ) ;
#7081 = EDGE_CURVE ( 'NONE', #7223, #4177, #5526, .T. ) ;
#7082 = VECTOR ( 'NONE', #2363, 1000.000000000000000 ) ;
#7083 = CARTESIAN_POINT ( 'NONE',  ( 1.949999999999999734, 0.1000000000000000056, -1.699999999999999512 ) ) ;
#7084 = DIRECTION ( 'NONE',  ( 5.421010862427522170E-16, 0.000000000000000000, -1.000000000000000000 ) ) ;
#7085 = LINE ( 'NONE', #1783, #1721 ) ;
#7086 = LINE ( 'NONE', #1637, #2004 ) ;
#7087 = VERTEX_POINT ( 'NONE', #1424 ) ;
#7088 = ADVANCED_FACE ( 'NONE', ( #4939 ), #7296, .F. ) ;
#7089 = ORIENTED_EDGE ( 'NONE', *, *, #2626, .F. ) ;
#7090 = VECTOR ( 'NONE', #2393, 1000.000000000000000 ) ;
#7091 = LINE ( 'NONE', #6472, #5712 ) ;
#7092 = CARTESIAN_POINT ( 'NONE',  ( -8.131516293641309140E-17, 0.05000000000000000278, -0.3750000000000005551 ) ) ;
#7093 = LINE ( 'NONE', #18, #480 ) ;
#7094 = ORIENTED_EDGE ( 'NONE', *, *, #5421, .F. ) ;
#7095 =( GEOMETRIC_REPRESENTATION_CONTEXT ( 3 ) GLOBAL_UNCERTAINTY_ASSIGNED_CONTEXT ( ( #3175 ) ) GLOBAL_UNIT_ASSIGNED_CONTEXT ( ( #2807, #6233, #7463 ) ) REPRESENTATION_CONTEXT ( 'NONE', 'WORKASPACE' ) );
#7096 = ORIENTED_EDGE ( 'NONE', *, *, #6209, .T. ) ;
#7097 = EDGE_CURVE ( 'NONE', #7557, #7449, #264, .T. ) ;
#7098 = DIRECTION ( 'NONE',  ( 0.000000000000000000, -1.000000000000000000, 0.000000000000000000 ) ) ;
#7099 = FACE_OUTER_BOUND ( 'NONE', #5423, .T. ) ;
#7100 = EDGE_CURVE ( 'NONE', #4260, #2347, #5486, .T. ) ;
#7101 = DIRECTION ( 'NONE',  ( -1.000000000000000000, 0.000000000000000000, 1.084202172485505790E-16 ) ) ;
#7102 = ORIENTED_EDGE ( 'NONE', *, *, #3392, .T. ) ;
#7103 = LINE ( 'NONE', #4193, #1251 ) ;
#7104 = LINE ( 'NONE', #4194, #901 ) ;
#7105 = CARTESIAN_POINT ( 'NONE',  ( 0.000000000000000000, 0.05000000000000000278, 1.349999999999999201 ) ) ;
#7106 = ORIENTED_EDGE ( 'NONE', *, *, #2896, .T. ) ;
#7107 = ORIENTED_EDGE ( 'NONE', *, *, #4168, .F. ) ;
#7108 = VERTEX_POINT ( 'NONE', #7412 ) ;
#7109 = CARTESIAN_POINT ( 'NONE',  ( 1.999999999999999556, 0.09999999999999982514, -0.9500000000000003997 ) ) ;
#7110 = ORIENTED_EDGE ( 'NONE', *, *, #147, .T. ) ;
#7111 = CARTESIAN_POINT ( 'NONE',  ( 1.949999999999999734, 0.000000000000000000, -0.2000000000000000944 ) ) ;
#7112 = EDGE_CURVE ( 'NONE', #3488, #5350, #6725, .T. ) ;
#7113 = DIRECTION ( 'NONE',  ( 0.000000000000000000, -1.000000000000000000, 0.000000000000000000 ) ) ;
#7114 = VERTEX_POINT ( 'NONE', #5604 ) ;
#7115 = EDGE_CURVE ( 'NONE', #4215, #5272, #4473, .T. ) ;
#7116 = LINE ( 'NONE', #2961, #6971 ) ;
#7117 = VERTEX_POINT ( 'NONE', #7336 ) ;
#7118 = LINE ( 'NONE', #3008, #702 ) ;
#7119 = CARTESIAN_POINT ( 'NONE',  ( 0.000000000000000000, 0.2000000000000000111, 0.000000000000000000 ) ) ;
#7120 = DIRECTION ( 'NONE',  ( 0.000000000000000000, 0.000000000000000000, -1.000000000000000000 ) ) ;
#7121 = LINE ( 'NONE', #48, #3195 ) ;
#7122 = CARTESIAN_POINT ( 'NONE',  ( -1.999999999999999556, 0.2000000000000000111, 1.349999999999999201 ) ) ;
#7123 = ORIENTED_EDGE ( 'NONE', *, *, #3515, .T. ) ;
#7124 = EDGE_CURVE ( 'NONE', #5285, #4938, #3805, .T. ) ;
#7125 = EDGE_CURVE ( 'NONE', #3665, #805, #302, .T. ) ;
#7126 = ORIENTED_EDGE ( 'NONE', *, *, #2887, .F. ) ;
#7127 = VECTOR ( 'NONE', #5839, 1000.000000000000000 ) ;
#7128 = DIRECTION ( 'NONE',  ( 0.000000000000000000, -1.000000000000000000, 0.000000000000000000 ) ) ;
#7129 = DIRECTION ( 'NONE',  ( -1.000000000000000000, 0.000000000000000000, 1.084202172485505790E-16 ) ) ;
#7130 = CARTESIAN_POINT ( 'NONE',  ( -1.500000000000000222, 0.000000000000000000, 0.9499999999999990674 ) ) ;
#7131 = VECTOR ( 'NONE', #6728, 1000.000000000000000 ) ;
#7132 = ORIENTED_EDGE ( 'NONE', *, *, #5001, .T. ) ;
#7133 = EDGE_LOOP ( 'NONE', ( #670, #7246, #3325, #3183, #4461, #588 ) ) ;
#7134 = AXIS2_PLACEMENT_3D ( 'NONE', #6122, #4289, #6083 ) ;
#7135 = CARTESIAN_POINT ( 'NONE',  ( -1.949999999999999734, 0.000000000000000000, -1.350000000000000089 ) ) ;
#7136 = DIRECTION ( 'NONE',  ( 1.000000000000000000, 0.000000000000000000, -0.000000000000000000 ) ) ;
#7137 = CARTESIAN_POINT ( 'NONE',  ( -1.999999999999999556, 0.1000000000000000056, 1.349999999999998979 ) ) ;
#7138 = ORIENTED_EDGE ( 'NONE', *, *, #898, .T. ) ;
#7139 = CARTESIAN_POINT ( 'NONE',  ( -1.000000000000000222, 0.000000000000000000, -1.699999999999999512 ) ) ;
#7140 = DIRECTION ( 'NONE',  ( 1.000000000000000000, 0.000000000000000000, 0.000000000000000000 ) ) ;
#7141 = CARTESIAN_POINT ( 'NONE',  ( -0.5000000000000001110, 2.436067977499789983, -1.250000000000001332 ) ) ;
#7142 = EDGE_CURVE ( 'NONE', #7618, #319, #1539, .T. ) ;
#7143 = ORIENTED_EDGE ( 'NONE', *, *, #3557, .F. ) ;
#7144 = ORIENTED_EDGE ( 'NONE', *, *, #3329, .F. ) ;
#7145 = EDGE_LOOP ( 'NONE', ( #4322, #2346, #3894, #6407 ) ) ;
#7146 = VECTOR ( 'NONE', #7241, 1000.000000000000000 ) ;
#7147 = DIRECTION ( 'NONE',  ( 0.000000000000000000, 1.000000000000000000, 0.000000000000000000 ) ) ;
#7148 = EDGE_CURVE ( 'NONE', #4769, #1025, #3900, .T. ) ;
#7149 = ORIENTED_EDGE ( 'NONE', *, *, #6862, .F. ) ;
#7150 = LINE ( 'NONE', #2424, #1010 ) ;
#7151 = LINE ( 'NONE', #4787, #4681 ) ;
#7152 = ORIENTED_EDGE ( 'NONE', *, *, #6743, .F. ) ;
#7153 = DIRECTION ( 'NONE',  ( -0.000000000000000000, -1.000000000000000000, -0.000000000000000000 ) ) ;
#7154 = VECTOR ( 'NONE', #4134, 1000.000000000000000 ) ;
#7155 = CARTESIAN_POINT ( 'NONE',  ( -1.649999999999999467, 0.9000000000000000222, -1.400000000000000355 ) ) ;
#7156 = ORIENTED_EDGE ( 'NONE', *, *, #1602, .T. ) ;
#7157 = DIRECTION ( 'NONE',  ( 1.000000000000000000, 0.000000000000000000, 0.000000000000000000 ) ) ;
#7158 =( NAMED_UNIT ( * ) PLANE_ANGLE_UNIT ( ) SI_UNIT ( $, .RADIAN. ) );
#7159 = CARTESIAN_POINT ( 'NONE',  ( -1.700000000000001066, 0.2000000000000000111, -0.9499999999999998446 ) ) ;
#7160 = VECTOR ( 'NONE', #5869, 1000.000000000000000 ) ;
#7161 = DIRECTION ( 'NONE',  ( -0.000000000000000000, 0.000000000000000000, 1.000000000000000000 ) ) ;
#7162 = CARTESIAN_POINT ( 'NONE',  ( 1.399999999999999911, 0.000000000000000000, 0.9499999999999995115 ) ) ;
#7163 = LINE ( 'NONE', #3663, #4470 ) ;
#7164 = ORIENTED_EDGE ( 'NONE', *, *, #1622, .F. ) ;
#7165 = ORIENTED_EDGE ( 'NONE', *, *, #3916, .F. ) ;
#7166 = VECTOR ( 'NONE', #6506, 1000.000000000000000 ) ;
#7167 = CARTESIAN_POINT ( 'NONE',  ( -1.949999999999999734, 0.1000000000000000056, 1.349999999999999423 ) ) ;
#7168 = LINE ( 'NONE', #2978, #5809 ) ;
#7169 = DIRECTION ( 'NONE',  ( -0.000000000000000000, -1.000000000000000000, -0.000000000000000000 ) ) ;
#7170 = EDGE_LOOP ( 'NONE', ( #687, #7283, #4991, #6724 ) ) ;
#7171 = CARTESIAN_POINT ( 'NONE',  ( -0.5000000000000001110, 0.2000000000000000111, 1.749999999999999556 ) ) ;
#7172 = DIRECTION ( 'NONE',  ( -1.000000000000000000, 0.000000000000000000, 0.000000000000000000 ) ) ;
#7173 = EDGE_CURVE ( 'NONE', #1487, #4170, #4013, .T. ) ;
#7174 = AXIS2_PLACEMENT_3D ( 'NONE', #4598, #6967, #4047 ) ;
#7175 = CARTESIAN_POINT ( 'NONE',  ( 0.2499999999999999445, 0.2000000000000000111, 0.9499999999999995115 ) ) ;
#7176 = DIRECTION ( 'NONE',  ( -1.000000000000000000, 0.000000000000000000, -2.168404344971012566E-16 ) ) ;
#7177 = EDGE_LOOP ( 'NONE', ( #131, #3055, #142, #2563 ) ) ;
#7178 = DIRECTION ( 'NONE',  ( -1.000000000000000000, 0.000000000000000000, 1.084202172485505790E-16 ) ) ;
#7179 = DIRECTION ( 'NONE',  ( -0.000000000000000000, -1.000000000000000000, -0.000000000000000000 ) ) ;
#7180 = ADVANCED_FACE ( 'NONE', ( #978 ), #6276, .F. ) ;
#7181 = VECTOR ( 'NONE', #1220, 1000.000000000000000 ) ;
#7182 = VERTEX_POINT ( 'NONE', #6315 ) ;
#7183 = ORIENTED_EDGE ( 'NONE', *, *, #5733, .F. ) ;
#7184 = ORIENTED_EDGE ( 'NONE', *, *, #2006, .T. ) ;
#7185 = VECTOR ( 'NONE', #4889, 1000.000000000000000 ) ;
#7186 = FACE_OUTER_BOUND ( 'NONE', #20, .T. ) ;
#7187 = VERTEX_POINT ( 'NONE', #5113 ) ;
#7188 = DIRECTION ( 'NONE',  ( 0.000000000000000000, 1.000000000000000000, 0.000000000000000000 ) ) ;
#7189 = EDGE_CURVE ( 'NONE', #3642, #5485, #1090, .T. ) ;
#7190 = DIRECTION ( 'NONE',  ( 0.000000000000000000, -1.000000000000000000, 0.000000000000000000 ) ) ;
#7191 = VERTEX_POINT ( 'NONE', #7506 ) ;
#7192 =( NAMED_UNIT ( * ) SI_UNIT ( $, .STERADIAN. ) SOLID_ANGLE_UNIT ( ) );
#7193 = AXIS2_PLACEMENT_3D ( 'NONE', #2907, #1987, #7064 ) ;
#7194 = VECTOR ( 'NONE', #1417, 1000.000000000000000 ) ;
#7195 = CARTESIAN_POINT ( 'NONE',  ( -1.000000000000000222, 0.05000000000000000278, 1.250000000000000444 ) ) ;
#7196 = ORIENTED_EDGE ( 'NONE', *, *, #4546, .T. ) ;
#7197 = DIRECTION ( 'NONE',  ( 1.000000000000000000, 0.000000000000000000, -8.673617379884035472E-16 ) ) ;
#7198 = SURFACE_STYLE_FILL_AREA ( #2925 ) ;
#7199 = AXIS2_PLACEMENT_3D ( 'NONE', #4344, #4304, #4386 ) ;
#7200 = FACE_OUTER_BOUND ( 'NONE', #5429, .T. ) ;
#7201 = FACE_OUTER_BOUND ( 'NONE', #6787, .T. ) ;
#7202 = CARTESIAN_POINT ( 'NONE',  ( -1.500000000000000444, 0.2000000000000000944, -0.6750000000000000444 ) ) ;
#7203 = LINE ( 'NONE', #1245, #6824 ) ;
#7204 = ORIENTED_EDGE ( 'NONE', *, *, #6869, .F. ) ;
#7205 = VECTOR ( 'NONE', #6805, 1000.000000000000000 ) ;
#7206 = FACE_OUTER_BOUND ( 'NONE', #5784, .T. ) ;
#7207 = CARTESIAN_POINT ( 'NONE',  ( -1.999999999999999556, 0.2000000000000000111, -0.9499999999999998446 ) ) ;
#7208 = DIRECTION ( 'NONE',  ( 1.000000000000000000, -0.000000000000000000, 0.000000000000000000 ) ) ;
#7209 = ADVANCED_FACE ( 'NONE', ( #2286 ), #1015, .F. ) ;
#7210 = ORIENTED_EDGE ( 'NONE', *, *, #4588, .T. ) ;
#7211 = ORIENTED_EDGE ( 'NONE', *, *, #843, .F. ) ;
#7212 = VECTOR ( 'NONE', #352, 1000.000000000000000 ) ;
#7213 = VERTEX_POINT ( 'NONE', #393 ) ;
#7214 = DIRECTION ( 'NONE',  ( -0.000000000000000000, 0.000000000000000000, -1.000000000000000000 ) ) ;
#7215 = PLANE ( 'NONE',  #2854 ) ;
#7216 = FACE_OUTER_BOUND ( 'NONE', #4904, .T. ) ;
#7217 = VERTEX_POINT ( 'NONE', #5807 ) ;
#7218 = LINE ( 'NONE', #258, #140 ) ;
#7219 = LINE ( 'NONE', #6026, #484 ) ;
#7220 = EDGE_CURVE ( 'NONE', #6940, #1374, #2746, .T. ) ;
#7221 = EDGE_CURVE ( 'NONE', #1762, #3642, #505, .T. ) ;
#7222 = ORIENTED_EDGE ( 'NONE', *, *, #4050, .F. ) ;
#7223 = VERTEX_POINT ( 'NONE', #5731 ) ;
#7224 = ORIENTED_EDGE ( 'NONE', *, *, #5579, .T. ) ;
#7225 = CARTESIAN_POINT ( 'NONE',  ( 0.6500000000000000222, 0.000000000000000000, -0.9500000000000003997 ) ) ;
#7226 = ADVANCED_FACE ( 'NONE', ( #2851 ), #2139, .F. ) ;
#7227 = ORIENTED_EDGE ( 'NONE', *, *, #397, .F. ) ;
#7228 = DIRECTION ( 'NONE',  ( 0.000000000000000000, 1.000000000000000000, 0.000000000000000000 ) ) ;
#7229 = FACE_OUTER_BOUND ( 'NONE', #1323, .T. ) ;
#7230 = VERTEX_POINT ( 'NONE', #7472 ) ;
#7231 = FACE_OUTER_BOUND ( 'NONE', #2762, .T. ) ;
#7232 = LINE ( 'NONE', #4947, #1777 ) ;
#7233 = VERTEX_POINT ( 'NONE', #2782 ) ;
#7234 = CARTESIAN_POINT ( 'NONE',  ( -1.500000000000000222, 0.2000000000000000111, -1.149999999999999911 ) ) ;
#7235 = DIRECTION ( 'NONE',  ( 0.000000000000000000, 0.000000000000000000, -1.000000000000000000 ) ) ;
#7236 = FACE_OUTER_BOUND ( 'NONE', #6730, .T. ) ;
#7237 = DIRECTION ( 'NONE',  ( 0.000000000000000000, 0.000000000000000000, 1.000000000000000000 ) ) ;
#7238 = VERTEX_POINT ( 'NONE', #5190 ) ;
#7239 = EDGE_CURVE ( 'NONE', #853, #5230, #2175, .T. ) ;
#7240 = CARTESIAN_POINT ( 'NONE',  ( -0.2000000000000005662, 0.2000000000000000944, -0.2000000000000000111 ) ) ;
#7241 = DIRECTION ( 'NONE',  ( 1.000000000000000000, 0.000000000000000000, 0.000000000000000000 ) ) ;
#7242 = LINE ( 'NONE', #3135, #4933 ) ;
#7243 = ORIENTED_EDGE ( 'NONE', *, *, #1828, .F. ) ;
#7244 = ORIENTED_EDGE ( 'NONE', *, *, #942, .F. ) ;
#7245 = ADVANCED_FACE ( 'NONE', ( #3359 ), #5148, .F. ) ;
#7246 = ORIENTED_EDGE ( 'NONE', *, *, #6978, .T. ) ;
#7247 = CARTESIAN_POINT ( 'NONE',  ( -1.999999999999999556, 0.2000000000000000944, 0.9499999999999990674 ) ) ;
#7248 = DIRECTION ( 'NONE',  ( -0.000000000000000000, -1.000000000000000000, -0.000000000000000000 ) ) ;
#7249 = AXIS2_PLACEMENT_3D ( 'NONE', #6689, #1891, #5527 ) ;
#7250 = CARTESIAN_POINT ( 'NONE',  ( 0.6500000000000000222, 0.000000000000000000, -0.9500000000000003997 ) ) ;
#7251 = EDGE_LOOP ( 'NONE', ( #3700, #5766, #3728, #2218 ) ) ;
#7252 = DIRECTION ( 'NONE',  ( -1.000000000000000000, 0.000000000000000000, 0.000000000000000000 ) ) ;
#7253 = DIRECTION ( 'NONE',  ( 0.000000000000000000, 0.000000000000000000, 1.000000000000000000 ) ) ;
#7254 = AXIS2_PLACEMENT_3D ( 'NONE', #743, #3084, #160 ) ;
#7255 = EDGE_LOOP ( 'NONE', ( #7609, #955, #1678, #5016, #3831, #1103 ) ) ;
#7256 = ORIENTED_EDGE ( 'NONE', *, *, #7554, .F. ) ;
#7257 = VERTEX_POINT ( 'NONE', #4565 ) ;
#7258 = CARTESIAN_POINT ( 'NONE',  ( -1.000000000000000222, 0.2000000000000000111, 1.250000000000000444 ) ) ;
#7259 = DIRECTION ( 'NONE',  ( 0.000000000000000000, -1.000000000000000000, 0.000000000000000000 ) ) ;
#7260 = ORIENTED_EDGE ( 'NONE', *, *, #1511, .F. ) ;
#7261 = CARTESIAN_POINT ( 'NONE',  ( 0.000000000000000000, 0.1000000000000000056, 0.000000000000000000 ) ) ;
#7262 = LINE ( 'NONE', #6265, #5435 ) ;
#7263 = ORIENTED_EDGE ( 'NONE', *, *, #478, .T. ) ;
#7264 = ADVANCED_FACE ( 'NONE', ( #3862 ), #4527, .T. ) ;
#7265 = DIRECTION ( 'NONE',  ( -0.000000000000000000, -0.000000000000000000, -1.000000000000000000 ) ) ;
#7266 = DIRECTION ( 'NONE',  ( -1.000000000000000000, 0.000000000000000000, 1.084202172485505790E-16 ) ) ;
#7267 = ORIENTED_EDGE ( 'NONE', *, *, #1587, .F. ) ;
#7268 = EDGE_CURVE ( 'NONE', #4707, #6391, #1631, .T. ) ;
#7269 = CARTESIAN_POINT ( 'NONE',  ( -1.999999999999999556, 2.436067977499789983, -0.1499999999999999667 ) ) ;
#7270 = CARTESIAN_POINT ( 'NONE',  ( -1.500000000000000444, 0.2000000000000000111, -0.3750000000000002220 ) ) ;
#7271 = PLANE ( 'NONE',  #3070 ) ;
#7272 = VECTOR ( 'NONE', #7008, 1000.000000000000000 ) ;
#7273 = FACE_OUTER_BOUND ( 'NONE', #2391, .T. ) ;
#7274 = EDGE_LOOP ( 'NONE', ( #2885, #1227, #3991, #560 ) ) ;
#7275 = VECTOR ( 'NONE', #7208, 1000.000000000000000 ) ;
#7276 = DIRECTION ( 'NONE',  ( -1.000000000000000000, 0.000000000000000000, 0.000000000000000000 ) ) ;
#7277 = VECTOR ( 'NONE', #3822, 1000.000000000000000 ) ;
#7278 = CARTESIAN_POINT ( 'NONE',  ( -1.850000000000000311, 0.1000000000000000056, 1.349999999999999201 ) ) ;
#7279 = EDGE_CURVE ( 'NONE', #1922, #1924, #3278, .T. ) ;
#7280 = CARTESIAN_POINT ( 'NONE',  ( -1.250000000000000222, 0.04999999999999999584, 1.250000000000000444 ) ) ;
#7281 = EDGE_LOOP ( 'NONE', ( #3494, #6263, #2009, #6651, #5403, #7062 ) ) ;
#7282 = VECTOR ( 'NONE', #2968, 1000.000000000000000 ) ;
#7283 = ORIENTED_EDGE ( 'NONE', *, *, #1587, .T. ) ;
#7284 = ADVANCED_FACE ( 'NONE', ( #1053 ), #3391, .T. ) ;
#7285 = EDGE_LOOP ( 'NONE', ( #5156, #3251, #1899, #5752 ) ) ;
#7286 = UNCERTAINTY_MEASURE_WITH_UNIT (LENGTH_MEASURE( 1.000000000000000082E-05 ), #2920, 'distance_accuracy_value', 'NONE');
#7287 = CLOSED_SHELL ( 'NONE', ( #4109, #1004, #3727, #5663, #1504, #4446, #2983, #7331, #3318, #4401, #685, #1701 ) ) ;
#7288 = LINE ( 'NONE', #6100, #648 ) ;
#7289 = CARTESIAN_POINT ( 'NONE',  ( -1.999999999999999556, 2.436067977499789983, -1.350000000000000089 ) ) ;
#7290 = LINE ( 'NONE', #3141, #7619 ) ;
#7291 = ORIENTED_EDGE ( 'NONE', *, *, #1732, .T. ) ;
#7292 = DIRECTION ( 'NONE',  ( -1.000000000000000000, 0.000000000000000000, 0.000000000000000000 ) ) ;
#7293 = ORIENTED_EDGE ( 'NONE', *, *, #959, .T. ) ;
#7294 = VERTEX_POINT ( 'NONE', #5961 ) ;
#7295 = ORIENTED_EDGE ( 'NONE', *, *, #2273, .T. ) ;
#7296 = CYLINDRICAL_SURFACE ( 'NONE', #4614, 0.1499999999999999667 ) ;
#7297 = LINE ( 'NONE', #2008, #7131 ) ;
#7298 = ORIENTED_EDGE ( 'NONE', *, *, #6459, .F. ) ;
#7299 = CARTESIAN_POINT ( 'NONE',  ( 1.800000000000000266, 0.2000000000000000944, -1.750000000000000444 ) ) ;
#7300 = CARTESIAN_POINT ( 'NONE',  ( 2.000000000000000444, 0.1000000000000000056, 0.2000000000000000944 ) ) ;
#7301 = ORIENTED_EDGE ( 'NONE', *, *, #3193, .T. ) ;
#7302 = AXIS2_PLACEMENT_3D ( 'NONE', #6298, #1074, #2234 ) ;
#7303 = CARTESIAN_POINT ( 'NONE',  ( -1.999999999999999556, 0.1000000000000000056, 1.749999999999999556 ) ) ;
#7304 = ADVANCED_FACE ( 'NONE', ( #5882 ), #3618, .T. ) ;
#7305 = LINE ( 'NONE', #5576, #3740 ) ;
#7306 = ORIENTED_EDGE ( 'NONE', *, *, #6476, .F. ) ;
#7307 = EDGE_LOOP ( 'NONE', ( #6324, #6994, #4089, #2527, #2040, #3709 ) ) ;
#7308 = DIRECTION ( 'NONE',  ( 0.000000000000000000, -0.000000000000000000, 1.000000000000000000 ) ) ;
#7309 = CARTESIAN_POINT ( 'NONE',  ( -1.999999999999999556, 2.436067977499789983, 0.6749999999999991562 ) ) ;
#7310 = VECTOR ( 'NONE', #7403, 1000.000000000000000 ) ;
#7311 = DIRECTION ( 'NONE',  ( 0.000000000000000000, -1.000000000000000000, 0.000000000000000000 ) ) ;
#7312 = LINE ( 'NONE', #7077, #5553 ) ;
#7313 = EDGE_CURVE ( 'NONE', #7238, #5840, #6423, .T. ) ;
#7314 = ORIENTED_EDGE ( 'NONE', *, *, #4921, .F. ) ;
#7315 = EDGE_CURVE ( 'NONE', #165, #3677, #2320, .T. ) ;
#7316 = VECTOR ( 'NONE', #2521, 1000.000000000000000 ) ;
#7317 = LINE ( 'NONE', #5467, #3600 ) ;
#7318 = EDGE_CURVE ( 'NONE', #251, #4724, #7330, .T. ) ;
#7319 = LINE ( 'NONE', #4381, #3433 ) ;
#7320 = LINE ( 'NONE', #2381, #401 ) ;
#7321 = ORIENTED_EDGE ( 'NONE', *, *, #3527, .T. ) ;
#7322 = VECTOR ( 'NONE', #6278, 1000.000000000000000 ) ;
#7323 = ORIENTED_EDGE ( 'NONE', *, *, #5050, .F. ) ;
#7324 = ORIENTED_EDGE ( 'NONE', *, *, #2070, .T. ) ;
#7325 = DIRECTION ( 'NONE',  ( 1.000000000000000000, 0.000000000000000000, -8.673617379884035472E-16 ) ) ;
#7326 = CARTESIAN_POINT ( 'NONE',  ( -1.500000000000000222, 0.2000000000000000944, -1.149999999999999911 ) ) ;
#7327 = CARTESIAN_POINT ( 'NONE',  ( -1.500000000000000444, 0.000000000000000000, 0.3749999999999993339 ) ) ;
#7328 = ORIENTED_EDGE ( 'NONE', *, *, #946, .F. ) ;
#7329 = DIRECTION ( 'NONE',  ( 0.000000000000000000, 1.000000000000000000, 0.000000000000000000 ) ) ;
#7330 = CIRCLE ( 'NONE', #6597, 0.1499999999999999667 ) ;
#7331 = ADVANCED_FACE ( 'NONE', ( #2922 ), #5260, .T. ) ;
#7332 = ORIENTED_EDGE ( 'NONE', *, *, #6821, .F. ) ;
#7333 = ORIENTED_EDGE ( 'NONE', *, *, #1141, .F. ) ;
#7334 = EDGE_CURVE ( 'NONE', #5907, #7182, #5294, .T. ) ;
#7335 = VERTEX_POINT ( 'NONE', #3504 ) ;
#7336 = CARTESIAN_POINT ( 'NONE',  ( -1.999999999999999556, 0.1000000000000000056, 1.349999999999998979 ) ) ;
#7337 = LINE ( 'NONE', #2047, #5226 ) ;
#7338 = CARTESIAN_POINT ( 'NONE',  ( 1.399999999999999911, 0.2000000000000000111, -0.9500000000000002887 ) ) ;
#7339 = VERTEX_POINT ( 'NONE', #4051 ) ;
#7340 = LINE ( 'NONE', #267, #5320 ) ;
#7341 = CARTESIAN_POINT ( 'NONE',  ( 1.999999999999999556, 0.2000000000000000111, 0.9499999999999995115 ) ) ;
#7342 = ORIENTED_EDGE ( 'NONE', *, *, #2032, .T. ) ;
#7343 = CARTESIAN_POINT ( 'NONE',  ( -0.2000000000000005662, 0.2000000000000000111, -0.2000000000000000111 ) ) ;
#7344 = CARTESIAN_POINT ( 'NONE',  ( 0.2499999999999999445, 0.000000000000000000, 0.9499999999999995115 ) ) ;
#7345 = ORIENTED_EDGE ( 'NONE', *, *, #4546, .F. ) ;
#7346 = EDGE_CURVE ( 'NONE', #3120, #567, #1739, .T. ) ;
#7347 =( NAMED_UNIT ( * ) PLANE_ANGLE_UNIT ( ) SI_UNIT ( $, .RADIAN. ) );
#7348 = ORIENTED_EDGE ( 'NONE', *, *, #6372, .F. ) ;
#7349 = FACE_OUTER_BOUND ( 'NONE', #2808, .T. ) ;
#7350 = DIRECTION ( 'NONE',  ( -1.000000000000000000, -0.000000000000000000, -8.673617379884035472E-16 ) ) ;
#7351 = CARTESIAN_POINT ( 'NONE',  ( -1.500000000000000444, 2.436067977499789983, 0.3749999999999993339 ) ) ;
#7352 = EDGE_CURVE ( 'NONE', #2297, #7230, #7116, .T. ) ;
#7353 = FACE_OUTER_BOUND ( 'NONE', #1892, .T. ) ;
#7354 = DIRECTION ( 'NONE',  ( 0.000000000000000000, -1.000000000000000000, 0.000000000000000000 ) ) ;
#7355 = EDGE_CURVE ( 'NONE', #2473, #4861, #4, .T. ) ;
#7356 = ADVANCED_FACE ( 'NONE', ( #2356 ), #1812, .T. ) ;
#7357 = DIRECTION ( 'NONE',  ( 0.000000000000000000, -0.000000000000000000, 1.000000000000000000 ) ) ;
#7358 = CARTESIAN_POINT ( 'NONE',  ( 1.949999999999999734, 0.1000000000000000056, -1.699999999999999512 ) ) ;
#7359 = ORIENTED_EDGE ( 'NONE', *, *, #3178, .T. ) ;
#7360 = EDGE_CURVE ( 'NONE', #2615, #6, #4831, .T. ) ;
#7361 = VERTEX_POINT ( 'NONE', #1778 ) ;
#7362 = VERTEX_POINT ( 'NONE', #4673 ) ;
#7363 = FACE_OUTER_BOUND ( 'NONE', #5835, .T. ) ;
#7364 = CARTESIAN_POINT ( 'NONE',  ( -1.999999999999999556, 7.315072906367324990, -1.750000000000000444 ) ) ;
#7365 = CARTESIAN_POINT ( 'NONE',  ( -1.250000000000000222, 0.09999999999999982514, -1.250000000000001332 ) ) ;
#7366 = CLOSED_SHELL ( 'NONE', ( #1616, #3470, #56, #5173, #1480, #1253, #594, #7466 ) ) ;
#7367 = EDGE_LOOP ( 'NONE', ( #2644, #755, #5529, #209, #4817, #2364 ) ) ;
#7368 = DIRECTION ( 'NONE',  ( 0.000000000000000000, 1.000000000000000000, 0.000000000000000000 ) ) ;
#7369 = STYLED_ITEM ( 'NONE', ( #276 ), #4080 ) ;
#7370 = VERTEX_POINT ( 'NONE', #1700 ) ;
#7371 = ORIENTED_EDGE ( 'NONE', *, *, #4041, .T. ) ;
#7372 = VECTOR ( 'NONE', #7490, 1000.000000000000000 ) ;
#7373 = CARTESIAN_POINT ( 'NONE',  ( 1.800000000000000266, 0.2000000000000000111, 1.749999999999999556 ) ) ;
#7374 = PRESENTATION_LAYER_ASSIGNMENT (  '', '', ( #3654 ) ) ;
#7375 = CARTESIAN_POINT ( 'NONE',  ( -1.999999999999999556, 0.09999999999999982514, 0.9499999999999990674 ) ) ;
#7376 = DIRECTION ( 'NONE',  ( 1.000000000000000000, -0.000000000000000000, 0.000000000000000000 ) ) ;
#7377 = ORIENTED_EDGE ( 'NONE', *, *, #6000, .T. ) ;
#7378 = LINE ( 'NONE', #2010, #7544 ) ;
#7379 = LINE ( 'NONE', #2694, #521 ) ;
#7380 = EDGE_CURVE ( 'NONE', #3644, #2091, #6001, .T. ) ;
#7381 = LINE ( 'NONE', #6193, #2024 ) ;
#7382 = VECTOR ( 'NONE', #7019, 1000.000000000000000 ) ;
#7383 = DIRECTION ( 'NONE',  ( -1.000000000000000000, 0.000000000000000000, -0.000000000000000000 ) ) ;
#7384 = EDGE_LOOP ( 'NONE', ( #1972, #2055, #62, #6486 ) ) ;
#7385 = EDGE_CURVE ( 'NONE', #3812, #3670, #4129, .T. ) ;
#7386 = VECTOR ( 'NONE', #595, 1000.000000000000000 ) ;
#7387 = CARTESIAN_POINT ( 'NONE',  ( -1.850000000000000311, 0.000000000000000000, -1.350000000000000089 ) ) ;
#7388 = ORIENTED_EDGE ( 'NONE', *, *, #260, .F. ) ;
#7389 = DIRECTION ( 'NONE',  ( 0.000000000000000000, 0.000000000000000000, 1.000000000000000000 ) ) ;
#7390 = CARTESIAN_POINT ( 'NONE',  ( -1.999999999999999556, 0.1000000000000000056, 0.3749999999999992228 ) ) ;
#7391 = CARTESIAN_POINT ( 'NONE',  ( -1.250000000000000222, 2.436067977499789983, -1.749999999999999778 ) ) ;
#7392 = FACE_OUTER_BOUND ( 'NONE', #1583, .T. ) ;
#7393 = FACE_OUTER_BOUND ( 'NONE', #7255, .T. ) ;
#7394 = PRESENTATION_LAYER_ASSIGNMENT (  '', '', ( #3057 ) ) ;
#7395 = VECTOR ( 'NONE', #5622, 1000.000000000000000 ) ;
#7396 = CARTESIAN_POINT ( 'NONE',  ( -1.850000000000000311, 0.04999999999999999584, -1.350000000000000089 ) ) ;
#7397 = DIRECTION ( 'NONE',  ( 0.000000000000000000, 0.000000000000000000, 1.000000000000000000 ) ) ;
#7398 = ORIENTED_EDGE ( 'NONE', *, *, #5372, .T. ) ;
#7399 = ORIENTED_EDGE ( 'NONE', *, *, #1663, .F. ) ;
#7400 = VECTOR ( 'NONE', #5194, 1000.000000000000000 ) ;
#7401 = ORIENTED_EDGE ( 'NONE', *, *, #4880, .T. ) ;
#7402 = PLANE ( 'NONE',  #1889 ) ;
#7403 = DIRECTION ( 'NONE',  ( 1.000000000000000000, -0.000000000000000000, -1.807003620809175125E-16 ) ) ;
#7404 = FACE_OUTER_BOUND ( 'NONE', #1031, .T. ) ;
#7405 = ORIENTED_EDGE ( 'NONE', *, *, #1687, .T. ) ;
#7406 = PLANE ( 'NONE',  #3314 ) ;
#7407 = VECTOR ( 'NONE', #3011, 1000.000000000000000 ) ;
#7408 = AXIS2_PLACEMENT_3D ( 'NONE', #5020, #5533, #1545 ) ;
#7409 = AXIS2_PLACEMENT_3D ( 'NONE', #6650, #1348, #6573 ) ;
#7410 = ORIENTED_EDGE ( 'NONE', *, *, #5971, .F. ) ;
#7411 = ADVANCED_FACE ( 'NONE', ( #5332 ), #42, .F. ) ;
#7412 = CARTESIAN_POINT ( 'NONE',  ( 0.2499999999999999445, 0.2000000000000000111, -0.9500000000000003997 ) ) ;
#7413 = LINE ( 'NONE', #1540, #533 ) ;
#7414 = DIRECTION ( 'NONE',  ( 0.000000000000000000, -0.000000000000000000, 1.000000000000000000 ) ) ;
#7415 = ORIENTED_EDGE ( 'NONE', *, *, #4588, .F. ) ;
#7416 = CARTESIAN_POINT ( 'NONE',  ( 0.2500000000000000000, 0.1000000000000000056, -1.750000000000000444 ) ) ;
#7417 = DIRECTION ( 'NONE',  ( -0.000000000000000000, 0.000000000000000000, -1.000000000000000000 ) ) ;
#7418 = EDGE_CURVE ( 'NONE', #4121, #6714, #3579, .T. ) ;
#7419 = DIRECTION ( 'NONE',  ( 0.000000000000000000, 0.000000000000000000, 1.000000000000000000 ) ) ;
#7420 = SURFACE_SIDE_STYLE ('',( #4520 ) ) ;
#7421 = VERTEX_POINT ( 'NONE', #1857 ) ;
#7422 = EDGE_CURVE ( 'NONE', #2624, #853, #1279, .T. ) ;
#7423 = LINE ( 'NONE', #4006, #4529 ) ;
#7424 = VECTOR ( 'NONE', #4398, 1000.000000000000000 ) ;
#7425 = EDGE_LOOP ( 'NONE', ( #1098, #1108, #459, #4691 ) ) ;
#7426 = DIRECTION ( 'NONE',  ( 0.000000000000000000, 0.000000000000000000, 1.000000000000000000 ) ) ;
#7427 = CARTESIAN_POINT ( 'NONE',  ( -0.2000000000000005107, 0.2000000000000000111, 0.2000000000000000389 ) ) ;
#7428 = CARTESIAN_POINT ( 'NONE',  ( -1.500000000000000444, 0.000000000000000000, -0.6750000000000000444 ) ) ;
#7429 = AXIS2_PLACEMENT_3D ( 'NONE', #3261, #7368, #6682 ) ;
#7430 = CARTESIAN_POINT ( 'NONE',  ( 0.000000000000000000, 0.1000000000000000056, 0.000000000000000000 ) ) ;
#7431 = EDGE_CURVE ( 'NONE', #2033, #1627, #7305, .T. ) ;
#7432 = CARTESIAN_POINT ( 'NONE',  ( -1.500000000000000222, 0.2000000000000000111, 0.9499999999999990674 ) ) ;
#7433 = DIRECTION ( 'NONE',  ( -0.000000000000000000, -1.000000000000000000, -0.000000000000000000 ) ) ;
#7434 = EDGE_CURVE ( 'NONE', #3539, #573, #739, .T. ) ;
#7435 = VECTOR ( 'NONE', #1672, 1000.000000000000000 ) ;
#7436 = VECTOR ( 'NONE', #5743, 1000.000000000000000 ) ;
#7437 = LINE ( 'NONE', #5152, #6408 ) ;
#7438 = DIRECTION ( 'NONE',  ( 1.000000000000000000, 0.000000000000000000, -1.084202172485505790E-16 ) ) ;
#7439 = ORIENTED_EDGE ( 'NONE', *, *, #6781, .T. ) ;
#7440 = VECTOR ( 'NONE', #2836, 1000.000000000000000 ) ;
#7441 = EDGE_LOOP ( 'NONE', ( #2147, #3775, #1038, #1000, #6182, #1990 ) ) ;
#7442 = AXIS2_PLACEMENT_3D ( 'NONE', #1335, #2681, #880 ) ;
#7443 = VERTEX_POINT ( 'NONE', #193 ) ;
#7444 = DIRECTION ( 'NONE',  ( -0.000000000000000000, 0.000000000000000000, -1.000000000000000000 ) ) ;
#7445 = DIRECTION ( 'NONE',  ( 0.000000000000000000, 1.000000000000000000, 0.000000000000000000 ) ) ;
#7446 = EDGE_CURVE ( 'NONE', #535, #6358, #6194, .T. ) ;
#7447 = CARTESIAN_POINT ( 'NONE',  ( 1.800000000000000488, 0.2000000000000000111, 1.349999999999999645 ) ) ;
#7448 = AXIS2_PLACEMENT_3D ( 'NONE', #6245, #354, #3941 ) ;
#7449 = VERTEX_POINT ( 'NONE', #7195 ) ;
#7450 = PLANE ( 'NONE',  #4054 ) ;
#7451 = VECTOR ( 'NONE', #998, 1000.000000000000000 ) ;
#7452 = DIRECTION ( 'NONE',  ( 0.000000000000000000, -0.000000000000000000, 1.000000000000000000 ) ) ;
#7453 = SURFACE_STYLE_FILL_AREA ( #4476 ) ;
#7454 = DIRECTION ( 'NONE',  ( 0.000000000000000000, 0.000000000000000000, -1.000000000000000000 ) ) ;
#7455 = VERTEX_POINT ( 'NONE', #3124 ) ;
#7456 = DIRECTION ( 'NONE',  ( 0.000000000000000000, 1.000000000000000000, 0.000000000000000000 ) ) ;
#7457 = CARTESIAN_POINT ( 'NONE',  ( 1.999999999999999556, 0.2000000000000000944, -0.1999999999999999833 ) ) ;
#7458 = EDGE_CURVE ( 'NONE', #2914, #7557, #6119, .T. ) ;
#7459 = EDGE_CURVE ( 'NONE', #3847, #899, #4284, .T. ) ;
#7460 = FACE_OUTER_BOUND ( 'NONE', #3184, .T. ) ;
#7461 = DIRECTION ( 'NONE',  ( 0.000000000000000000, -1.000000000000000000, 0.000000000000000000 ) ) ;
#7462 = ORIENTED_EDGE ( 'NONE', *, *, #2506, .T. ) ;
#7463 =( NAMED_UNIT ( * ) SI_UNIT ( $, .STERADIAN. ) SOLID_ANGLE_UNIT ( ) );
#7464 = VECTOR ( 'NONE', #850, 1000.000000000000000 ) ;
#7465 = ORIENTED_EDGE ( 'NONE', *, *, #5359, .F. ) ;
#7466 = ADVANCED_FACE ( 'NONE', ( #1930 ), #6616, .F. ) ;
#7467 = DIRECTION ( 'NONE',  ( 0.000000000000000000, 0.000000000000000000, 1.000000000000000000 ) ) ;
#7468 = ORIENTED_EDGE ( 'NONE', *, *, #1122, .T. ) ;
#7469 = LINE ( 'NONE', #425, #2839 ) ;
#7470 = CARTESIAN_POINT ( 'NONE',  ( 1.399999999999999911, 0.2000000000000000944, 1.749999999999999556 ) ) ;
#7471 =( GEOMETRIC_REPRESENTATION_CONTEXT ( 3 ) GLOBAL_UNCERTAINTY_ASSIGNED_CONTEXT ( ( #799 ) ) GLOBAL_UNIT_ASSIGNED_CONTEXT ( ( #2204, #5760, #2952 ) ) REPRESENTATION_CONTEXT ( 'NONE', 'WORKASPACE' ) );
#7472 = CARTESIAN_POINT ( 'NONE',  ( -1.999999999999999556, 0.1000000000000000056, -0.3750000000000001110 ) ) ;
#7473 = DIRECTION ( 'NONE',  ( 5.421010862427522170E-16, 0.000000000000000000, -1.000000000000000000 ) ) ;
#7474 = LINE ( 'NONE', #980, #7272 ) ;
#7475 = EDGE_CURVE ( 'NONE', #7339, #1059, #309, .T. ) ;
#7476 = DIRECTION ( 'NONE',  ( 0.000000000000000000, 0.000000000000000000, 1.000000000000000000 ) ) ;
#7477 = CARTESIAN_POINT ( 'NONE',  ( -1.949999999999999734, 0.1000000000000000056, -1.350000000000000089 ) ) ;
#7478 = ORIENTED_EDGE ( 'NONE', *, *, #5075, .T. ) ;
#7479 = EDGE_CURVE ( 'NONE', #3274, #2879, #3655, .T. ) ;
#7480 = EDGE_CURVE ( 'NONE', #2603, #5715, #5496, .T. ) ;
#7481 = EDGE_LOOP ( 'NONE', ( #2075, #98, #4408, #7011 ) ) ;
#7482 = ORIENTED_EDGE ( 'NONE', *, *, #4168, .T. ) ;
#7483 = DIRECTION ( 'NONE',  ( 0.000000000000000000, 0.000000000000000000, -1.000000000000000000 ) ) ;
#7484 = LINE ( 'NONE', #2185, #6333 ) ;
#7485 = CARTESIAN_POINT ( 'NONE',  ( -1.250000000000000222, 2.436067977499789983, 1.749999999999998890 ) ) ;
#7486 = CARTESIAN_POINT ( 'NONE',  ( -0.2000000000000005662, 0.2000000000000000111, -0.2000000000000000111 ) ) ;
#7487 = ORIENTED_EDGE ( 'NONE', *, *, #5981, .T. ) ;
#7488 = EDGE_CURVE ( 'NONE', #1116, #7187, #3155, .T. ) ;
#7489 = CARTESIAN_POINT ( 'NONE',  ( 1.949999999999999734, 0.1000000000000000056, -1.699999999999999512 ) ) ;
#7490 = DIRECTION ( 'NONE',  ( -1.000000000000000000, -0.000000000000000000, -0.000000000000000000 ) ) ;
#7491 = ORIENTED_EDGE ( 'NONE', *, *, #5101, .F. ) ;
#7492 = CARTESIAN_POINT ( 'NONE',  ( -1.999999999999999556, 0.2000000000000000111, 1.349999999999999201 ) ) ;
#7493 = CARTESIAN_POINT ( 'NONE',  ( -1.999999999999999556, 0.1000000000000000056, -1.750000000000000444 ) ) ;
#7494 = CARTESIAN_POINT ( 'NONE',  ( 1.800000000000000488, 2.436067977499789983, 1.349999999999999645 ) ) ;
#7495 = DIRECTION ( 'NONE',  ( -1.000000000000000000, 0.000000000000000000, 0.000000000000000000 ) ) ;
#7496 = VECTOR ( 'NONE', #6570, 1000.000000000000000 ) ;
#7497 = ORIENTED_EDGE ( 'NONE', *, *, #4667, .T. ) ;
#7498 = ORIENTED_EDGE ( 'NONE', *, *, #2654, .T. ) ;
#7499 = CARTESIAN_POINT ( 'NONE',  ( -0.7500000000000001110, 0.2000000000000000944, 1.250000000000000444 ) ) ;
#7500 = ORIENTED_EDGE ( 'NONE', *, *, #1459, .F. ) ;
#7501 = CARTESIAN_POINT ( 'NONE',  ( -1.999999999999999556, 2.436067977499789983, -0.6750000000000000444 ) ) ;
#7502 = VECTOR ( 'NONE', #5393, 1000.000000000000000 ) ;
#7503 = LINE ( 'NONE', #5843, #6923 ) ;
#7504 = AXIS2_PLACEMENT_3D ( 'NONE', #7391, #4452, #6819 ) ;
#7505 = FACE_OUTER_BOUND ( 'NONE', #4192, .T. ) ;
#7506 = CARTESIAN_POINT ( 'NONE',  ( -1.949999999999999734, 0.000000000000000000, 0.6749999999999991562 ) ) ;
#7507 = VECTOR ( 'NONE', #6874, 1000.000000000000000 ) ;
#7508 = EDGE_CURVE ( 'NONE', #6219, #3366, #2585, .T. ) ;
#7509 = CARTESIAN_POINT ( 'NONE',  ( 1.399999999999999911, 0.2000000000000000111, -1.750000000000000444 ) ) ;
#7510 = FILL_AREA_STYLE_COLOUR ( '', #3928 ) ;
#7511 = FACE_OUTER_BOUND ( 'NONE', #1379, .T. ) ;
#7512 = DIRECTION ( 'NONE',  ( 0.000000000000000000, 0.000000000000000000, -1.000000000000000000 ) ) ;
#7513 = ORIENTED_EDGE ( 'NONE', *, *, #6496, .T. ) ;
#7514 = ORIENTED_EDGE ( 'NONE', *, *, #2949, .T. ) ;
#7515 = CARTESIAN_POINT ( 'NONE',  ( -1.850000000000000311, 0.2000000000000000944, -1.750000000000000444 ) ) ;
#7516 = CARTESIAN_POINT ( 'NONE',  ( -1.999999999999999556, 7.315072906367324990, 1.749999999999999556 ) ) ;
#7517 = EDGE_CURVE ( 'NONE', #6286, #2645, #156, .T. ) ;
#7518 = CARTESIAN_POINT ( 'NONE',  ( 0.000000000000000000, 0.1000000000000000056, 0.000000000000000000 ) ) ;
#7519 = PLANE ( 'NONE',  #5675 ) ;
#7520 = ORIENTED_EDGE ( 'NONE', *, *, #2329, .T. ) ;
#7521 = COLOUR_RGB ( '',0.7921568627450980005, 0.8196078431372548767, 0.9333333333333333481 ) ;
#7522 = FACE_OUTER_BOUND ( 'NONE', #6648, .T. ) ;
#7523 = VECTOR ( 'NONE', #231, 1000.000000000000000 ) ;
#7524 = DIRECTION ( 'NONE',  ( 0.000000000000000000, 0.000000000000000000, 1.000000000000000000 ) ) ;
#7525 = VECTOR ( 'NONE', #6909, 1000.000000000000000 ) ;
#7526 = LINE ( 'NONE', #2232, #2556 ) ;
#7527 = ORIENTED_EDGE ( 'NONE', *, *, #1793, .F. ) ;
#7528 = DIRECTION ( 'NONE',  ( -1.000000000000000000, 0.000000000000000000, -1.807003620809175125E-16 ) ) ;
#7529 = LINE ( 'NONE', #530, #3356 ) ;
#7530 = PLANE ( 'NONE',  #5306 ) ;
#7531 = VECTOR ( 'NONE', #5480, 1000.000000000000000 ) ;
#7532 = ORIENTED_EDGE ( 'NONE', *, *, #4466, .F. ) ;
#7533 = ORIENTED_EDGE ( 'NONE', *, *, #630, .T. ) ;
#7534 = EDGE_LOOP ( 'NONE', ( #2810, #7613, #7227, #2318 ) ) ;
#7535 = VECTOR ( 'NONE', #5541, 1000.000000000000000 ) ;
#7536 = CARTESIAN_POINT ( 'NONE',  ( -1.999999999999999556, 0.1000000000000000056, -1.750000000000000444 ) ) ;
#7537 = ORIENTED_EDGE ( 'NONE', *, *, #4351, .F. ) ;
#7538 = DIRECTION ( 'NONE',  ( 0.000000000000000000, 0.000000000000000000, 1.000000000000000000 ) ) ;
#7539 = EDGE_CURVE ( 'NONE', #5564, #7548, #7232, .T. ) ;
#7540 = CARTESIAN_POINT ( 'NONE',  ( 2.000000000000000444, 0.1000000000000000056, 1.749999999999999556 ) ) ;
#7541 = VERTEX_POINT ( 'NONE', #6653 ) ;
#7542 = CARTESIAN_POINT ( 'NONE',  ( 0.6500000000000000222, 0.2000000000000000111, -1.699999999999999512 ) ) ;
#7543 = DIRECTION ( 'NONE',  ( 0.000000000000000000, -1.000000000000000000, 0.000000000000000000 ) ) ;
#7544 = VECTOR ( 'NONE', #3189, 1000.000000000000000 ) ;
#7545 = CARTESIAN_POINT ( 'NONE',  ( 0.6500000000000000222, 0.000000000000000000, 0.9499999999999995115 ) ) ;
#7546 = CARTESIAN_POINT ( 'NONE',  ( -0.2000000000000005662, 2.436067977499789983, -0.2000000000000000111 ) ) ;
#7547 = CARTESIAN_POINT ( 'NONE',  ( -0.5000000000000001110, 2.436067977499789983, 1.699999999999999734 ) ) ;
#7548 = VERTEX_POINT ( 'NONE', #7344 ) ;
#7549 = ADVANCED_FACE ( 'NONE', ( #1352 ), #3694, .T. ) ;
#7550 = ADVANCED_FACE ( 'NONE', ( #1971 ), #4324, .F. ) ;
#7551 = VECTOR ( 'NONE', #1420, 1000.000000000000000 ) ;
#7552 = ORIENTED_EDGE ( 'NONE', *, *, #6411, .F. ) ;
#7553 = DIRECTION ( 'NONE',  ( 0.000000000000000000, 1.000000000000000000, 0.000000000000000000 ) ) ;
#7554 = EDGE_CURVE ( 'NONE', #4260, #5121, #4367, .T. ) ;
#7555 = CARTESIAN_POINT ( 'NONE',  ( 1.626303258728256651E-17, 0.05000000000000000278, 0.1499999999999998002 ) ) ;
#7556 = DIRECTION ( 'NONE',  ( -0.000000000000000000, -1.000000000000000000, -0.000000000000000000 ) ) ;
#7557 = VERTEX_POINT ( 'NONE', #2054 ) ;
#7558 = VECTOR ( 'NONE', #4723, 1000.000000000000000 ) ;
#7559 = AXIS2_PLACEMENT_3D ( 'NONE', #326, #2682, #177 ) ;
#7560 = CARTESIAN_POINT ( 'NONE',  ( 0.2499999999999999445, 0.2000000000000000111, 1.699999999999999734 ) ) ;
#7561 = AXIS2_PLACEMENT_3D ( 'NONE', #3022, #6436, #7058 ) ;
#7562 = CARTESIAN_POINT ( 'NONE',  ( 0.6500000000000000222, 0.2000000000000000944, -1.750000000000000444 ) ) ;
#7563 = CARTESIAN_POINT ( 'NONE',  ( -1.999999999999999556, 0.2000000000000000111, 0.9499999999999990674 ) ) ;
#7564 = ORIENTED_EDGE ( 'NONE', *, *, #1168, .F. ) ;
#7565 = DIRECTION ( 'NONE',  ( 1.000000000000000000, 0.000000000000000000, 0.000000000000000000 ) ) ;
#7566 = CARTESIAN_POINT ( 'NONE',  ( 1.949999999999999734, 0.000000000000000000, -0.9500000000000003997 ) ) ;
#7567 = DIRECTION ( 'NONE',  ( 1.000000000000000000, -0.000000000000000000, 0.000000000000000000 ) ) ;
#7568 = EDGE_CURVE ( 'NONE', #3648, #5821, #4404, .T. ) ;
#7569 = VERTEX_POINT ( 'NONE', #3815 ) ;
#7570 = ORIENTED_EDGE ( 'NONE', *, *, #432, .T. ) ;
#7571 = VERTEX_POINT ( 'NONE', #6812 ) ;
#7572 = CARTESIAN_POINT ( 'NONE',  ( 1.999999999999999556, 2.436067977499789983, 0.9499999999999995115 ) ) ;
#7573 = ORIENTED_EDGE ( 'NONE', *, *, #5680, .F. ) ;
#7574 = PLANE ( 'NONE',  #2117 ) ;
#7575 = DIRECTION ( 'NONE',  ( -0.000000000000000000, 0.000000000000000000, 1.000000000000000000 ) ) ;
#7576 = ORIENTED_EDGE ( 'NONE', *, *, #3880, .T. ) ;
#7577 = SURFACE_SIDE_STYLE ('',( #2355 ) ) ;
#7578 = AXIS2_PLACEMENT_3D ( 'NONE', #4987, #2015, #2547 ) ;
#7579 = EDGE_CURVE ( 'NONE', #83, #4791, #1045, .T. ) ;
#7580 = CARTESIAN_POINT ( 'NONE',  ( -1.250000000000000222, 0.05000000000000000278, 0.000000000000000000 ) ) ;
#7581 = EDGE_CURVE ( 'NONE', #3340, #6063, #934, .T. ) ;
#7582 = FACE_OUTER_BOUND ( 'NONE', #6269, .T. ) ;
#7583 = LINE ( 'NONE', #3361, #3308 ) ;
#7584 = LINE ( 'NONE', #1165, #2097 ) ;
#7585 = FACE_OUTER_BOUND ( 'NONE', #5107, .T. ) ;
#7586 = ORIENTED_EDGE ( 'NONE', *, *, #228, .F. ) ;
#7587 = ORIENTED_EDGE ( 'NONE', *, *, #4560, .F. ) ;
#7588 = CARTESIAN_POINT ( 'NONE',  ( 0.000000000000000000, 0.1000000000000000056, 0.000000000000000000 ) ) ;
#7589 = EDGE_CURVE ( 'NONE', #4340, #4431, #5723, .T. ) ;
#7590 = DIRECTION ( 'NONE',  ( 0.000000000000000000, -0.000000000000000000, 1.000000000000000000 ) ) ;
#7591 = CARTESIAN_POINT ( 'NONE',  ( -1.949999999999999734, 0.1000000000000000056, -0.1499999999999999667 ) ) ;
#7592 = EDGE_LOOP ( 'NONE', ( #4049, #5747, #2203, #757 ) ) ;
#7593 = CARTESIAN_POINT ( 'NONE',  ( -1.500000000000000222, 0.1000000000000000056, 1.749999999999999556 ) ) ;
#7594 = EDGE_CURVE ( 'NONE', #5285, #4260, #1623, .T. ) ;
#7595 = CARTESIAN_POINT ( 'NONE',  ( -1.500000000000000222, 2.436067977499789983, 0.9499999999999990674 ) ) ;
#7596 = PLANE ( 'NONE',  #579 ) ;
#7597 = ORIENTED_EDGE ( 'NONE', *, *, #6326, .F. ) ;
#7598 = CARTESIAN_POINT ( 'NONE',  ( -1.000000000000000222, 0.2000000000000000944, 1.250000000000000444 ) ) ;
#7599 = DIRECTION ( 'NONE',  ( -0.000000000000000000, -1.000000000000000000, -0.000000000000000000 ) ) ;
#7600 = FACE_OUTER_BOUND ( 'NONE', #2001, .T. ) ;
#7601 = ORIENTED_EDGE ( 'NONE', *, *, #6978, .F. ) ;
#7602 = VERTEX_POINT ( 'NONE', #4594 ) ;
#7603 = ORIENTED_EDGE ( 'NONE', *, *, #5424, .T. ) ;
#7604 = DIRECTION ( 'NONE',  ( 0.000000000000000000, 1.000000000000000000, 0.000000000000000000 ) ) ;
#7605 = ORIENTED_EDGE ( 'NONE', *, *, #6852, .F. ) ;
#7606 = CARTESIAN_POINT ( 'NONE',  ( -1.850000000000000311, 0.04999999999999999584, 1.349999999999999201 ) ) ;
#7607 = EDGE_CURVE ( 'NONE', #437, #5445, #4486, .T. ) ;
#7608 = DIRECTION ( 'NONE',  ( 0.000000000000000000, -0.000000000000000000, 1.000000000000000000 ) ) ;
#7609 = ORIENTED_EDGE ( 'NONE', *, *, #7029, .F. ) ;
#7610 = DIRECTION ( 'NONE',  ( 0.000000000000000000, 0.000000000000000000, 1.000000000000000000 ) ) ;
#7611 = EDGE_CURVE ( 'NONE', #1353, #2686, #344, .T. ) ;
#7612 = DIRECTION ( 'NONE',  ( -0.000000000000000000, 1.000000000000000000, 0.000000000000000000 ) ) ;
#7613 = ORIENTED_EDGE ( 'NONE', *, *, #147, .F. ) ;
#7614 = AXIS2_PLACEMENT_3D ( 'NONE', #7627, #6519, #6988 ) ;
#7615 = PLANE ( 'NONE',  #1526 ) ;
#7616 = DIRECTION ( 'NONE',  ( -1.000000000000000000, 0.000000000000000000, 0.000000000000000000 ) ) ;
#7617 = DIRECTION ( 'NONE',  ( 0.000000000000000000, 0.000000000000000000, 1.000000000000000000 ) ) ;
#7618 = VERTEX_POINT ( 'NONE', #3348 ) ;
#7619 = VECTOR ( 'NONE', #3179, 1000.000000000000000 ) ;
#7620 = ORIENTED_EDGE ( 'NONE', *, *, #7446, .F. ) ;
#7621 = FACE_OUTER_BOUND ( 'NONE', #2233, .T. ) ;
#7622 = LINE ( 'NONE', #552, #641 ) ;
#7623 = DIRECTION ( 'NONE',  ( 0.000000000000000000, -1.000000000000000000, 0.000000000000000000 ) ) ;
#7624 = ORIENTED_EDGE ( 'NONE', *, *, #4482, .F. ) ;
#7625 = LINE ( 'NONE', #4854, #5408 ) ;
#7626 = FACE_OUTER_BOUND ( 'NONE', #5838, .T. ) ;
#7627 = CARTESIAN_POINT ( 'NONE',  ( -1.250000000000000222, 2.436067977499789983, -1.250000000000001332 ) ) ;
#7628 = VECTOR ( 'NONE', #5292, 1000.000000000000000 ) ;
#7629 = VERTEX_POINT ( 'NONE', #3967 ) ;
#7630 = LINE ( 'NONE', #6025, #2124 ) ;
#7631 = CARTESIAN_POINT ( 'NONE',  ( 1.949999999999999734, 0.1000000000000000056, 1.699999999999999734 ) ) ;
#7632 = DIRECTION ( 'NONE',  ( 0.000000000000000000, -1.000000000000000000, 0.000000000000000000 ) ) ;
#7633 = EDGE_CURVE ( 'NONE', #3756, #1968, #2736, .T. ) ;
#7634 = EDGE_CURVE ( 'NONE', #2603, #3465, #2776, .T. ) ;
#7635 = ORIENTED_EDGE ( 'NONE', *, *, #1406, .F. ) ;
#7636 = ORIENTED_EDGE ( 'NONE', *, *, #5042, .T. ) ;
#7637 = VECTOR ( 'NONE', #5508, 1000.000000000000000 ) ;
#7638 = EDGE_LOOP ( 'NONE', ( #2304, #4002, #2293, #1006 ) ) ;
#7639 = DIRECTION ( 'NONE',  ( -0.000000000000000000, 0.000000000000000000, -1.000000000000000000 ) ) ;
#7640 = ADVANCED_FACE ( 'NONE', ( #6268 ), #1582, .F. ) ;
#7641 = VECTOR ( 'NONE', #5998, 1000.000000000000000 ) ;
#7642 = ORIENTED_EDGE ( 'NONE', *, *, #2863, .F. ) ;
#7643 = FACE_OUTER_BOUND ( 'NONE', #3111, .T. ) ;
#7644 = LINE ( 'NONE', #4126, #989 ) ;
#7645 = EDGE_LOOP ( 'NONE', ( #528, #91, #5364, #2385 ) ) ;
ENDSEC;
END-ISO-10303-21;
